year_month;community;zone;is_freehold;secondary_price_per_sqft_usd;secondary_price_per_m2_usd;offplan_price_per_sqft_usd;rental_price_per_sqft_annual_usd;n_listings_secondary;n_listings_offplan;n_listings_rental;cbuae_base_rate_pct;avg_mortgage_rate_pct
2020-01;Palm Jumeirah;Palm Jumeirah;TRUE;662;7126;31,33;43;26;72;111;0,05;03.00
2020-02;Palm Jumeirah;Palm Jumeirah;TRUE;666;7167;30,33;43;64;78;45;01.05;03.00
2020-03;Palm Jumeirah;Palm Jumeirah;TRUE;703;7564;31,75;46;144;71;99;01.05;03.00
2020-04;Palm Jumeirah;Palm Jumeirah;TRUE;651;7002;30,29;42;146;69;14;00.04;01.09
2020-05;Palm Jumeirah;Palm Jumeirah;TRUE;637;6852;28,17;41;147;28;83;00.04;01.09
2020-06;Palm Jumeirah;Palm Jumeirah;TRUE;659;7095;30,38;43;16;78;60;00.04;01.09
2020-07;Palm Jumeirah;Palm Jumeirah;TRUE;619;6663;28,88;40;116;51;33;00.04;01.09
2020-08;Palm Jumeirah;Palm Jumeirah;TRUE;645;6943;30,29;42;94;34;35;00.04;01.09
2020-09;Palm Jumeirah;Palm Jumeirah;TRUE;660;7101;29,67;43;43;40;13;00.04;01.09
2020-10;Palm Jumeirah;Palm Jumeirah;TRUE;619;6667;27,38;40;35;49;82;00.04;01.09
2020-11;Palm Jumeirah;Palm Jumeirah;TRUE;651;7011;29,25;42;163;48;52;00.04;01.09
2020-12;Palm Jumeirah;Palm Jumeirah;TRUE;675;7269;30,00;44;50;17;26;00.04;01.09
2021-01;Palm Jumeirah;Palm Jumeirah;TRUE;682;7337;30,67;44;106;61;16;00.04;01.09
2021-02;Palm Jumeirah;Palm Jumeirah;TRUE;654;7040;29,71;43;171;8;77;00.04;01.09
2021-03;Palm Jumeirah;Palm Jumeirah;TRUE;681;7331;32,21;44;178;42;28;00.04;01.09
2021-04;Palm Jumeirah;Palm Jumeirah;TRUE;693;7460;33,63;45;134;56;34;00.04;01.09
2021-05;Palm Jumeirah;Palm Jumeirah;TRUE;687;7395;32,88;45;111;64;54;00.04;01.09
2021-06;Palm Jumeirah;Palm Jumeirah;TRUE;733;7893;34,33;48;112;45;117;00.04;01.09
2021-07;Palm Jumeirah;Palm Jumeirah;TRUE;688;7403;31,08;45;79;27;39;00.04;01.09
2021-08;Palm Jumeirah;Palm Jumeirah;TRUE;717;7719;33,13;47;122;59;30;00.04;01.09
2021-09;Palm Jumeirah;Palm Jumeirah;TRUE;770;8287;34,79;50;34;71;48;00.04;01.09
2021-10;Palm Jumeirah;Palm Jumeirah;TRUE;757;8150;34,54;49;95;19;53;00.04;01.09
2021-11;Palm Jumeirah;Palm Jumeirah;TRUE;769;8278;35,71;50;17;66;87;00.04;01.09
2021-12;Palm Jumeirah;Palm Jumeirah;TRUE;796;8568;36,33;52;73;32;87;00.04;01.09
2022-01;Palm Jumeirah;Palm Jumeirah;TRUE;825;8878;36,79;54;104;54;69;00.04;01.09
2022-02;Palm Jumeirah;Palm Jumeirah;TRUE;867;9328;39,04;56;139;17;37;00.04;01.09
2022-03;Palm Jumeirah;Palm Jumeirah;TRUE;820;8825;39,46;53;107;18;82;00.04;01.09
2022-04;Palm Jumeirah;Palm Jumeirah;TRUE;892;9601;42,63;58;150;16;32;01.04;02.09
2022-05;Palm Jumeirah;Palm Jumeirah;TRUE;908;9775;42,83;59;153;43;110;01.04;02.09
2022-06;Palm Jumeirah;Palm Jumeirah;TRUE;856;9218;39,33;56;144;15;51;01.04;02.09
2022-07;Palm Jumeirah;Palm Jumeirah;TRUE;952;10252;44,88;62;113;56;52;01.04;02.09
2022-08;Palm Jumeirah;Palm Jumeirah;TRUE;964;10380;44,67;63;27;39;119;01.04;02.09
2022-09;Palm Jumeirah;Palm Jumeirah;TRUE;984;10589;45,33;64;64;18;80;01.04;02.09
2022-10;Palm Jumeirah;Palm Jumeirah;TRUE;987;10626;45,13;64;165;47;91;04.04;05.09
2022-11;Palm Jumeirah;Palm Jumeirah;TRUE;1038;11173;46,96;67;93;51;70;04.04;05.09
2022-12;Palm Jumeirah;Palm Jumeirah;TRUE;1010;10875;45,58;66;67;10;26;04.04;05.09
2023-01;Palm Jumeirah;Palm Jumeirah;TRUE;1026;11043;46,79;67;119;65;93;04.04;05.09
2023-02;Palm Jumeirah;Palm Jumeirah;TRUE;1025;11029;48,63;67;44;31;107;04.04;05.09
2023-03;Palm Jumeirah;Palm Jumeirah;TRUE;1062;11427;49,13;69;56;50;12;04.04;05.09
2023-04;Palm Jumeirah;Palm Jumeirah;TRUE;1041;11205;47,58;68;28;37;26;04.04;05.09
2023-05;Palm Jumeirah;Palm Jumeirah;TRUE;1115;12000;50,17;72;35;37;50;04.04;05.09
2023-06;Palm Jumeirah;Palm Jumeirah;TRUE;1104;11885;50,42;72;69;50;65;04.04;05.09
2023-07;Palm Jumeirah;Palm Jumeirah;TRUE;1101;11846;49,00;72;21;37;69;05.04;06.09
2023-08;Palm Jumeirah;Palm Jumeirah;TRUE;1160;12491;53,58;75;110;22;35;05.04;06.09
2023-09;Palm Jumeirah;Palm Jumeirah;TRUE;1135;12213;52,38;74;158;22;10;05.04;06.09
2023-10;Palm Jumeirah;Palm Jumeirah;TRUE;1177;12668;53,13;77;113;58;82;05.04;06.09
2023-11;Palm Jumeirah;Palm Jumeirah;TRUE;1161;12497;54,92;75;159;61;93;05.04;06.09
2023-12;Palm Jumeirah;Palm Jumeirah;TRUE;1223;13165;55,79;80;88;28;103;05.04;06.09
2024-01;Palm Jumeirah;Palm Jumeirah;TRUE;1191;12819;56,88;77;28;49;15;05.04;06.09
2024-02;Palm Jumeirah;Palm Jumeirah;TRUE;1163;12516;53,29;76;116;9;22;05.04;06.09
2024-03;Palm Jumeirah;Palm Jumeirah;TRUE;1194;12855;54,29;78;68;58;56;05.04;06.09
2024-04;Palm Jumeirah;Palm Jumeirah;TRUE;1177;12668;52,17;76;106;58;104;05.04;06.09
2024-05;Palm Jumeirah;Palm Jumeirah;TRUE;1193;12836;53,92;78;102;56;100;05.04;06.09
2024-06;Palm Jumeirah;Palm Jumeirah;TRUE;1165;12536;51,50;76;83;57;104;05.04;06.09
2024-07;Palm Jumeirah;Palm Jumeirah;TRUE;1133;12194;50,63;74;66;34;76;0,211805556;06.15
2024-08;Palm Jumeirah;Palm Jumeirah;TRUE;1186;12765;57,83;77;34;6;13;0,211805556;06.15
2024-09;Palm Jumeirah;Palm Jumeirah;TRUE;1149;12367;52,88;75;111;59;99;0,211805556;06.15
2024-10;Palm Jumeirah;Palm Jumeirah;TRUE;1169;12581;53,42;76;159;63;58;0,211805556;06.15
2024-11;Palm Jumeirah;Palm Jumeirah;TRUE;1127;12134;50,58;73;151;50;43;0,211805556;06.15
2024-12;Palm Jumeirah;Palm Jumeirah;TRUE;1130;12167;50,96;73;91;64;95;0,211805556;06.15
2025-01;Palm Jumeirah;Palm Jumeirah;TRUE;1207;12989;55,71;78;42;39;77;0,211805556;06.15
2025-02;Palm Jumeirah;Palm Jumeirah;TRUE;1146;12332;50,88;74;70;72;108;0,211805556;06.15
2025-03;Palm Jumeirah;Palm Jumeirah;TRUE;1164;12527;52,17;76;94;24;10;0,211805556;06.15
2025-04;Palm Jumeirah;Palm Jumeirah;TRUE;1138;12251;52,42;74;16;59;37;0,211805556;06.15
2025-05;Palm Jumeirah;Palm Jumeirah;TRUE;1125;12107;52,13;73;124;10;36;0,211805556;06.15
2025-06;Palm Jumeirah;Palm Jumeirah;TRUE;1174;12633;50,58;76;33;50;37;0,211805556;06.15
2025-07;Palm Jumeirah;Palm Jumeirah;TRUE;1119;12046;51,83;73;50;52;89;04.00;05.05
2025-08;Palm Jumeirah;Palm Jumeirah;TRUE;1147;12344;53,96;75;172;50;105;04.00;05.05
2025-09;Palm Jumeirah;Palm Jumeirah;TRUE;1182;12726;52,58;77;99;18;18;04.00;05.05
2025-10;Palm Jumeirah;Palm Jumeirah;TRUE;1211;13034;56,63;79;45;19;43;04.00;05.05
2025-11;Palm Jumeirah;Palm Jumeirah;TRUE;1148;12359;52,96;75;125;58;54;04.00;05.05
2025-12;Palm Jumeirah;Palm Jumeirah;TRUE;1128;12145;52,29;73;124;12;117;04.00;05.05
2026-01;Palm Jumeirah;Palm Jumeirah;TRUE;1156;12439;52,75;75;89;32;27;04.00;05.05
2026-02;Palm Jumeirah;Palm Jumeirah;TRUE;1171;12603;54,71;76;42;56;49;04.00;05.05
2026-03;Palm Jumeirah;Palm Jumeirah;TRUE;1185;12753;54,00;77;159;36;93;04.00;05.05
2026-04;Palm Jumeirah;Palm Jumeirah;TRUE;1202;12939;56,13;78;147;78;26;04.00;05.05
2020-01;Jumeirah Bay Island;Jumeirah;TRUE;989;10648;43,42;64;100;17;66;01.05;03.00
2020-02;Jumeirah Bay Island;Jumeirah;TRUE;951;10237;42,46;62;106;73;39;01.05;03.00
2020-03;Jumeirah Bay Island;Jumeirah;TRUE;1009;10862;47,04;66;91;69;43;01.05;03.00
2020-04;Jumeirah Bay Island;Jumeirah;TRUE;996;10720;46,00;65;130;14;28;00.04;01.09
2020-05;Jumeirah Bay Island;Jumeirah;TRUE;923;9938;41,50;60;86;76;44;00.04;01.09
2020-06;Jumeirah Bay Island;Jumeirah;TRUE;922;9926;41,17;60;115;60;34;00.04;01.09
2020-07;Jumeirah Bay Island;Jumeirah;TRUE;940;10117;44,67;61;71;30;11;00.04;01.09
2020-08;Jumeirah Bay Island;Jumeirah;TRUE;942;10139;43,79;61;63;5;24;00.04;01.09
2020-09;Jumeirah Bay Island;Jumeirah;TRUE;909;9781;40,33;59;149;77;97;00.04;01.09
2020-10;Jumeirah Bay Island;Jumeirah;TRUE;894;9620;41,71;58;157;55;91;00.04;01.09
2020-11;Jumeirah Bay Island;Jumeirah;TRUE;954;10274;41,79;62;121;15;99;00.04;01.09
2020-12;Jumeirah Bay Island;Jumeirah;TRUE;957;10299;42,75;62;95;17;94;00.04;01.09
2021-01;Jumeirah Bay Island;Jumeirah;TRUE;953;10263;43,21;62;119;22;100;00.04;01.09
2021-02;Jumeirah Bay Island;Jumeirah;TRUE;1041;11206;45,83;68;32;61;104;00.04;01.09
2021-03;Jumeirah Bay Island;Jumeirah;TRUE;973;10476;45,21;63;113;43;64;00.04;01.09
2021-04;Jumeirah Bay Island;Jumeirah;TRUE;1011;10882;48,08;66;45;64;110;00.04;01.09
2021-05;Jumeirah Bay Island;Jumeirah;TRUE;1029;11071;47,13;67;123;24;44;00.04;01.09
2021-06;Jumeirah Bay Island;Jumeirah;TRUE;1023;11016;46,96;67;64;38;46;00.04;01.09
2021-07;Jumeirah Bay Island;Jumeirah;TRUE;1063;11438;50,17;69;35;52;64;00.04;01.09
2021-08;Jumeirah Bay Island;Jumeirah;TRUE;1115;12001;53,04;72;62;69;85;00.04;01.09
2021-09;Jumeirah Bay Island;Jumeirah;TRUE;1101;11854;49,04;72;84;22;110;00.04;01.09
2021-10;Jumeirah Bay Island;Jumeirah;TRUE;1103;11877;51,79;72;15;13;105;00.04;01.09
2021-11;Jumeirah Bay Island;Jumeirah;TRUE;1069;11508;49,71;69;26;44;38;00.04;01.09
2021-12;Jumeirah Bay Island;Jumeirah;TRUE;1141;12278;53,33;74;80;10;74;00.04;01.09
2022-01;Jumeirah Bay Island;Jumeirah;TRUE;1179;12688;52,54;77;167;58;90;00.04;01.09
2022-02;Jumeirah Bay Island;Jumeirah;TRUE;1262;13586;56,75;82;77;51;24;00.04;01.09
2022-03;Jumeirah Bay Island;Jumeirah;TRUE;1306;14062;61,63;85;158;59;20;00.04;01.09
2022-04;Jumeirah Bay Island;Jumeirah;TRUE;1319;14198;60,25;86;121;32;71;01.04;02.09
2022-05;Jumeirah Bay Island;Jumeirah;TRUE;1303;14021;57,75;85;38;51;113;01.04;02.09
2022-06;Jumeirah Bay Island;Jumeirah;TRUE;1361;14655;62,29;88;134;74;87;01.04;02.09
2022-07;Jumeirah Bay Island;Jumeirah;TRUE;1317;14180;60,46;86;171;13;98;01.04;02.09
2022-08;Jumeirah Bay Island;Jumeirah;TRUE;1466;15783;68,42;95;95;72;90;01.04;02.09
2022-09;Jumeirah Bay Island;Jumeirah;TRUE;1461;15722;64,75;95;41;79;25;01.04;02.09
2022-10;Jumeirah Bay Island;Jumeirah;TRUE;1462;15734;65,21;95;28;59;25;04.04;05.09
2022-11;Jumeirah Bay Island;Jumeirah;TRUE;1484;15973;66,17;96;176;13;106;04.04;05.09
2022-12;Jumeirah Bay Island;Jumeirah;TRUE;1469;15816;68,63;96;88;26;78;04.04;05.09
2023-01;Jumeirah Bay Island;Jumeirah;TRUE;1499;16139;70,13;97;177;35;108;04.04;05.09
2023-02;Jumeirah Bay Island;Jumeirah;TRUE;1553;16717;71,71;101;26;10;66;04.04;05.09
2023-03;Jumeirah Bay Island;Jumeirah;TRUE;1577;16972;71,00;102;21;9;48;04.04;05.09
2023-04;Jumeirah Bay Island;Jumeirah;TRUE;1640;17657;76,96;107;170;62;99;04.04;05.09
2023-05;Jumeirah Bay Island;Jumeirah;TRUE;1540;16573;70,58;100;130;49;40;04.04;05.09
2023-06;Jumeirah Bay Island;Jumeirah;TRUE;1619;17432;76,29;105;96;27;79;04.04;05.09
2023-07;Jumeirah Bay Island;Jumeirah;TRUE;1696;18251;75,54;110;146;79;99;05.04;06.09
2023-08;Jumeirah Bay Island;Jumeirah;TRUE;1699;18285;80,54;110;46;20;106;05.04;06.09
2023-09;Jumeirah Bay Island;Jumeirah;TRUE;1721;18522;78,46;112;145;18;90;05.04;06.09
2023-10;Jumeirah Bay Island;Jumeirah;TRUE;1777;19129;80,88;116;32;25;30;05.04;06.09
2023-11;Jumeirah Bay Island;Jumeirah;TRUE;1721;18521;78,79;112;104;53;50;05.04;06.09
2023-12;Jumeirah Bay Island;Jumeirah;TRUE;1686;18147;79,96;110;26;22;58;05.04;06.09
2024-01;Jumeirah Bay Island;Jumeirah;TRUE;1749;18822;81,83;114;51;9;21;05.04;06.09
2024-02;Jumeirah Bay Island;Jumeirah;TRUE;1752;18863;84,38;114;102;29;103;05.04;06.09
2024-03;Jumeirah Bay Island;Jumeirah;TRUE;1706;18361;77,83;111;105;52;116;05.04;06.09
2024-04;Jumeirah Bay Island;Jumeirah;TRUE;1694;18238;77,33;110;125;17;39;05.04;06.09
2024-05;Jumeirah Bay Island;Jumeirah;TRUE;1698;18276;77,58;110;173;48;105;05.04;06.09
2024-06;Jumeirah Bay Island;Jumeirah;TRUE;1741;18737;78,00;113;25;8;113;05.04;06.09
2024-07;Jumeirah Bay Island;Jumeirah;TRUE;1649;17754;72,83;107;124;34;56;0,211805556;06.15
2024-08;Jumeirah Bay Island;Jumeirah;TRUE;1667;17941;76,00;108;73;70;61;0,211805556;06.15
2024-09;Jumeirah Bay Island;Jumeirah;TRUE;1655;17814;75,38;108;33;72;117;0,211805556;06.15
2024-10;Jumeirah Bay Island;Jumeirah;TRUE;1680;18086;74,33;109;104;17;106;0,211805556;06.15
2024-11;Jumeirah Bay Island;Jumeirah;TRUE;1682;18108;78,46;109;85;60;80;0,211805556;06.15
2024-12;Jumeirah Bay Island;Jumeirah;TRUE;1701;18307;79,08;111;148;8;11;0,211805556;06.15
2025-01;Jumeirah Bay Island;Jumeirah;TRUE;1700;18300;79,71;111;125;67;40;0,211805556;06.15
2025-02;Jumeirah Bay Island;Jumeirah;TRUE;1670;17975;76,17;109;126;23;106;0,211805556;06.15
2025-03;Jumeirah Bay Island;Jumeirah;TRUE;1721;18527;78,92;112;144;66;68;0,211805556;06.15
2025-04;Jumeirah Bay Island;Jumeirah;TRUE;1640;17657;72,13;107;132;15;87;0,211805556;06.15
2025-05;Jumeirah Bay Island;Jumeirah;TRUE;1769;19037;79,25;115;61;49;28;0,211805556;06.15
2025-06;Jumeirah Bay Island;Jumeirah;TRUE;1691;18197;77,17;110;140;49;63;0,211805556;06.15
2025-07;Jumeirah Bay Island;Jumeirah;TRUE;1658;17847;76,67;108;125;13;110;04.00;05.05
2025-08;Jumeirah Bay Island;Jumeirah;TRUE;1651;17769;77,17;107;85;25;108;04.00;05.05
2025-09;Jumeirah Bay Island;Jumeirah;TRUE;1603;17250;73,46;104;161;16;35;04.00;05.05
2025-10;Jumeirah Bay Island;Jumeirah;TRUE;1704;18345;79,42;111;28;18;80;04.00;05.05
2025-11;Jumeirah Bay Island;Jumeirah;TRUE;1627;17514;73,88;106;79;48;114;04.00;05.05
2025-12;Jumeirah Bay Island;Jumeirah;TRUE;1721;18523;80,21;112;166;17;76;04.00;05.05
2026-01;Jumeirah Bay Island;Jumeirah;TRUE;1698;18274;76,38;110;143;15;47;04.00;05.05
2026-02;Jumeirah Bay Island;Jumeirah;TRUE;1641;17666;75,21;107;149;44;25;04.00;05.05
2026-03;Jumeirah Bay Island;Jumeirah;TRUE;1685;18139;75,96;110;157;29;62;04.00;05.05
2026-04;Jumeirah Bay Island;Jumeirah;TRUE;1683;18117;74,83;109;157;57;72;04.00;05.05
2020-01;Bluewaters Island;Dubai Marina;TRUE;582;6260;27,33;38;162;32;93;01.05;03.00
2020-02;Bluewaters Island;Dubai Marina;TRUE;582;6268;26,50;38;172;46;99;01.05;03.00
2020-03;Bluewaters Island;Dubai Marina;TRUE;595;6401;26,92;39;125;65;59;01.05;03.00
2020-04;Bluewaters Island;Dubai Marina;TRUE;595;6405;26,33;39;44;41;43;00.04;01.09
2020-05;Bluewaters Island;Dubai Marina;TRUE;571;6142;25,25;37;164;46;13;00.04;01.09
2020-06;Bluewaters Island;Dubai Marina;TRUE;569;6130;24,67;37;126;17;97;00.04;01.09
2020-07;Bluewaters Island;Dubai Marina;TRUE;531;5713;23,83;34;135;26;106;00.04;01.09
2020-08;Bluewaters Island;Dubai Marina;TRUE;543;5844;24,71;35;142;13;105;00.04;01.09
2020-09;Bluewaters Island;Dubai Marina;TRUE;561;6034;26,17;36;156;75;49;00.04;01.09
2020-10;Bluewaters Island;Dubai Marina;TRUE;540;5816;24,67;35;173;36;65;00.04;01.09
2020-11;Bluewaters Island;Dubai Marina;TRUE;522;5623;24,00;34;133;52;85;00.04;01.09
2020-12;Bluewaters Island;Dubai Marina;TRUE;566;6097;25,88;37;43;25;87;00.04;01.09
2021-01;Bluewaters Island;Dubai Marina;TRUE;581;6257;26,83;38;150;6;31;00.04;01.09
2021-02;Bluewaters Island;Dubai Marina;TRUE;588;6326;28,08;38;102;21;51;00.04;01.09
2021-03;Bluewaters Island;Dubai Marina;TRUE;566;6091;25,75;37;51;12;67;00.04;01.09
2021-04;Bluewaters Island;Dubai Marina;TRUE;590;6354;27,33;38;92;67;85;00.04;01.09
2021-05;Bluewaters Island;Dubai Marina;TRUE;627;6745;29,38;41;24;63;40;00.04;01.09
2021-06;Bluewaters Island;Dubai Marina;TRUE;608;6549;28,58;40;73;66;97;00.04;01.09
2021-07;Bluewaters Island;Dubai Marina;TRUE;630;6776;27,25;41;105;36;88;00.04;01.09
2021-08;Bluewaters Island;Dubai Marina;TRUE;655;7050;31,25;43;33;62;109;00.04;01.09
2021-09;Bluewaters Island;Dubai Marina;TRUE;677;7292;30,46;44;71;69;97;00.04;01.09
2021-10;Bluewaters Island;Dubai Marina;TRUE;683;7353;31,13;44;16;29;118;00.04;01.09
2021-11;Bluewaters Island;Dubai Marina;TRUE;688;7407;30,79;45;110;69;100;00.04;01.09
2021-12;Bluewaters Island;Dubai Marina;TRUE;704;7575;31,67;46;175;16;74;00.04;01.09
2022-01;Bluewaters Island;Dubai Marina;TRUE;733;7892;31,63;48;37;20;10;00.04;01.09
2022-02;Bluewaters Island;Dubai Marina;TRUE;719;7736;33,63;47;157;67;54;00.04;01.09
2022-03;Bluewaters Island;Dubai Marina;TRUE;737;7934;34,79;48;142;59;78;00.04;01.09
2022-04;Bluewaters Island;Dubai Marina;TRUE;762;8203;35,42;50;68;69;45;01.04;02.09
2022-05;Bluewaters Island;Dubai Marina;TRUE;763;8208;34,92;50;68;54;31;01.04;02.09
2022-06;Bluewaters Island;Dubai Marina;TRUE;794;8552;35,63;52;43;44;115;01.04;02.09
2022-07;Bluewaters Island;Dubai Marina;TRUE;812;8745;37,42;53;126;13;15;01.04;02.09
2022-08;Bluewaters Island;Dubai Marina;TRUE;815;8767;38,96;53;109;7;42;01.04;02.09
2022-09;Bluewaters Island;Dubai Marina;TRUE;818;8807;36,75;53;156;75;20;01.04;02.09
2022-10;Bluewaters Island;Dubai Marina;TRUE;842;9063;38,13;55;110;16;14;04.04;05.09
2022-11;Bluewaters Island;Dubai Marina;TRUE;823;8858;34,67;53;42;45;106;04.04;05.09
2022-12;Bluewaters Island;Dubai Marina;TRUE;925;9959;42,00;60;87;71;45;04.04;05.09
2023-01;Bluewaters Island;Dubai Marina;TRUE;905;9736;43,00;59;44;6;13;04.04;05.09
2023-02;Bluewaters Island;Dubai Marina;TRUE;930;10015;43,29;60;175;71;119;04.04;05.09
2023-03;Bluewaters Island;Dubai Marina;TRUE;913;9825;43,79;59;170;43;61;04.04;05.09
2023-04;Bluewaters Island;Dubai Marina;TRUE;924;9944;43,25;60;131;43;109;04.04;05.09
2023-05;Bluewaters Island;Dubai Marina;TRUE;944;10160;43,42;61;59;39;11;04.04;05.09
2023-06;Bluewaters Island;Dubai Marina;TRUE;952;10247;44,38;62;42;41;78;04.04;05.09
2023-07;Bluewaters Island;Dubai Marina;TRUE;1024;11024;48,63;67;143;62;100;05.04;06.09
2023-08;Bluewaters Island;Dubai Marina;TRUE;1034;11133;46,46;67;157;8;70;05.04;06.09
2023-09;Bluewaters Island;Dubai Marina;TRUE;1030;11082;47,29;67;158;76;27;05.04;06.09
2023-10;Bluewaters Island;Dubai Marina;TRUE;1023;11013;46,88;67;148;23;111;05.04;06.09
2023-11;Bluewaters Island;Dubai Marina;TRUE;1039;11187;48,29;68;106;76;94;05.04;06.09
2023-12;Bluewaters Island;Dubai Marina;TRUE;998;10748;46,88;65;82;19;87;05.04;06.09
2024-01;Bluewaters Island;Dubai Marina;TRUE;1019;10971;46,33;66;144;64;60;05.04;06.09
2024-02;Bluewaters Island;Dubai Marina;TRUE;1043;11223;48,13;68;68;20;85;05.04;06.09
2024-03;Bluewaters Island;Dubai Marina;TRUE;997;10727;46,00;65;141;17;15;05.04;06.09
2024-04;Bluewaters Island;Dubai Marina;TRUE;1015;10930;47,25;66;53;74;91;05.04;06.09
2024-05;Bluewaters Island;Dubai Marina;TRUE;980;10549;44,00;64;131;73;92;05.04;06.09
2024-06;Bluewaters Island;Dubai Marina;TRUE;1004;10808;46,21;65;34;30;35;05.04;06.09
2024-07;Bluewaters Island;Dubai Marina;TRUE;1020;10982;47,79;66;76;62;103;0,211805556;06.15
2024-08;Bluewaters Island;Dubai Marina;TRUE;1001;10774;46,42;65;96;73;28;0,211805556;06.15
2024-09;Bluewaters Island;Dubai Marina;TRUE;987;10625;45,17;64;70;23;30;0,211805556;06.15
2024-10;Bluewaters Island;Dubai Marina;TRUE;1034;11125;47,58;67;113;30;52;0,211805556;06.15
2024-11;Bluewaters Island;Dubai Marina;TRUE;1015;10926;46,08;66;138;71;36;0,211805556;06.15
2024-12;Bluewaters Island;Dubai Marina;TRUE;946;10188;41,38;62;17;78;116;0,211805556;06.15
2025-01;Bluewaters Island;Dubai Marina;TRUE;962;10351;43,83;63;106;30;78;0,211805556;06.15
2025-02;Bluewaters Island;Dubai Marina;TRUE;979;10539;43,42;64;42;58;27;0,211805556;06.15
2025-03;Bluewaters Island;Dubai Marina;TRUE;992;10678;45,96;64;41;56;28;0,211805556;06.15
2025-04;Bluewaters Island;Dubai Marina;TRUE;1029;11078;47,21;67;168;38;26;0,211805556;06.15
2025-05;Bluewaters Island;Dubai Marina;TRUE;993;10684;44,67;65;29;18;71;0,211805556;06.15
2025-06;Bluewaters Island;Dubai Marina;TRUE;1007;10838;44,04;65;142;50;14;0,211805556;06.15
2025-07;Bluewaters Island;Dubai Marina;TRUE;963;10365;42,83;63;156;31;43;04.00;05.05
2025-08;Bluewaters Island;Dubai Marina;TRUE;1011;10884;45,46;66;36;78;12;04.00;05.05
2025-09;Bluewaters Island;Dubai Marina;TRUE;989;10651;45,21;64;125;36;27;04.00;05.05
2025-10;Bluewaters Island;Dubai Marina;TRUE;974;10488;44,17;63;73;14;115;04.00;05.05
2025-11;Bluewaters Island;Dubai Marina;TRUE;993;10688;44,79;65;165;30;44;04.00;05.05
2025-12;Bluewaters Island;Dubai Marina;TRUE;928;9986;41,67;60;132;49;56;04.00;05.05
2026-01;Bluewaters Island;Dubai Marina;TRUE;1002;10787;46,00;65;146;34;69;04.00;05.05
2026-02;Bluewaters Island;Dubai Marina;TRUE;989;10641;48,71;64;50;75;65;04.00;05.05
2026-03;Bluewaters Island;Dubai Marina;TRUE;966;10399;43,54;63;73;58;43;04.00;05.05
2026-04;Bluewaters Island;Dubai Marina;TRUE;1037;11161;47,67;67;70;27;49;04.00;05.05
2020-01;Emirates Hills;Emirates Hills;TRUE;751;8080;33,46;49;113;66;27;01.05;03.00
2020-02;Emirates Hills;Emirates Hills;TRUE;708;7620;32,42;46;37;48;43;01.05;03.00
2020-03;Emirates Hills;Emirates Hills;TRUE;755;8131;34,46;49;72;38;102;01.05;03.00
2020-04;Emirates Hills;Emirates Hills;TRUE;710;7642;31,83;46;104;16;92;00.04;01.09
2020-05;Emirates Hills;Emirates Hills;TRUE;740;7964;33,00;48;112;18;88;00.04;01.09
2020-06;Emirates Hills;Emirates Hills;TRUE;715;7692;34,29;46;122;79;104;00.04;01.09
2020-07;Emirates Hills;Emirates Hills;TRUE;712;7659;32,96;46;85;79;106;00.04;01.09
2020-08;Emirates Hills;Emirates Hills;TRUE;691;7437;31,04;45;75;44;46;00.04;01.09
2020-09;Emirates Hills;Emirates Hills;TRUE;690;7429;32,08;45;62;21;46;00.04;01.09
2020-10;Emirates Hills;Emirates Hills;TRUE;691;7442;30,88;45;167;63;12;00.04;01.09
2020-11;Emirates Hills;Emirates Hills;TRUE;720;7755;34,25;47;116;68;42;00.04;01.09
2020-12;Emirates Hills;Emirates Hills;TRUE;714;7688;34,00;46;122;79;94;00.04;01.09
2021-01;Emirates Hills;Emirates Hills;TRUE;716;7703;33,13;47;151;53;21;00.04;01.09
2021-02;Emirates Hills;Emirates Hills;TRUE;734;7898;34,13;48;63;67;31;00.04;01.09
2021-03;Emirates Hills;Emirates Hills;TRUE;741;7977;34,46;48;93;57;55;00.04;01.09
2021-04;Emirates Hills;Emirates Hills;TRUE;768;8268;35,08;50;55;47;48;00.04;01.09
2021-05;Emirates Hills;Emirates Hills;TRUE;799;8596;36,50;52;126;68;53;00.04;01.09
2021-06;Emirates Hills;Emirates Hills;TRUE;811;8727;36,88;53;46;58;29;00.04;01.09
2021-07;Emirates Hills;Emirates Hills;TRUE;808;8692;37,83;52;78;43;103;00.04;01.09
2021-08;Emirates Hills;Emirates Hills;TRUE;816;8788;38,50;53;114;45;11;00.04;01.09
2021-09;Emirates Hills;Emirates Hills;TRUE;830;8933;38,88;54;128;18;105;00.04;01.09
2021-10;Emirates Hills;Emirates Hills;TRUE;814;8762;39,33;53;64;63;100;00.04;01.09
2021-11;Emirates Hills;Emirates Hills;TRUE;879;9459;41,21;57;84;33;73;00.04;01.09
2021-12;Emirates Hills;Emirates Hills;TRUE;887;9544;40,42;58;166;51;40;00.04;01.09
2022-01;Emirates Hills;Emirates Hills;TRUE;887;9546;39,54;58;176;34;88;00.04;01.09
2022-02;Emirates Hills;Emirates Hills;TRUE;966;10397;43,54;63;104;61;100;00.04;01.09
2022-03;Emirates Hills;Emirates Hills;TRUE;969;10435;42,67;63;106;39;72;00.04;01.09
2022-04;Emirates Hills;Emirates Hills;TRUE;988;10639;46,13;64;63;26;67;01.04;02.09
2022-05;Emirates Hills;Emirates Hills;TRUE;1030;11082;46,17;67;122;54;110;01.04;02.09
2022-06;Emirates Hills;Emirates Hills;TRUE;1012;10893;45,00;66;146;6;84;01.04;02.09
2022-07;Emirates Hills;Emirates Hills;TRUE;1038;11173;47,71;67;24;75;88;01.04;02.09
2022-08;Emirates Hills;Emirates Hills;TRUE;1000;10764;45,42;65;141;34;106;01.04;02.09
2022-09;Emirates Hills;Emirates Hills;TRUE;1016;10938;46,13;66;138;51;27;01.04;02.09
2022-10;Emirates Hills;Emirates Hills;TRUE;1056;11370;48,00;69;59;12;119;04.04;05.09
2022-11;Emirates Hills;Emirates Hills;TRUE;1075;11568;49,00;70;172;24;77;04.04;05.09
2022-12;Emirates Hills;Emirates Hills;TRUE;1153;12415;51,38;75;20;44;76;04.04;05.09
2023-01;Emirates Hills;Emirates Hills;TRUE;1126;12119;52,75;73;77;29;61;04.04;05.09
2023-02;Emirates Hills;Emirates Hills;TRUE;1226;13198;53,67;80;111;5;62;04.04;05.09
2023-03;Emirates Hills;Emirates Hills;TRUE;1196;12877;55,17;78;32;14;68;04.04;05.09
2023-04;Emirates Hills;Emirates Hills;TRUE;1174;12636;56,67;76;132;68;32;04.04;05.09
2023-05;Emirates Hills;Emirates Hills;TRUE;1233;13273;57,00;80;65;24;18;04.04;05.09
2023-06;Emirates Hills;Emirates Hills;TRUE;1252;13475;57,63;81;116;52;47;04.04;05.09
2023-07;Emirates Hills;Emirates Hills;TRUE;1276;13736;58,92;83;22;73;27;05.04;06.09
2023-08;Emirates Hills;Emirates Hills;TRUE;1312;14119;59,13;85;98;24;66;05.04;06.09
2023-09;Emirates Hills;Emirates Hills;TRUE;1332;14342;63,21;87;130;35;58;05.04;06.09
2023-10;Emirates Hills;Emirates Hills;TRUE;1376;14815;60,83;89;107;53;57;05.04;06.09
2023-11;Emirates Hills;Emirates Hills;TRUE;1374;14785;63,17;89;23;71;19;05.04;06.09
2023-12;Emirates Hills;Emirates Hills;TRUE;1349;14518;63,50;88;139;65;11;05.04;06.09
2024-01;Emirates Hills;Emirates Hills;TRUE;1325;14260;58,58;86;125;34;43;05.04;06.09
2024-02;Emirates Hills;Emirates Hills;TRUE;1314;14140;60,96;85;138;62;115;05.04;06.09
2024-03;Emirates Hills;Emirates Hills;TRUE;1314;14139;61,29;85;53;49;96;05.04;06.09
2024-04;Emirates Hills;Emirates Hills;TRUE;1295;13935;60,38;84;81;72;21;05.04;06.09
2024-05;Emirates Hills;Emirates Hills;TRUE;1216;13094;53,58;79;45;44;43;05.04;06.09
2024-06;Emirates Hills;Emirates Hills;TRUE;1326;14269;64,13;86;28;14;82;05.04;06.09
2024-07;Emirates Hills;Emirates Hills;TRUE;1305;14051;61,96;85;86;61;31;0,211805556;06.15
2024-08;Emirates Hills;Emirates Hills;TRUE;1293;13917;58,96;84;107;54;115;0,211805556;06.15
2024-09;Emirates Hills;Emirates Hills;TRUE;1274;13715;58,67;83;29;69;111;0,211805556;06.15
2024-10;Emirates Hills;Emirates Hills;TRUE;1279;13763;57,88;83;108;12;90;0,211805556;06.15
2024-11;Emirates Hills;Emirates Hills;TRUE;1272;13696;57,79;83;147;38;10;0,211805556;06.15
2024-12;Emirates Hills;Emirates Hills;TRUE;1242;13368;58,13;81;55;16;48;0,211805556;06.15
2025-01;Emirates Hills;Emirates Hills;TRUE;1252;13476;56,13;81;47;5;95;0,211805556;06.15
2025-02;Emirates Hills;Emirates Hills;TRUE;1264;13601;57,21;82;55;12;21;0,211805556;06.15
2025-03;Emirates Hills;Emirates Hills;TRUE;1304;14035;61,29;85;145;40;28;0,211805556;06.15
2025-04;Emirates Hills;Emirates Hills;TRUE;1277;13749;58,46;83;102;11;13;0,211805556;06.15
2025-05;Emirates Hills;Emirates Hills;TRUE;1246;13408;54,63;81;49;49;20;0,211805556;06.15
2025-06;Emirates Hills;Emirates Hills;TRUE;1213;13060;56,79;79;64;43;49;0,211805556;06.15
2025-07;Emirates Hills;Emirates Hills;TRUE;1297;13960;59,54;84;72;17;22;04.00;05.05
2025-08;Emirates Hills;Emirates Hills;TRUE;1239;13337;53,83;81;101;62;42;04.00;05.05
2025-09;Emirates Hills;Emirates Hills;TRUE;1286;13840;59,38;84;170;42;48;04.00;05.05
2025-10;Emirates Hills;Emirates Hills;TRUE;1228;13223;56,04;80;93;74;75;04.00;05.05
2025-11;Emirates Hills;Emirates Hills;TRUE;1272;13692;59,88;83;164;66;104;04.00;05.05
2025-12;Emirates Hills;Emirates Hills;TRUE;1308;14080;60,29;85;43;73;111;04.00;05.05
2026-01;Emirates Hills;Emirates Hills;TRUE;1241;13358;53,46;81;104;11;52;04.00;05.05
2026-02;Emirates Hills;Emirates Hills;TRUE;1311;14108;59,00;85;145;58;44;04.00;05.05
2026-03;Emirates Hills;Emirates Hills;TRUE;1303;14026;57,58;85;18;77;92;04.00;05.05
2026-04;Emirates Hills;Emirates Hills;TRUE;1229;13227;57,96;80;110;35;74;04.00;05.05
2020-01;Pearl Jumeira;Jumeirah;TRUE;762;8198;36,04;50;33;56;69;01.05;03.00
2020-02;Pearl Jumeira;Jumeirah;TRUE;735;7915;33,79;48;125;49;82;01.05;03.00
2020-03;Pearl Jumeira;Jumeirah;TRUE;764;8219;35,75;50;120;38;69;01.05;03.00
2020-04;Pearl Jumeira;Jumeirah;TRUE;727;7830;34,50;47;163;41;55;00.04;01.09
2020-05;Pearl Jumeira;Jumeirah;TRUE;718;7726;31,67;47;143;70;72;00.04;01.09
2020-06;Pearl Jumeira;Jumeirah;TRUE;697;7502;30,83;45;160;29;43;00.04;01.09
2020-07;Pearl Jumeira;Jumeirah;TRUE;743;7995;35,25;48;109;33;116;00.04;01.09
2020-08;Pearl Jumeira;Jumeirah;TRUE;657;7075;29,79;43;99;66;19;00.04;01.09
2020-09;Pearl Jumeira;Jumeirah;TRUE;673;7247;31,25;44;60;23;52;00.04;01.09
2020-10;Pearl Jumeira;Jumeirah;TRUE;658;7085;29,50;43;15;75;39;00.04;01.09
2020-11;Pearl Jumeira;Jumeirah;TRUE;687;7399;32,38;45;70;17;115;00.04;01.09
2020-12;Pearl Jumeira;Jumeirah;TRUE;688;7409;31,29;45;63;77;39;00.04;01.09
2021-01;Pearl Jumeira;Jumeirah;TRUE;738;7941;34,33;48;179;75;27;00.04;01.09
2021-02;Pearl Jumeira;Jumeirah;TRUE;742;7991;34,25;48;28;76;35;00.04;01.09
2021-03;Pearl Jumeira;Jumeirah;TRUE;735;7910;33,92;48;76;26;95;00.04;01.09
2021-04;Pearl Jumeira;Jumeirah;TRUE;758;8154;35,17;49;89;64;118;00.04;01.09
2021-05;Pearl Jumeira;Jumeirah;TRUE;763;8210;33,71;50;125;72;78;00.04;01.09
2021-06;Pearl Jumeira;Jumeirah;TRUE;785;8452;35,54;51;130;63;82;00.04;01.09
2021-07;Pearl Jumeira;Jumeirah;TRUE;792;8525;38,38;51;113;28;104;00.04;01.09
2021-08;Pearl Jumeira;Jumeirah;TRUE;778;8372;36,00;51;24;55;93;00.04;01.09
2021-09;Pearl Jumeira;Jumeirah;TRUE;787;8473;35,96;51;154;54;53;00.04;01.09
2021-10;Pearl Jumeira;Jumeirah;TRUE;783;8424;35,33;51;165;19;115;00.04;01.09
2021-11;Pearl Jumeira;Jumeirah;TRUE;841;9054;39,88;55;46;38;63;00.04;01.09
2021-12;Pearl Jumeira;Jumeirah;TRUE;911;9807;41,83;59;55;26;47;00.04;01.09
2022-01;Pearl Jumeira;Jumeirah;TRUE;924;9948;43,75;60;139;57;30;00.04;01.09
2022-02;Pearl Jumeira;Jumeirah;TRUE;935;10066;41,38;61;133;38;86;00.04;01.09
2022-03;Pearl Jumeira;Jumeirah;TRUE;962;10360;44,33;63;48;57;15;00.04;01.09
2022-04;Pearl Jumeira;Jumeirah;TRUE;1019;10966;46,33;66;172;73;28;01.04;02.09
2022-05;Pearl Jumeira;Jumeirah;TRUE;1028;11068;47,42;67;132;29;93;01.04;02.09
2022-06;Pearl Jumeira;Jumeirah;TRUE;987;10627;43,08;64;26;32;20;01.04;02.09
2022-07;Pearl Jumeira;Jumeirah;TRUE;964;10375;42,58;63;68;41;55;01.04;02.09
2022-08;Pearl Jumeira;Jumeirah;TRUE;1003;10794;44,25;65;85;72;36;01.04;02.09
2022-09;Pearl Jumeira;Jumeirah;TRUE;1096;11792;51,00;71;134;37;23;01.04;02.09
2022-10;Pearl Jumeira;Jumeirah;TRUE;1087;11700;47,17;71;71;67;57;04.04;05.09
2022-11;Pearl Jumeira;Jumeirah;TRUE;1058;11391;49,92;69;90;5;13;04.04;05.09
2022-12;Pearl Jumeira;Jumeirah;TRUE;1089;11720;48,25;71;167;69;11;04.04;05.09
2023-01;Pearl Jumeira;Jumeirah;TRUE;1164;12527;53,50;76;115;69;104;04.04;05.09
2023-02;Pearl Jumeira;Jumeirah;TRUE;1109;11941;49,17;72;43;38;114;04.04;05.09
2023-03;Pearl Jumeira;Jumeirah;TRUE;1154;12426;54,50;75;138;50;89;04.04;05.09
2023-04;Pearl Jumeira;Jumeirah;TRUE;1230;13235;55,29;80;99;43;61;04.04;05.09
2023-05;Pearl Jumeira;Jumeirah;TRUE;1212;13051;54,13;79;99;11;30;04.04;05.09
2023-06;Pearl Jumeira;Jumeirah;TRUE;1260;13563;56,50;82;177;13;55;04.04;05.09
2023-07;Pearl Jumeira;Jumeirah;TRUE;1216;13088;56,00;79;136;27;48;05.04;06.09
2023-08;Pearl Jumeira;Jumeirah;TRUE;1260;13565;57,42;82;60;24;38;05.04;06.09
2023-09;Pearl Jumeira;Jumeirah;TRUE;1355;14588;62,54;88;64;18;63;05.04;06.09
2023-10;Pearl Jumeira;Jumeirah;TRUE;1325;14257;60,38;86;36;18;74;05.04;06.09
2023-11;Pearl Jumeira;Jumeirah;TRUE;1296;13949;59,46;84;31;79;50;05.04;06.09
2023-12;Pearl Jumeira;Jumeirah;TRUE;1358;14614;62,71;88;38;34;58;05.04;06.09
2024-01;Pearl Jumeira;Jumeirah;TRUE;1270;13668;55,29;83;164;57;67;05.04;06.09
2024-02;Pearl Jumeira;Jumeirah;TRUE;1285;13834;63,21;84;110;77;16;05.04;06.09
2024-03;Pearl Jumeira;Jumeirah;TRUE;1324;14255;59,79;86;62;57;24;05.04;06.09
2024-04;Pearl Jumeira;Jumeirah;TRUE;1304;14038;61,96;85;131;68;79;05.04;06.09
2024-05;Pearl Jumeira;Jumeirah;TRUE;1274;13715;58,75;83;170;62;112;05.04;06.09
2024-06;Pearl Jumeira;Jumeirah;TRUE;1258;13540;60,50;82;29;59;68;05.04;06.09
2024-07;Pearl Jumeira;Jumeirah;TRUE;1218;13106;54,54;79;78;34;31;0,211805556;06.15
2024-08;Pearl Jumeira;Jumeirah;TRUE;1283;13814;62,42;83;108;16;80;0,211805556;06.15
2024-09;Pearl Jumeira;Jumeirah;TRUE;1284;13824;58,79;83;148;72;20;0,211805556;06.15
2024-10;Pearl Jumeira;Jumeirah;TRUE;1228;13218;56,13;80;93;31;89;0,211805556;06.15
2024-11;Pearl Jumeira;Jumeirah;TRUE;1255;13511;58,21;82;95;60;15;0,211805556;06.15
2024-12;Pearl Jumeira;Jumeirah;TRUE;1251;13464;55,29;81;124;39;55;0,211805556;06.15
2025-01;Pearl Jumeira;Jumeirah;TRUE;1273;13700;58,17;83;23;23;45;0,211805556;06.15
2025-02;Pearl Jumeira;Jumeirah;TRUE;1258;13536;58,54;82;59;57;34;0,211805556;06.15
2025-03;Pearl Jumeira;Jumeirah;TRUE;1199;12911;53,25;78;53;48;118;0,211805556;06.15
2025-04;Pearl Jumeira;Jumeirah;TRUE;1304;14031;59,46;85;52;46;86;0,211805556;06.15
2025-05;Pearl Jumeira;Jumeirah;TRUE;1296;13949;60,08;84;52;10;92;0,211805556;06.15
2025-06;Pearl Jumeira;Jumeirah;TRUE;1273;13705;59,67;83;160;50;119;0,211805556;06.15
2025-07;Pearl Jumeira;Jumeirah;TRUE;1241;13362;55,08;81;78;33;23;04.00;05.05
2025-08;Pearl Jumeira;Jumeirah;TRUE;1300;13991;59,29;84;135;64;35;04.00;05.05
2025-09;Pearl Jumeira;Jumeirah;TRUE;1253;13491;56,00;81;39;76;81;04.00;05.05
2025-10;Pearl Jumeira;Jumeirah;TRUE;1256;13521;55,50;82;70;34;10;04.00;05.05
2025-11;Pearl Jumeira;Jumeirah;TRUE;1206;12984;55,13;78;66;73;57;04.00;05.05
2025-12;Pearl Jumeira;Jumeirah;TRUE;1227;13208;53,63;80;139;54;67;04.00;05.05
2026-01;Pearl Jumeira;Jumeirah;TRUE;1211;13033;55,21;79;162;31;49;04.00;05.05
2026-02;Pearl Jumeira;Jumeirah;TRUE;1163;12522;52,00;76;159;64;12;04.00;05.05
2026-03;Pearl Jumeira;Jumeirah;TRUE;1246;13410;55,33;81;76;10;21;04.00;05.05
2026-04;Pearl Jumeira;Jumeirah;TRUE;1219;13126;58,00;79;51;23;95;04.00;05.05
2020-01;Downtown Dubai;Downtown;TRUE;510;5491;23,33;33;101;30;113;01.05;03.00
2020-02;Downtown Dubai;Downtown;TRUE;514;5536;24,04;33;136;44;29;01.05;03.00
2020-03;Downtown Dubai;Downtown;TRUE;487;5243;21,17;32;165;21;34;01.05;03.00
2020-04;Downtown Dubai;Downtown;TRUE;504;5423;22,29;33;78;41;38;00.04;01.09
2020-05;Downtown Dubai;Downtown;TRUE;490;5272;21,63;32;64;7;26;00.04;01.09
2020-06;Downtown Dubai;Downtown;TRUE;504;5426;22,46;33;64;61;77;00.04;01.09
2020-07;Downtown Dubai;Downtown;TRUE;494;5320;22,92;32;89;64;66;00.04;01.09
2020-08;Downtown Dubai;Downtown;TRUE;495;5333;21,79;32;178;29;42;00.04;01.09
2020-09;Downtown Dubai;Downtown;TRUE;476;5127;21,92;31;106;33;52;00.04;01.09
2020-10;Downtown Dubai;Downtown;TRUE;479;5159;22,17;31;94;52;95;00.04;01.09
2020-11;Downtown Dubai;Downtown;TRUE;483;5194;21,38;31;25;44;23;00.04;01.09
2020-12;Downtown Dubai;Downtown;TRUE;460;4956;22,50;30;38;11;38;00.04;01.09
2021-01;Downtown Dubai;Downtown;TRUE;487;5240;22,75;32;79;47;106;00.04;01.09
2021-02;Downtown Dubai;Downtown;TRUE;495;5326;22,58;32;171;43;119;00.04;01.09
2021-03;Downtown Dubai;Downtown;TRUE;527;5678;24,17;34;40;19;21;00.04;01.09
2021-04;Downtown Dubai;Downtown;TRUE;536;5774;25,42;35;82;73;116;00.04;01.09
2021-05;Downtown Dubai;Downtown;TRUE;537;5784;25,71;35;23;33;33;00.04;01.09
2021-06;Downtown Dubai;Downtown;TRUE;529;5692;23,79;34;60;78;108;00.04;01.09
2021-07;Downtown Dubai;Downtown;TRUE;544;5855;24,50;35;117;29;52;00.04;01.09
2021-08;Downtown Dubai;Downtown;TRUE;550;5915;25,83;36;150;43;81;00.04;01.09
2021-09;Downtown Dubai;Downtown;TRUE;541;5820;24,21;35;32;39;42;00.04;01.09
2021-10;Downtown Dubai;Downtown;TRUE;555;5972;24,92;36;96;34;72;00.04;01.09
2021-11;Downtown Dubai;Downtown;TRUE;597;6429;28,67;39;110;27;78;00.04;01.09
2021-12;Downtown Dubai;Downtown;TRUE;600;6454;26,96;39;49;20;61;00.04;01.09
2022-01;Downtown Dubai;Downtown;TRUE;622;6697;29,13;40;129;23;80;00.04;01.09
2022-02;Downtown Dubai;Downtown;TRUE;626;6739;29,38;41;17;22;54;00.04;01.09
2022-03;Downtown Dubai;Downtown;TRUE;627;6750;29,92;41;79;38;40;00.04;01.09
2022-04;Downtown Dubai;Downtown;TRUE;702;7554;32,42;46;59;11;105;01.04;02.09
2022-05;Downtown Dubai;Downtown;TRUE;654;7044;29,96;43;123;74;42;01.04;02.09
2022-06;Downtown Dubai;Downtown;TRUE;657;7068;30,21;43;33;49;57;01.04;02.09
2022-07;Downtown Dubai;Downtown;TRUE;704;7575;32,63;46;55;70;67;01.04;02.09
2022-08;Downtown Dubai;Downtown;TRUE;689;7413;30,46;45;172;61;112;01.04;02.09
2022-09;Downtown Dubai;Downtown;TRUE;719;7742;33,79;47;35;55;104;01.04;02.09
2022-10;Downtown Dubai;Downtown;TRUE;727;7828;32,33;47;123;64;102;04.04;05.09
2022-11;Downtown Dubai;Downtown;TRUE;774;8335;35,29;50;111;63;47;04.04;05.09
2022-12;Downtown Dubai;Downtown;TRUE;750;8073;35,38;49;174;75;113;04.04;05.09
2023-01;Downtown Dubai;Downtown;TRUE;757;8147;35,08;49;64;53;31;04.04;05.09
2023-02;Downtown Dubai;Downtown;TRUE;782;8421;36,00;51;98;18;80;04.04;05.09
2023-03;Downtown Dubai;Downtown;TRUE;824;8867;38,71;54;20;11;55;04.04;05.09
2023-04;Downtown Dubai;Downtown;TRUE;830;8936;37,29;54;179;75;66;04.04;05.09
2023-05;Downtown Dubai;Downtown;TRUE;794;8544;38,25;52;42;25;85;04.04;05.09
2023-06;Downtown Dubai;Downtown;TRUE;813;8746;38,96;53;29;44;35;04.04;05.09
2023-07;Downtown Dubai;Downtown;TRUE;860;9253;38,83;56;148;48;58;05.04;06.09
2023-08;Downtown Dubai;Downtown;TRUE;878;9449;41,58;57;57;45;46;05.04;06.09
2023-09;Downtown Dubai;Downtown;TRUE;934;10049;43,88;61;18;46;93;05.04;06.09
2023-10;Downtown Dubai;Downtown;TRUE;917;9875;43,13;60;71;48;97;05.04;06.09
2023-11;Downtown Dubai;Downtown;TRUE;875;9418;39,04;57;106;46;31;05.04;06.09
2023-12;Downtown Dubai;Downtown;TRUE;837;9011;37,79;54;57;43;87;05.04;06.09
2024-01;Downtown Dubai;Downtown;TRUE;882;9496;40,67;57;15;79;93;05.04;06.09
2024-02;Downtown Dubai;Downtown;TRUE;865;9309;39,00;56;126;38;17;05.04;06.09
2024-03;Downtown Dubai;Downtown;TRUE;901;9699;40,25;59;30;33;96;05.04;06.09
2024-04;Downtown Dubai;Downtown;TRUE;889;9568;42,67;58;81;14;19;05.04;06.09
2024-05;Downtown Dubai;Downtown;TRUE;904;9727;40,71;59;17;28;83;05.04;06.09
2024-06;Downtown Dubai;Downtown;TRUE;875;9415;38,88;57;97;35;95;05.04;06.09
2024-07;Downtown Dubai;Downtown;TRUE;892;9598;41,58;58;121;21;80;0,211805556;06.15
2024-08;Downtown Dubai;Downtown;TRUE;869;9356;40,63;56;37;28;66;0,211805556;06.15
2024-09;Downtown Dubai;Downtown;TRUE;910;9790;42,63;59;54;48;26;0,211805556;06.15
2024-10;Downtown Dubai;Downtown;TRUE;871;9376;40,88;57;157;6;115;0,211805556;06.15
2024-11;Downtown Dubai;Downtown;TRUE;863;9286;38,33;56;125;52;69;0,211805556;06.15
2024-12;Downtown Dubai;Downtown;TRUE;851;9159;39,46;55;105;10;28;0,211805556;06.15
2025-01;Downtown Dubai;Downtown;TRUE;865;9311;39,58;56;87;28;103;0,211805556;06.15
2025-02;Downtown Dubai;Downtown;TRUE;852;9169;39,50;55;40;64;107;0,211805556;06.15
2025-03;Downtown Dubai;Downtown;TRUE;858;9236;39,29;56;42;22;14;0,211805556;06.15
2025-04;Downtown Dubai;Downtown;TRUE;883;9504;40,54;57;130;70;117;0,211805556;06.15
2025-05;Downtown Dubai;Downtown;TRUE;875;9421;41,13;57;36;74;90;0,211805556;06.15
2025-06;Downtown Dubai;Downtown;TRUE;859;9250;39,08;56;130;37;116;0,211805556;06.15
2025-07;Downtown Dubai;Downtown;TRUE;883;9505;40,54;57;136;12;20;04.00;05.05
2025-08;Downtown Dubai;Downtown;TRUE;868;9348;40,33;56;102;63;85;04.00;05.05
2025-09;Downtown Dubai;Downtown;TRUE;886;9538;38,83;58;53;24;88;04.00;05.05
2025-10;Downtown Dubai;Downtown;TRUE;867;9333;38,21;56;77;15;33;04.00;05.05
2025-11;Downtown Dubai;Downtown;TRUE;843;9078;39,04;55;124;67;95;04.00;05.05
2025-12;Downtown Dubai;Downtown;TRUE;846;9105;38,79;55;87;7;29;04.00;05.05
2026-01;Downtown Dubai;Downtown;TRUE;880;9470;39,00;57;175;32;113;04.00;05.05
2026-02;Downtown Dubai;Downtown;TRUE;884;9513;40,50;57;127;63;92;04.00;05.05
2026-03;Downtown Dubai;Downtown;TRUE;843;9077;37,42;55;66;18;57;04.00;05.05
2026-04;Downtown Dubai;Downtown;TRUE;872;9391;38,54;57;66;40;85;04.00;05.05
2020-01;Business Bay;Business Bay;TRUE;315;3392;14,08;20;64;5;117;01.05;03.00
2020-02;Business Bay;Business Bay;TRUE;321;3453;14,42;21;63;16;23;01.05;03.00
2020-03;Business Bay;Business Bay;TRUE;329;3536;15,71;21;142;9;23;01.05;03.00
2020-04;Business Bay;Business Bay;TRUE;333;3582;15,25;22;112;58;106;00.04;01.09
2020-05;Business Bay;Business Bay;TRUE;309;3326;14,33;20;121;5;32;00.04;01.09
2020-06;Business Bay;Business Bay;TRUE;307;3306;14,25;20;79;33;65;00.04;01.09
2020-07;Business Bay;Business Bay;TRUE;313;3373;14,25;20;51;76;99;00.04;01.09
2020-08;Business Bay;Business Bay;TRUE;314;3375;14,46;20;27;27;30;00.04;01.09
2020-09;Business Bay;Business Bay;TRUE;303;3263;13,33;20;139;59;67;00.04;01.09
2020-10;Business Bay;Business Bay;TRUE;301;3240;13,88;20;115;78;12;00.04;01.09
2020-11;Business Bay;Business Bay;TRUE;304;3268;14,17;20;114;50;33;00.04;01.09
2020-12;Business Bay;Business Bay;TRUE;314;3383;14,50;20;55;11;54;00.04;01.09
2021-01;Business Bay;Business Bay;TRUE;316;3399;14,54;21;80;66;80;00.04;01.09
2021-02;Business Bay;Business Bay;TRUE;316;3398;14,46;21;174;32;12;00.04;01.09
2021-03;Business Bay;Business Bay;TRUE;325;3494;15,33;21;65;30;59;00.04;01.09
2021-04;Business Bay;Business Bay;TRUE;344;3701;15,50;22;164;73;103;00.04;01.09
2021-05;Business Bay;Business Bay;TRUE;325;3501;14,75;21;168;27;40;00.04;01.09
2021-06;Business Bay;Business Bay;TRUE;353;3797;15,96;23;167;14;57;00.04;01.09
2021-07;Business Bay;Business Bay;TRUE;351;3777;15,83;23;144;6;91;00.04;01.09
2021-08;Business Bay;Business Bay;TRUE;368;3957;17,13;24;39;38;46;00.04;01.09
2021-09;Business Bay;Business Bay;TRUE;352;3787;16,21;23;131;34;62;00.04;01.09
2021-10;Business Bay;Business Bay;TRUE;364;3916;16,50;24;126;25;33;00.04;01.09
2021-11;Business Bay;Business Bay;TRUE;389;4185;18,04;25;156;45;115;00.04;01.09
2021-12;Business Bay;Business Bay;TRUE;376;4048;17,04;24;32;79;107;00.04;01.09
2022-01;Business Bay;Business Bay;TRUE;413;4443;19,04;27;45;44;41;00.04;01.09
2022-02;Business Bay;Business Bay;TRUE;416;4482;18,46;27;149;23;44;00.04;01.09
2022-03;Business Bay;Business Bay;TRUE;414;4454;19,13;27;52;41;74;00.04;01.09
2022-04;Business Bay;Business Bay;TRUE;432;4645;19,71;28;52;43;59;01.04;02.09
2022-05;Business Bay;Business Bay;TRUE;438;4715;20,79;28;132;45;103;01.04;02.09
2022-06;Business Bay;Business Bay;TRUE;450;4840;19,96;29;58;26;35;01.04;02.09
2022-07;Business Bay;Business Bay;TRUE;457;4920;20,50;30;109;53;28;01.04;02.09
2022-08;Business Bay;Business Bay;TRUE;466;5014;22,71;30;147;22;25;01.04;02.09
2022-09;Business Bay;Business Bay;TRUE;453;4877;20,08;29;28;68;67;01.04;02.09
2022-10;Business Bay;Business Bay;TRUE;474;5097;21,54;31;113;6;74;04.04;05.09
2022-11;Business Bay;Business Bay;TRUE;496;5336;22,54;32;115;75;22;04.04;05.09
2022-12;Business Bay;Business Bay;TRUE;493;5311;22,75;32;136;59;92;04.04;05.09
2023-01;Business Bay;Business Bay;TRUE;502;5402;22,29;33;177;56;82;04.04;05.09
2023-02;Business Bay;Business Bay;TRUE;517;5566;23,71;34;66;78;92;04.04;05.09
2023-03;Business Bay;Business Bay;TRUE;511;5495;23,42;33;27;53;90;04.04;05.09
2023-04;Business Bay;Business Bay;TRUE;539;5797;25,67;35;148;29;105;04.04;05.09
2023-05;Business Bay;Business Bay;TRUE;550;5919;25,92;36;74;10;18;04.04;05.09
2023-06;Business Bay;Business Bay;TRUE;542;5834;24,25;35;49;43;63;04.04;05.09
2023-07;Business Bay;Business Bay;TRUE;544;5859;24,75;35;173;62;16;05.04;06.09
2023-08;Business Bay;Business Bay;TRUE;570;6136;27,21;37;128;73;20;05.04;06.09
2023-09;Business Bay;Business Bay;TRUE;561;6038;24,88;36;125;66;44;05.04;06.09
2023-10;Business Bay;Business Bay;TRUE;596;6413;28,08;39;109;13;115;05.04;06.09
2023-11;Business Bay;Business Bay;TRUE;584;6281;27,46;38;145;65;108;05.04;06.09
2023-12;Business Bay;Business Bay;TRUE;591;6358;27,17;38;130;44;102;05.04;06.09
2024-01;Business Bay;Business Bay;TRUE;593;6388;26,71;39;43;5;101;05.04;06.09
2024-02;Business Bay;Business Bay;TRUE;574;6176;26,58;37;49;31;46;05.04;06.09
2024-03;Business Bay;Business Bay;TRUE;548;5895;24,71;36;51;54;16;05.04;06.09
2024-04;Business Bay;Business Bay;TRUE;564;6075;26,54;37;34;57;79;05.04;06.09
2024-05;Business Bay;Business Bay;TRUE;557;5997;25,42;36;130;5;28;05.04;06.09
2024-06;Business Bay;Business Bay;TRUE;564;6068;24,75;37;100;30;68;05.04;06.09
2024-07;Business Bay;Business Bay;TRUE;537;5777;24,54;35;71;58;103;0,211805556;06.15
2024-08;Business Bay;Business Bay;TRUE;581;6255;27,33;38;122;62;103;0,211805556;06.15
2024-09;Business Bay;Business Bay;TRUE;564;6073;26,25;37;89;42;55;0,211805556;06.15
2024-10;Business Bay;Business Bay;TRUE;552;5939;25,67;36;37;76;47;0,211805556;06.15
2024-11;Business Bay;Business Bay;TRUE;547;5893;24,08;36;128;30;77;0,211805556;06.15
2024-12;Business Bay;Business Bay;TRUE;562;6050;26,25;37;102;79;34;0,211805556;06.15
2025-01;Business Bay;Business Bay;TRUE;565;6081;26,08;37;65;18;106;0,211805556;06.15
2025-02;Business Bay;Business Bay;TRUE;556;5984;24,42;36;160;24;110;0,211805556;06.15
2025-03;Business Bay;Business Bay;TRUE;535;5758;24,50;35;143;39;87;0,211805556;06.15
2025-04;Business Bay;Business Bay;TRUE;578;6225;26,92;38;41;51;82;0,211805556;06.15
2025-05;Business Bay;Business Bay;TRUE;553;5954;24,79;36;54;74;108;0,211805556;06.15
2025-06;Business Bay;Business Bay;TRUE;561;6043;25,75;36;114;71;23;0,211805556;06.15
2025-07;Business Bay;Business Bay;TRUE;552;5942;25,92;36;33;77;78;04.00;05.05
2025-08;Business Bay;Business Bay;TRUE;555;5969;25,33;36;78;31;97;04.00;05.05
2025-09;Business Bay;Business Bay;TRUE;579;6236;25,71;38;24;34;106;04.00;05.05
2025-10;Business Bay;Business Bay;TRUE;540;5811;25,00;35;47;66;50;04.00;05.05
2025-11;Business Bay;Business Bay;TRUE;544;5853;24,63;35;116;40;52;04.00;05.05
2025-12;Business Bay;Business Bay;TRUE;559;6016;26,25;36;32;37;115;04.00;05.05
2026-01;Business Bay;Business Bay;TRUE;544;5851;24,88;35;53;55;84;04.00;05.05
2026-02;Business Bay;Business Bay;TRUE;557;5991;25,38;36;176;27;35;04.00;05.05
2026-03;Business Bay;Business Bay;TRUE;564;6076;25,83;37;83;43;34;04.00;05.05
2026-04;Business Bay;Business Bay;TRUE;543;5844;25,46;35;149;69;101;04.00;05.05
2020-01;DIFC;DIFC;TRUE;623;6705;28,08;40;163;48;106;01.05;03.00
2020-02;DIFC;DIFC;TRUE;609;6560;28,00;40;92;30;25;01.05;03.00
2020-03;DIFC;DIFC;TRUE;616;6633;29,04;40;165;77;87;01.05;03.00
2020-04;DIFC;DIFC;TRUE;650;6997;30,00;42;16;35;24;00.04;01.09
2020-05;DIFC;DIFC;TRUE;636;6850;27,79;41;69;40;31;00.04;01.09
2020-06;DIFC;DIFC;TRUE;602;6475;28,25;39;91;43;56;00.04;01.09
2020-07;DIFC;DIFC;TRUE;603;6493;27,83;39;116;21;43;00.04;01.09
2020-08;DIFC;DIFC;TRUE;614;6607;27,13;40;40;6;112;00.04;01.09
2020-09;DIFC;DIFC;TRUE;615;6615;28,75;40;46;17;24;00.04;01.09
2020-10;DIFC;DIFC;TRUE;590;6347;26,54;38;100;41;91;00.04;01.09
2020-11;DIFC;DIFC;TRUE;565;6080;25,79;37;54;26;38;00.04;01.09
2020-12;DIFC;DIFC;TRUE;611;6582;29,21;40;106;59;87;00.04;01.09
2021-01;DIFC;DIFC;TRUE;633;6813;29,21;41;149;10;77;00.04;01.09
2021-02;DIFC;DIFC;TRUE;607;6536;28,08;39;150;67;11;00.04;01.09
2021-03;DIFC;DIFC;TRUE;624;6721;29,46;41;177;56;39;00.04;01.09
2021-04;DIFC;DIFC;TRUE;650;6997;31,46;42;73;34;108;00.04;01.09
2021-05;DIFC;DIFC;TRUE;648;6971;29,63;42;161;13;10;00.04;01.09
2021-06;DIFC;DIFC;TRUE;645;6938;28,88;42;59;56;37;00.04;01.09
2021-07;DIFC;DIFC;TRUE;673;7244;31,79;44;138;77;119;00.04;01.09
2021-08;DIFC;DIFC;TRUE;703;7563;32,79;46;167;67;65;00.04;01.09
2021-09;DIFC;DIFC;TRUE;710;7637;32,50;46;38;54;109;00.04;01.09
2021-10;DIFC;DIFC;TRUE;706;7597;31,63;46;39;72;93;00.04;01.09
2021-11;DIFC;DIFC;TRUE;742;7989;34,00;48;36;64;114;00.04;01.09
2021-12;DIFC;DIFC;TRUE;735;7917;34,46;48;120;30;114;00.04;01.09
2022-01;DIFC;DIFC;TRUE;763;8209;35,46;50;136;63;97;00.04;01.09
2022-02;DIFC;DIFC;TRUE;798;8589;36,75;52;101;60;100;00.04;01.09
2022-03;DIFC;DIFC;TRUE;784;8435;35,33;51;29;42;43;00.04;01.09
2022-04;DIFC;DIFC;TRUE;818;8806;37,25;53;168;64;31;01.04;02.09
2022-05;DIFC;DIFC;TRUE;816;8781;36,00;53;95;43;37;01.04;02.09
2022-06;DIFC;DIFC;TRUE;853;9180;37,71;55;168;40;33;01.04;02.09
2022-07;DIFC;DIFC;TRUE;881;9482;40,17;57;127;19;45;01.04;02.09
2022-08;DIFC;DIFC;TRUE;883;9502;41,00;57;77;19;67;01.04;02.09
2022-09;DIFC;DIFC;TRUE;929;10000;42,17;60;137;6;11;01.04;02.09
2022-10;DIFC;DIFC;TRUE;887;9546;41,17;58;128;26;42;04.04;05.09
2022-11;DIFC;DIFC;TRUE;924;9951;42,42;60;104;46;53;04.04;05.09
2022-12;DIFC;DIFC;TRUE;955;10284;42,83;62;132;19;95;04.04;05.09
2023-01;DIFC;DIFC;TRUE;958;10310;45,00;62;114;25;96;04.04;05.09
2023-02;DIFC;DIFC;TRUE;950;10229;42,96;62;179;25;73;04.04;05.09
2023-03;DIFC;DIFC;TRUE;1008;10855;48,08;66;138;77;33;04.04;05.09
2023-04;DIFC;DIFC;TRUE;994;10698;45,79;65;60;12;13;04.04;05.09
2023-05;DIFC;DIFC;TRUE;1043;11226;46,88;68;24;38;77;04.04;05.09
2023-06;DIFC;DIFC;TRUE;1074;11564;49,88;70;87;63;105;04.04;05.09
2023-07;DIFC;DIFC;TRUE;1098;11822;48,96;71;55;29;112;05.04;06.09
2023-08;DIFC;DIFC;TRUE;1075;11570;50,58;70;122;78;17;05.04;06.09
2023-09;DIFC;DIFC;TRUE;1124;12103;50,75;73;23;71;45;05.04;06.09
2023-10;DIFC;DIFC;TRUE;1123;12091;49,88;73;119;39;61;05.04;06.09
2023-11;DIFC;DIFC;TRUE;1104;11884;50,54;72;145;46;69;05.04;06.09
2023-12;DIFC;DIFC;TRUE;1133;12192;53,29;74;124;43;74;05.04;06.09
2024-01;DIFC;DIFC;TRUE;1108;11930;54,42;72;59;67;80;05.04;06.09
2024-02;DIFC;DIFC;TRUE;1058;11391;47,96;69;110;65;42;05.04;06.09
2024-03;DIFC;DIFC;TRUE;1096;11795;48,96;71;55;35;111;05.04;06.09
2024-04;DIFC;DIFC;TRUE;1194;12854;54,00;78;84;55;61;05.04;06.09
2024-05;DIFC;DIFC;TRUE;1068;11492;50,46;69;93;52;115;05.04;06.09
2024-06;DIFC;DIFC;TRUE;1104;11887;50,58;72;34;25;77;05.04;06.09
2024-07;DIFC;DIFC;TRUE;1057;11379;48,25;69;130;31;60;0,211805556;06.15
2024-08;DIFC;DIFC;TRUE;1062;11430;48,04;69;51;23;26;0,211805556;06.15
2024-09;DIFC;DIFC;TRUE;1109;11941;50,63;72;85;37;11;0,211805556;06.15
2024-10;DIFC;DIFC;TRUE;1116;12012;52,25;73;61;9;84;0,211805556;06.15
2024-11;DIFC;DIFC;TRUE;1066;11471;47,46;69;71;56;105;0,211805556;06.15
2024-12;DIFC;DIFC;TRUE;1061;11422;48,67;69;119;54;14;0,211805556;06.15
2025-01;DIFC;DIFC;TRUE;1063;11439;49,54;69;17;52;85;0,211805556;06.15
2025-02;DIFC;DIFC;TRUE;1058;11384;47,25;69;29;52;24;0,211805556;06.15
2025-03;DIFC;DIFC;TRUE;1056;11364;48,25;69;90;10;79;0,211805556;06.15
2025-04;DIFC;DIFC;TRUE;1038;11169;47,25;67;82;21;106;0,211805556;06.15
2025-05;DIFC;DIFC;TRUE;1091;11740;51,83;71;29;32;97;0,211805556;06.15
2025-06;DIFC;DIFC;TRUE;1088;11713;48,21;71;37;20;65;0,211805556;06.15
2025-07;DIFC;DIFC;TRUE;1070;11515;49,21;70;121;7;65;04.00;05.05
2025-08;DIFC;DIFC;TRUE;1108;11929;50,58;72;40;73;116;04.00;05.05
2025-09;DIFC;DIFC;TRUE;1068;11501;50,92;69;82;62;11;04.00;05.05
2025-10;DIFC;DIFC;TRUE;1081;11641;49,25;70;102;23;42;04.00;05.05
2025-11;DIFC;DIFC;TRUE;1068;11499;51,04;69;156;69;67;04.00;05.05
2025-12;DIFC;DIFC;TRUE;1074;11556;48,00;70;143;75;81;04.00;05.05
2026-01;DIFC;DIFC;TRUE;1089;11725;50,17;71;129;26;33;04.00;05.05
2026-02;DIFC;DIFC;TRUE;1123;12092;53,71;73;119;57;11;04.00;05.05
2026-03;DIFC;DIFC;TRUE;1077;11591;47,71;70;59;11;72;04.00;05.05
2026-04;DIFC;DIFC;TRUE;1059;11403;48,92;69;85;6;33;04.00;05.05
2020-01;City Walk;Al Wasl;TRUE;494;5321;22,79;32;163;73;55;01.05;03.00
2020-02;City Walk;Al Wasl;TRUE;482;5184;21,83;31;27;54;34;01.05;03.00
2020-03;City Walk;Al Wasl;TRUE;502;5399;22,67;33;112;28;56;01.05;03.00
2020-04;City Walk;Al Wasl;TRUE;496;5343;22,63;32;148;29;38;00.04;01.09
2020-05;City Walk;Al Wasl;TRUE;510;5485;24,00;33;174;37;71;00.04;01.09
2020-06;City Walk;Al Wasl;TRUE;471;5072;21,50;31;60;66;94;00.04;01.09
2020-07;City Walk;Al Wasl;TRUE;482;5188;21,67;31;116;10;30;00.04;01.09
2020-08;City Walk;Al Wasl;TRUE;480;5165;21,88;31;136;37;49;00.04;01.09
2020-09;City Walk;Al Wasl;TRUE;433;4666;19,50;28;18;12;69;00.04;01.09
2020-10;City Walk;Al Wasl;TRUE;450;4839;20,79;29;43;69;92;00.04;01.09
2020-11;City Walk;Al Wasl;TRUE;458;4931;21,13;30;64;18;47;00.04;01.09
2020-12;City Walk;Al Wasl;TRUE;482;5191;22,54;31;171;44;50;00.04;01.09
2021-01;City Walk;Al Wasl;TRUE;499;5374;22,79;32;111;29;54;00.04;01.09
2021-02;City Walk;Al Wasl;TRUE;504;5421;22,67;33;106;64;28;00.04;01.09
2021-03;City Walk;Al Wasl;TRUE;496;5337;23,54;32;99;57;106;00.04;01.09
2021-04;City Walk;Al Wasl;TRUE;519;5582;23,13;34;157;20;83;00.04;01.09
2021-05;City Walk;Al Wasl;TRUE;540;5817;25,00;35;48;38;84;00.04;01.09
2021-06;City Walk;Al Wasl;TRUE;514;5534;23,75;33;114;49;41;00.04;01.09
2021-07;City Walk;Al Wasl;TRUE;542;5837;24,79;35;61;28;33;00.04;01.09
2021-08;City Walk;Al Wasl;TRUE;547;5892;25,67;36;20;22;48;00.04;01.09
2021-09;City Walk;Al Wasl;TRUE;560;6031;26,08;36;44;17;32;00.04;01.09
2021-10;City Walk;Al Wasl;TRUE;550;5921;25,00;36;79;24;35;00.04;01.09
2021-11;City Walk;Al Wasl;TRUE;577;6216;25,96;38;172;43;46;00.04;01.09
2021-12;City Walk;Al Wasl;TRUE;574;6181;27,13;37;58;68;27;00.04;01.09
2022-01;City Walk;Al Wasl;TRUE;622;6690;29,54;40;66;31;91;00.04;01.09
2022-02;City Walk;Al Wasl;TRUE;649;6984;29,38;42;179;68;17;00.04;01.09
2022-03;City Walk;Al Wasl;TRUE;655;7055;30,25;43;54;39;102;00.04;01.09
2022-04;City Walk;Al Wasl;TRUE;659;7095;30,21;43;21;50;44;01.04;02.09
2022-05;City Walk;Al Wasl;TRUE;682;7336;31,67;44;116;77;80;01.04;02.09
2022-06;City Walk;Al Wasl;TRUE;664;7144;30,79;43;162;8;118;01.04;02.09
2022-07;City Walk;Al Wasl;TRUE;703;7568;31,33;46;145;10;102;01.04;02.09
2022-08;City Walk;Al Wasl;TRUE;709;7631;31,75;46;52;57;115;01.04;02.09
2022-09;City Walk;Al Wasl;TRUE;730;7853;32,42;47;39;75;87;01.04;02.09
2022-10;City Walk;Al Wasl;TRUE;712;7666;32,63;46;28;57;58;04.04;05.09
2022-11;City Walk;Al Wasl;TRUE;727;7826;33,38;47;41;31;47;04.04;05.09
2022-12;City Walk;Al Wasl;TRUE;742;7982;32,96;48;61;13;90;04.04;05.09
2023-01;City Walk;Al Wasl;TRUE;794;8548;33,75;52;16;41;114;04.04;05.09
2023-02;City Walk;Al Wasl;TRUE;797;8579;36,71;52;29;25;77;04.04;05.09
2023-03;City Walk;Al Wasl;TRUE;783;8425;37,67;51;88;13;82;04.04;05.09
2023-04;City Walk;Al Wasl;TRUE;797;8582;35,42;52;43;51;17;04.04;05.09
2023-05;City Walk;Al Wasl;TRUE;795;8555;35,46;52;146;38;22;04.04;05.09
2023-06;City Walk;Al Wasl;TRUE;854;9189;40,38;55;134;19;50;04.04;05.09
2023-07;City Walk;Al Wasl;TRUE;804;8655;37,38;52;75;66;50;05.04;06.09
2023-08;City Walk;Al Wasl;TRUE;871;9379;39,75;57;134;35;77;05.04;06.09
2023-09;City Walk;Al Wasl;TRUE;876;9425;40,58;57;44;66;86;05.04;06.09
2023-10;City Walk;Al Wasl;TRUE;871;9377;39,54;57;56;76;78;05.04;06.09
2023-11;City Walk;Al Wasl;TRUE;880;9478;39,75;57;139;25;49;05.04;06.09
2023-12;City Walk;Al Wasl;TRUE;893;9610;41,08;58;60;70;63;05.04;06.09
2024-01;City Walk;Al Wasl;TRUE;904;9734;42,50;59;166;5;17;05.04;06.09
2024-02;City Walk;Al Wasl;TRUE;856;9211;39,79;56;51;75;79;05.04;06.09
2024-03;City Walk;Al Wasl;TRUE;855;9199;39,92;56;104;53;16;05.04;06.09
2024-04;City Walk;Al Wasl;TRUE;896;9639;41,50;58;20;8;73;05.04;06.09
2024-05;City Walk;Al Wasl;TRUE;889;9571;40,71;58;83;58;18;05.04;06.09
2024-06;City Walk;Al Wasl;TRUE;859;9245;39,54;56;49;44;102;05.04;06.09
2024-07;City Walk;Al Wasl;TRUE;852;9172;38,67;55;53;21;35;0,211805556;06.15
2024-08;City Walk;Al Wasl;TRUE;859;9251;39,96;56;163;15;101;0,211805556;06.15
2024-09;City Walk;Al Wasl;TRUE;855;9203;38,79;56;129;58;38;0,211805556;06.15
2024-10;City Walk;Al Wasl;TRUE;896;9640;40,29;58;88;45;47;0,211805556;06.15
2024-11;City Walk;Al Wasl;TRUE;876;9426;39,58;57;100;52;78;0,211805556;06.15
2024-12;City Walk;Al Wasl;TRUE;853;9181;38,08;55;86;51;86;0,211805556;06.15
2025-01;City Walk;Al Wasl;TRUE;841;9052;39,83;55;85;66;42;0,211805556;06.15
2025-02;City Walk;Al Wasl;TRUE;845;9097;39,33;55;24;21;52;0,211805556;06.15
2025-03;City Walk;Al Wasl;TRUE;841;9048;38,54;55;28;59;27;0,211805556;06.15
2025-04;City Walk;Al Wasl;TRUE;860;9253;38,88;56;111;29;68;0,211805556;06.15
2025-05;City Walk;Al Wasl;TRUE;836;9003;38,25;54;87;36;46;0,211805556;06.15
2025-06;City Walk;Al Wasl;TRUE;848;9126;38,21;55;20;50;55;0,211805556;06.15
2025-07;City Walk;Al Wasl;TRUE;888;9560;42,67;58;54;51;13;04.00;05.05
2025-08;City Walk;Al Wasl;TRUE;856;9213;39,38;56;171;62;117;04.00;05.05
2025-09;City Walk;Al Wasl;TRUE;893;9607;40,08;58;61;50;32;04.00;05.05
2025-10;City Walk;Al Wasl;TRUE;810;8714;38,00;53;100;22;83;04.00;05.05
2025-11;City Walk;Al Wasl;TRUE;833;8969;38,25;54;139;16;59;04.00;05.05
2025-12;City Walk;Al Wasl;TRUE;822;8846;38,58;53;134;27;24;04.00;05.05
2026-01;City Walk;Al Wasl;TRUE;831;8947;38,75;54;38;79;28;04.00;05.05
2026-02;City Walk;Al Wasl;TRUE;847;9122;39,25;55;116;36;84;04.00;05.05
2026-03;City Walk;Al Wasl;TRUE;848;9125;39,79;55;19;28;97;04.00;05.05
2026-04;City Walk;Al Wasl;TRUE;862;9284;39,21;56;98;9;89;04.00;05.05
2020-01;Dubai Marina;Dubai Marina;TRUE;393;4229;18,58;26;162;53;77;01.05;03.00
2020-02;Dubai Marina;Dubai Marina;TRUE;393;4231;18,29;26;96;64;23;01.05;03.00
2020-03;Dubai Marina;Dubai Marina;TRUE;405;4362;18,58;26;62;11;64;01.05;03.00
2020-04;Dubai Marina;Dubai Marina;TRUE;408;4389;18,42;27;124;74;104;00.04;01.09
2020-05;Dubai Marina;Dubai Marina;TRUE;386;4155;17,21;25;161;34;99;00.04;01.09
2020-06;Dubai Marina;Dubai Marina;TRUE;384;4131;16,92;25;130;34;71;00.04;01.09
2020-07;Dubai Marina;Dubai Marina;TRUE;366;3935;17,42;24;81;15;87;00.04;01.09
2020-08;Dubai Marina;Dubai Marina;TRUE;360;3872;16,17;23;78;63;113;00.04;01.09
2020-09;Dubai Marina;Dubai Marina;TRUE;369;3976;16,88;24;112;64;68;00.04;01.09
2020-10;Dubai Marina;Dubai Marina;TRUE;362;3894;16,75;24;45;75;44;00.04;01.09
2020-11;Dubai Marina;Dubai Marina;TRUE;368;3963;16,46;24;22;60;67;00.04;01.09
2020-12;Dubai Marina;Dubai Marina;TRUE;382;4110;17,50;25;135;17;66;00.04;01.09
2021-01;Dubai Marina;Dubai Marina;TRUE;384;4132;17,58;25;61;31;68;00.04;01.09
2021-02;Dubai Marina;Dubai Marina;TRUE;406;4373;18,96;26;126;29;55;00.04;01.09
2021-03;Dubai Marina;Dubai Marina;TRUE;407;4379;19,46;26;29;58;49;00.04;01.09
2021-04;Dubai Marina;Dubai Marina;TRUE;408;4388;19,13;26;153;77;39;00.04;01.09
2021-05;Dubai Marina;Dubai Marina;TRUE;407;4385;19,33;26;37;11;79;00.04;01.09
2021-06;Dubai Marina;Dubai Marina;TRUE;432;4654;19,63;28;142;5;36;00.04;01.09
2021-07;Dubai Marina;Dubai Marina;TRUE;434;4676;20,33;28;92;44;87;00.04;01.09
2021-08;Dubai Marina;Dubai Marina;TRUE;441;4747;20,25;29;15;54;23;00.04;01.09
2021-09;Dubai Marina;Dubai Marina;TRUE;466;5019;21,83;30;98;45;67;00.04;01.09
2021-10;Dubai Marina;Dubai Marina;TRUE;439;4726;20,50;29;151;46;23;00.04;01.09
2021-11;Dubai Marina;Dubai Marina;TRUE;458;4931;20,33;30;31;14;110;00.04;01.09
2021-12;Dubai Marina;Dubai Marina;TRUE;472;5079;22,04;31;88;61;63;00.04;01.09
2022-01;Dubai Marina;Dubai Marina;TRUE;501;5397;23,04;33;176;23;11;00.04;01.09
2022-02;Dubai Marina;Dubai Marina;TRUE;507;5456;23,88;33;76;67;67;00.04;01.09
2022-03;Dubai Marina;Dubai Marina;TRUE;520;5600;22,63;34;145;51;101;00.04;01.09
2022-04;Dubai Marina;Dubai Marina;TRUE;516;5557;24,13;34;66;43;79;01.04;02.09
2022-05;Dubai Marina;Dubai Marina;TRUE;538;5788;23,83;35;125;42;34;01.04;02.09
2022-06;Dubai Marina;Dubai Marina;TRUE;562;6046;26,83;37;178;9;72;01.04;02.09
2022-07;Dubai Marina;Dubai Marina;TRUE;557;6000;25,50;36;123;8;20;01.04;02.09
2022-08;Dubai Marina;Dubai Marina;TRUE;577;6209;26,71;37;58;79;80;01.04;02.09
2022-09;Dubai Marina;Dubai Marina;TRUE;547;5891;25,96;36;176;39;49;01.04;02.09
2022-10;Dubai Marina;Dubai Marina;TRUE;596;6413;27,29;39;67;39;117;04.04;05.09
2022-11;Dubai Marina;Dubai Marina;TRUE;583;6276;25,29;38;85;71;84;04.04;05.09
2022-12;Dubai Marina;Dubai Marina;TRUE;568;6111;26,63;37;140;11;42;04.04;05.09
2023-01;Dubai Marina;Dubai Marina;TRUE;616;6632;27,92;40;124;18;100;04.04;05.09
2023-02;Dubai Marina;Dubai Marina;TRUE;621;6683;29,58;40;41;48;96;04.04;05.09
2023-03;Dubai Marina;Dubai Marina;TRUE;626;6733;29,79;41;149;68;94;04.04;05.09
2023-04;Dubai Marina;Dubai Marina;TRUE;634;6821;28,67;41;21;53;25;04.04;05.09
2023-05;Dubai Marina;Dubai Marina;TRUE;674;7256;30,42;44;137;48;118;04.04;05.09
2023-06;Dubai Marina;Dubai Marina;TRUE;685;7370;31,25;45;51;23;46;04.04;05.09
2023-07;Dubai Marina;Dubai Marina;TRUE;700;7532;31,17;45;90;22;83;05.04;06.09
2023-08;Dubai Marina;Dubai Marina;TRUE;693;7455;30,88;45;67;32;51;05.04;06.09
2023-09;Dubai Marina;Dubai Marina;TRUE;707;7608;32,67;46;25;54;94;05.04;06.09
2023-10;Dubai Marina;Dubai Marina;TRUE;742;7984;33,63;48;27;66;117;05.04;06.09
2023-11;Dubai Marina;Dubai Marina;TRUE;709;7627;33,50;46;99;33;91;05.04;06.09
2023-12;Dubai Marina;Dubai Marina;TRUE;700;7530;31,17;45;97;78;43;05.04;06.09
2024-01;Dubai Marina;Dubai Marina;TRUE;712;7661;32,46;46;69;43;113;05.04;06.09
2024-02;Dubai Marina;Dubai Marina;TRUE;688;7404;29,63;45;31;71;107;05.04;06.09
2024-03;Dubai Marina;Dubai Marina;TRUE;700;7534;31,58;45;45;44;10;05.04;06.09
2024-04;Dubai Marina;Dubai Marina;TRUE;693;7461;31,96;45;55;44;14;05.04;06.09
2024-05;Dubai Marina;Dubai Marina;TRUE;673;7239;30,21;44;142;70;89;05.04;06.09
2024-06;Dubai Marina;Dubai Marina;TRUE;694;7469;32,29;45;75;41;64;05.04;06.09
2024-07;Dubai Marina;Dubai Marina;TRUE;720;7748;33,13;47;92;46;114;0,211805556;06.15
2024-08;Dubai Marina;Dubai Marina;TRUE;704;7576;32,25;46;104;18;11;0,211805556;06.15
2024-09;Dubai Marina;Dubai Marina;TRUE;684;7358;31,79;44;155;22;109;0,211805556;06.15
2024-10;Dubai Marina;Dubai Marina;TRUE;703;7564;32,08;46;21;48;39;0,211805556;06.15
2024-11;Dubai Marina;Dubai Marina;TRUE;683;7352;30,67;44;41;44;109;0,211805556;06.15
2024-12;Dubai Marina;Dubai Marina;TRUE;664;7148;31,13;43;18;9;33;0,211805556;06.15
2025-01;Dubai Marina;Dubai Marina;TRUE;705;7589;31,79;46;86;63;81;0,211805556;06.15
2025-02;Dubai Marina;Dubai Marina;TRUE;686;7382;30,67;45;153;20;56;0,211805556;06.15
2025-03;Dubai Marina;Dubai Marina;TRUE;728;7840;34,25;47;179;15;43;0,211805556;06.15
2025-04;Dubai Marina;Dubai Marina;TRUE;673;7240;32,13;44;25;48;18;0,211805556;06.15
2025-05;Dubai Marina;Dubai Marina;TRUE;673;7241;29,54;44;37;59;40;0,211805556;06.15
2025-06;Dubai Marina;Dubai Marina;TRUE;671;7223;31,17;44;128;78;34;0,211805556;06.15
2025-07;Dubai Marina;Dubai Marina;TRUE;709;7637;33,50;46;144;14;105;04.00;05.05
2025-08;Dubai Marina;Dubai Marina;TRUE;696;7495;32,38;45;168;60;49;04.00;05.05
2025-09;Dubai Marina;Dubai Marina;TRUE;646;6955;29,79;42;68;8;10;04.00;05.05
2025-10;Dubai Marina;Dubai Marina;TRUE;686;7379;32,71;45;85;35;70;04.00;05.05
2025-11;Dubai Marina;Dubai Marina;TRUE;668;7185;29,79;43;158;43;51;04.00;05.05
2025-12;Dubai Marina;Dubai Marina;TRUE;669;7200;30,67;43;48;49;89;04.00;05.05
2026-01;Dubai Marina;Dubai Marina;TRUE;671;7227;29,38;44;106;12;79;04.00;05.05
2026-02;Dubai Marina;Dubai Marina;TRUE;660;7099;31,00;43;73;18;41;04.00;05.05
2026-03;Dubai Marina;Dubai Marina;TRUE;706;7598;32,67;46;112;49;33;04.00;05.05
2026-04;Dubai Marina;Dubai Marina;TRUE;681;7329;31,17;44;161;65;82;04.00;05.05
2020-01;Jumeirah Beach Residence;Dubai Marina;TRUE;421;4533;18,42;27;164;21;82;01.05;03.00
2020-02;Jumeirah Beach Residence;Dubai Marina;TRUE;428;4609;19,79;28;147;24;48;01.05;03.00
2020-03;Jumeirah Beach Residence;Dubai Marina;TRUE;429;4616;19,42;28;37;21;80;01.05;03.00
2020-04;Jumeirah Beach Residence;Dubai Marina;TRUE;416;4482;19,50;27;42;78;61;00.04;01.09
2020-05;Jumeirah Beach Residence;Dubai Marina;TRUE;405;4362;18,46;26;167;49;41;00.04;01.09
2020-06;Jumeirah Beach Residence;Dubai Marina;TRUE;425;4571;19,88;28;42;57;51;00.04;01.09
2020-07;Jumeirah Beach Residence;Dubai Marina;TRUE;416;4480;18,83;27;48;16;71;00.04;01.09
2020-08;Jumeirah Beach Residence;Dubai Marina;TRUE;402;4324;18,42;26;25;67;28;00.04;01.09
2020-09;Jumeirah Beach Residence;Dubai Marina;TRUE;404;4350;18,46;26;96;19;66;00.04;01.09
2020-10;Jumeirah Beach Residence;Dubai Marina;TRUE;380;4086;16,96;25;82;51;107;00.04;01.09
2020-11;Jumeirah Beach Residence;Dubai Marina;TRUE;391;4204;17,75;25;55;72;81;00.04;01.09
2020-12;Jumeirah Beach Residence;Dubai Marina;TRUE;391;4214;18,00;25;78;43;55;00.04;01.09
2021-01;Jumeirah Beach Residence;Dubai Marina;TRUE;425;4576;19,88;28;22;7;108;00.04;01.09
2021-02;Jumeirah Beach Residence;Dubai Marina;TRUE;433;4665;19,83;28;105;12;49;00.04;01.09
2021-03;Jumeirah Beach Residence;Dubai Marina;TRUE;439;4723;19,08;29;103;13;79;00.04;01.09
2021-04;Jumeirah Beach Residence;Dubai Marina;TRUE;444;4779;20,79;29;62;52;66;00.04;01.09
2021-05;Jumeirah Beach Residence;Dubai Marina;TRUE;434;4668;19,88;28;115;34;89;00.04;01.09
2021-06;Jumeirah Beach Residence;Dubai Marina;TRUE;436;4697;20,25;28;36;39;54;00.04;01.09
2021-07;Jumeirah Beach Residence;Dubai Marina;TRUE;453;4876;21,42;29;23;75;66;00.04;01.09
2021-08;Jumeirah Beach Residence;Dubai Marina;TRUE;461;4962;21,96;30;144;46;96;00.04;01.09
2021-09;Jumeirah Beach Residence;Dubai Marina;TRUE;482;5185;21,88;31;123;62;22;00.04;01.09
2021-10;Jumeirah Beach Residence;Dubai Marina;TRUE;477;5133;21,00;31;47;76;20;00.04;01.09
2021-11;Jumeirah Beach Residence;Dubai Marina;TRUE;492;5294;22,33;32;89;17;118;00.04;01.09
2021-12;Jumeirah Beach Residence;Dubai Marina;TRUE;497;5350;22,54;32;166;20;112;00.04;01.09
2022-01;Jumeirah Beach Residence;Dubai Marina;TRUE;508;5464;23,17;33;37;52;116;00.04;01.09
2022-02;Jumeirah Beach Residence;Dubai Marina;TRUE;508;5473;23,46;33;37;68;36;00.04;01.09
2022-03;Jumeirah Beach Residence;Dubai Marina;TRUE;528;5687;24,92;34;103;64;14;00.04;01.09
2022-04;Jumeirah Beach Residence;Dubai Marina;TRUE;578;6222;27,38;38;120;46;58;01.04;02.09
2022-05;Jumeirah Beach Residence;Dubai Marina;TRUE;582;6260;26,92;38;73;42;101;01.04;02.09
2022-06;Jumeirah Beach Residence;Dubai Marina;TRUE;575;6194;26,79;37;124;30;46;01.04;02.09
2022-07;Jumeirah Beach Residence;Dubai Marina;TRUE;610;6568;26,92;40;104;61;95;01.04;02.09
2022-08;Jumeirah Beach Residence;Dubai Marina;TRUE;583;6278;26,04;38;157;36;42;01.04;02.09
2022-09;Jumeirah Beach Residence;Dubai Marina;TRUE;625;6724;27,13;41;46;70;56;01.04;02.09
2022-10;Jumeirah Beach Residence;Dubai Marina;TRUE;623;6709;28,88;41;30;56;100;04.04;05.09
2022-11;Jumeirah Beach Residence;Dubai Marina;TRUE;595;6401;26,58;39;169;50;76;04.04;05.09
2022-12;Jumeirah Beach Residence;Dubai Marina;TRUE;641;6904;28,75;42;127;76;52;04.04;05.09
2023-01;Jumeirah Beach Residence;Dubai Marina;TRUE;628;6756;28,63;41;30;18;57;04.04;05.09
2023-02;Jumeirah Beach Residence;Dubai Marina;TRUE;672;7238;31,04;44;159;72;82;04.04;05.09
2023-03;Jumeirah Beach Residence;Dubai Marina;TRUE;668;7191;32,00;43;102;35;35;04.04;05.09
2023-04;Jumeirah Beach Residence;Dubai Marina;TRUE;690;7431;31,58;45;70;20;44;04.04;05.09
2023-05;Jumeirah Beach Residence;Dubai Marina;TRUE;691;7439;31,92;45;39;76;114;04.04;05.09
2023-06;Jumeirah Beach Residence;Dubai Marina;TRUE;726;7809;33,58;47;105;11;101;04.04;05.09
2023-07;Jumeirah Beach Residence;Dubai Marina;TRUE;729;7847;31,67;47;15;25;76;05.04;06.09
2023-08;Jumeirah Beach Residence;Dubai Marina;TRUE;734;7902;33,58;48;133;27;104;05.04;06.09
2023-09;Jumeirah Beach Residence;Dubai Marina;TRUE;763;8208;35,13;50;134;37;62;05.04;06.09
2023-10;Jumeirah Beach Residence;Dubai Marina;TRUE;787;8471;35,54;51;50;57;89;05.04;06.09
2023-11;Jumeirah Beach Residence;Dubai Marina;TRUE;779;8385;34,96;51;91;63;95;05.04;06.09
2023-12;Jumeirah Beach Residence;Dubai Marina;TRUE;718;7732;33,33;47;153;50;14;05.04;06.09
2024-01;Jumeirah Beach Residence;Dubai Marina;TRUE;710;7646;33,29;46;50;48;30;05.04;06.09
2024-02;Jumeirah Beach Residence;Dubai Marina;TRUE;743;7999;32,13;48;141;63;37;05.04;06.09
2024-03;Jumeirah Beach Residence;Dubai Marina;TRUE;759;8171;35,21;49;44;19;61;05.04;06.09
2024-04;Jumeirah Beach Residence;Dubai Marina;TRUE;718;7732;32,54;47;142;42;72;05.04;06.09
2024-05;Jumeirah Beach Residence;Dubai Marina;TRUE;748;8052;34,71;49;149;20;37;05.04;06.09
2024-06;Jumeirah Beach Residence;Dubai Marina;TRUE;742;7991;34,96;48;147;68;78;05.04;06.09
2024-07;Jumeirah Beach Residence;Dubai Marina;TRUE;755;8132;34,04;49;73;76;67;0,211805556;06.15
2024-08;Jumeirah Beach Residence;Dubai Marina;TRUE;728;7838;32,96;47;31;40;98;0,211805556;06.15
2024-09;Jumeirah Beach Residence;Dubai Marina;TRUE;715;7698;33,96;46;168;65;74;0,211805556;06.15
2024-10;Jumeirah Beach Residence;Dubai Marina;TRUE;730;7854;33,25;47;32;24;19;0,211805556;06.15
2024-11;Jumeirah Beach Residence;Dubai Marina;TRUE;711;7652;31,67;46;21;6;56;0,211805556;06.15
2024-12;Jumeirah Beach Residence;Dubai Marina;TRUE;731;7870;34,54;48;32;58;41;0,211805556;06.15
2025-01;Jumeirah Beach Residence;Dubai Marina;TRUE;733;7893;34,29;48;73;5;106;0,211805556;06.15
2025-02;Jumeirah Beach Residence;Dubai Marina;TRUE;729;7850;31,38;47;35;17;48;0,211805556;06.15
2025-03;Jumeirah Beach Residence;Dubai Marina;TRUE;712;7669;33,00;46;21;45;79;0,211805556;06.15
2025-04;Jumeirah Beach Residence;Dubai Marina;TRUE;708;7624;31,92;46;129;57;25;0,211805556;06.15
2025-05;Jumeirah Beach Residence;Dubai Marina;TRUE;748;8057;34,25;49;177;48;21;0,211805556;06.15
2025-06;Jumeirah Beach Residence;Dubai Marina;TRUE;743;7995;33,96;48;102;45;92;0,211805556;06.15
2025-07;Jumeirah Beach Residence;Dubai Marina;TRUE;724;7793;33,13;47;109;70;106;04.00;05.05
2025-08;Jumeirah Beach Residence;Dubai Marina;TRUE;705;7588;32,21;46;130;22;62;04.00;05.05
2025-09;Jumeirah Beach Residence;Dubai Marina;TRUE;721;7764;32,92;47;147;53;62;04.00;05.05
2025-10;Jumeirah Beach Residence;Dubai Marina;TRUE;725;7799;33,21;47;45;45;28;04.00;05.05
2025-11;Jumeirah Beach Residence;Dubai Marina;TRUE;771;8294;35,25;50;97;19;81;04.00;05.05
2025-12;Jumeirah Beach Residence;Dubai Marina;TRUE;746;8034;35,13;49;48;61;101;04.00;05.05
2026-01;Jumeirah Beach Residence;Dubai Marina;TRUE;743;8002;34,67;48;51;52;69;04.00;05.05
2026-02;Jumeirah Beach Residence;Dubai Marina;TRUE;715;7693;31,04;46;172;17;78;04.00;05.05
2026-03;Jumeirah Beach Residence;Dubai Marina;TRUE;698;7511;33,13;45;140;69;55;04.00;05.05
2026-04;Jumeirah Beach Residence;Dubai Marina;TRUE;749;8060;33,00;49;156;31;15;04.00;05.05
2020-01;Dubai Harbour;Dubai Marina;TRUE;600;6455;26,58;39;103;33;39;01.05;03.00
2020-02;Dubai Harbour;Dubai Marina;TRUE;576;6203;25,17;37;117;77;93;01.05;03.00
2020-03;Dubai Harbour;Dubai Marina;TRUE;591;6365;27,63;38;37;79;113;01.05;03.00
2020-04;Dubai Harbour;Dubai Marina;TRUE;601;6472;28,29;39;48;6;29;00.04;01.09
2020-05;Dubai Harbour;Dubai Marina;TRUE;595;6399;26,42;39;96;75;50;00.04;01.09
2020-06;Dubai Harbour;Dubai Marina;TRUE;576;6204;26,67;37;176;26;19;00.04;01.09
2020-07;Dubai Harbour;Dubai Marina;TRUE;557;5999;24,58;36;99;36;21;00.04;01.09
2020-08;Dubai Harbour;Dubai Marina;TRUE;557;5991;25,79;36;148;66;12;00.04;01.09
2020-09;Dubai Harbour;Dubai Marina;TRUE;573;6165;26,25;37;122;46;89;00.04;01.09
2020-10;Dubai Harbour;Dubai Marina;TRUE;546;5881;25,08;36;164;58;44;00.04;01.09
2020-11;Dubai Harbour;Dubai Marina;TRUE;573;6168;26,33;37;124;53;104;00.04;01.09
2020-12;Dubai Harbour;Dubai Marina;TRUE;552;5943;25,38;36;60;42;119;00.04;01.09
2021-01;Dubai Harbour;Dubai Marina;TRUE;592;6375;26,21;38;130;45;26;00.04;01.09
2021-02;Dubai Harbour;Dubai Marina;TRUE;613;6600;28,54;40;43;43;119;00.04;01.09
2021-03;Dubai Harbour;Dubai Marina;TRUE;605;6514;27,83;39;151;6;60;00.04;01.09
2021-04;Dubai Harbour;Dubai Marina;TRUE;616;6630;27,75;40;67;34;45;00.04;01.09
2021-05;Dubai Harbour;Dubai Marina;TRUE;642;6915;30,29;42;90;50;99;00.04;01.09
2021-06;Dubai Harbour;Dubai Marina;TRUE;652;7018;29,88;42;177;40;53;00.04;01.09
2021-07;Dubai Harbour;Dubai Marina;TRUE;650;7000;30,96;42;126;13;85;00.04;01.09
2021-08;Dubai Harbour;Dubai Marina;TRUE;643;6919;29,08;42;139;45;68;00.04;01.09
2021-09;Dubai Harbour;Dubai Marina;TRUE;660;7107;31,29;43;38;43;96;00.04;01.09
2021-10;Dubai Harbour;Dubai Marina;TRUE;671;7221;30,00;44;156;67;40;00.04;01.09
2021-11;Dubai Harbour;Dubai Marina;TRUE;710;7644;32,13;46;141;49;54;00.04;01.09
2021-12;Dubai Harbour;Dubai Marina;TRUE;717;7719;32,46;47;126;46;49;00.04;01.09
2022-01;Dubai Harbour;Dubai Marina;TRUE;759;8165;36,58;49;102;18;40;00.04;01.09
2022-02;Dubai Harbour;Dubai Marina;TRUE;740;7961;34,33;48;162;52;89;00.04;01.09
2022-03;Dubai Harbour;Dubai Marina;TRUE;779;8387;36,58;51;48;7;48;00.04;01.09
2022-04;Dubai Harbour;Dubai Marina;TRUE;788;8478;37,58;51;72;49;41;01.04;02.09
2022-05;Dubai Harbour;Dubai Marina;TRUE;795;8557;35,67;52;84;78;39;01.04;02.09
2022-06;Dubai Harbour;Dubai Marina;TRUE;800;8614;35,96;52;74;15;67;01.04;02.09
2022-07;Dubai Harbour;Dubai Marina;TRUE;825;8882;38,42;54;98;20;114;01.04;02.09
2022-08;Dubai Harbour;Dubai Marina;TRUE;810;8721;35,92;53;92;78;21;01.04;02.09
2022-09;Dubai Harbour;Dubai Marina;TRUE;843;9074;38,50;55;62;39;77;01.04;02.09
2022-10;Dubai Harbour;Dubai Marina;TRUE;868;9340;39,79;56;135;37;48;04.04;05.09
2022-11;Dubai Harbour;Dubai Marina;TRUE;892;9604;40,33;58;78;54;117;04.04;05.09
2022-12;Dubai Harbour;Dubai Marina;TRUE;927;9977;42,50;60;158;60;31;04.04;05.09
2023-01;Dubai Harbour;Dubai Marina;TRUE;963;10369;43,88;63;157;14;45;04.04;05.09
2023-02;Dubai Harbour;Dubai Marina;TRUE;929;10001;41,00;60;175;27;82;04.04;05.09
2023-03;Dubai Harbour;Dubai Marina;TRUE;952;10252;44,79;62;18;64;72;04.04;05.09
2023-04;Dubai Harbour;Dubai Marina;TRUE;961;10346;43,38;62;176;69;63;04.04;05.09
2023-05;Dubai Harbour;Dubai Marina;TRUE;972;10464;42,50;63;99;68;13;04.04;05.09
2023-06;Dubai Harbour;Dubai Marina;TRUE;1007;10834;46,92;65;35;34;76;04.04;05.09
2023-07;Dubai Harbour;Dubai Marina;TRUE;1023;11008;45,04;66;42;58;109;05.04;06.09
2023-08;Dubai Harbour;Dubai Marina;TRUE;1039;11181;45,00;68;112;25;91;05.04;06.09
2023-09;Dubai Harbour;Dubai Marina;TRUE;1057;11381;49,42;69;123;30;94;05.04;06.09
2023-10;Dubai Harbour;Dubai Marina;TRUE;1111;11960;52,25;72;149;60;10;05.04;06.09
2023-11;Dubai Harbour;Dubai Marina;TRUE;1085;11683;49,46;71;129;69;116;05.04;06.09
2023-12;Dubai Harbour;Dubai Marina;TRUE;1069;11507;48,17;69;174;43;87;05.04;06.09
2024-01;Dubai Harbour;Dubai Marina;TRUE;1081;11638;49,71;70;168;36;26;05.04;06.09
2024-02;Dubai Harbour;Dubai Marina;TRUE;1064;11448;50,04;69;70;63;98;05.04;06.09
2024-03;Dubai Harbour;Dubai Marina;TRUE;1057;11373;47,79;69;145;10;117;05.04;06.09
2024-04;Dubai Harbour;Dubai Marina;TRUE;1027;11051;46,71;67;162;28;39;05.04;06.09
2024-05;Dubai Harbour;Dubai Marina;TRUE;1051;11314;46,38;68;144;14;11;05.04;06.09
2024-06;Dubai Harbour;Dubai Marina;TRUE;1049;11297;47,71;68;23;15;112;05.04;06.09
2024-07;Dubai Harbour;Dubai Marina;TRUE;1041;11204;49,17;68;157;48;72;0,211805556;06.15
2024-08;Dubai Harbour;Dubai Marina;TRUE;1086;11687;48,83;71;166;31;98;0,211805556;06.15
2024-09;Dubai Harbour;Dubai Marina;TRUE;1029;11072;48,04;67;147;24;28;0,211805556;06.15
2024-10;Dubai Harbour;Dubai Marina;TRUE;1020;10976;48,63;66;168;78;96;0,211805556;06.15
2024-11;Dubai Harbour;Dubai Marina;TRUE;1003;10792;46,63;65;20;37;108;0,211805556;06.15
2024-12;Dubai Harbour;Dubai Marina;TRUE;978;10528;44,04;64;173;28;87;0,211805556;06.15
2025-01;Dubai Harbour;Dubai Marina;TRUE;1048;11283;47,08;68;55;72;12;0,211805556;06.15
2025-02;Dubai Harbour;Dubai Marina;TRUE;1051;11313;49,54;68;123;78;82;0,211805556;06.15
2025-03;Dubai Harbour;Dubai Marina;TRUE;1021;10989;46,79;66;170;26;56;0,211805556;06.15
2025-04;Dubai Harbour;Dubai Marina;TRUE;1031;11102;46,29;67;130;21;56;0,211805556;06.15
2025-05;Dubai Harbour;Dubai Marina;TRUE;1006;10830;45,67;65;95;53;91;0,211805556;06.15
2025-06;Dubai Harbour;Dubai Marina;TRUE;1030;11092;46,71;67;80;24;53;0,211805556;06.15
2025-07;Dubai Harbour;Dubai Marina;TRUE;978;10532;43,71;64;144;51;117;04.00;05.05
2025-08;Dubai Harbour;Dubai Marina;TRUE;1034;11126;45,38;67;49;14;36;04.00;05.05
2025-09;Dubai Harbour;Dubai Marina;TRUE;1046;11257;48,25;68;47;74;71;04.00;05.05
2025-10;Dubai Harbour;Dubai Marina;TRUE;1045;11248;46,79;68;18;67;10;04.00;05.05
2025-11;Dubai Harbour;Dubai Marina;TRUE;1051;11315;47,29;68;116;77;113;04.00;05.05
2025-12;Dubai Harbour;Dubai Marina;TRUE;1001;10780;45,50;65;148;74;84;04.00;05.05
2026-01;Dubai Harbour;Dubai Marina;TRUE;1035;11144;46,79;67;125;77;105;04.00;05.05
2026-02;Dubai Harbour;Dubai Marina;TRUE;1042;11215;47,25;68;15;5;12;04.00;05.05
2026-03;Dubai Harbour;Dubai Marina;TRUE;1047;11271;48,63;68;132;55;36;04.00;05.05
2026-04;Dubai Harbour;Dubai Marina;TRUE;1047;11269;45,71;68;69;25;11;04.00;05.05
2020-01;Jumeirah Lake Towers;JLT;TRUE;238;2559;10,88;15;130;11;16;01.05;03.00
2020-02;Jumeirah Lake Towers;JLT;TRUE;249;2684;11,17;16;106;48;93;01.05;03.00
2020-03;Jumeirah Lake Towers;JLT;TRUE;240;2579;11,21;16;152;50;52;01.05;03.00
2020-04;Jumeirah Lake Towers;JLT;TRUE;247;2658;11,88;16;149;41;64;00.04;01.09
2020-05;Jumeirah Lake Towers;JLT;TRUE;234;2522;10,75;15;73;72;29;00.04;01.09
2020-06;Jumeirah Lake Towers;JLT;TRUE;239;2571;10,79;16;16;57;67;00.04;01.09
2020-07;Jumeirah Lake Towers;JLT;TRUE;233;2505;10,83;15;69;55;19;00.04;01.09
2020-08;Jumeirah Lake Towers;JLT;TRUE;240;2587;10,92;16;111;34;37;00.04;01.09
2020-09;Jumeirah Lake Towers;JLT;TRUE;235;2529;10,67;15;132;34;22;00.04;01.09
2020-10;Jumeirah Lake Towers;JLT;TRUE;229;2460;10,25;15;40;75;82;00.04;01.09
2020-11;Jumeirah Lake Towers;JLT;TRUE;237;2546;10,38;15;79;25;89;00.04;01.09
2020-12;Jumeirah Lake Towers;JLT;TRUE;228;2455;10,71;15;139;24;95;00.04;01.09
2021-01;Jumeirah Lake Towers;JLT;TRUE;235;2534;10,83;15;89;64;46;00.04;01.09
2021-02;Jumeirah Lake Towers;JLT;TRUE;237;2548;10,21;15;47;54;72;00.04;01.09
2021-03;Jumeirah Lake Towers;JLT;TRUE;247;2655;11,54;16;32;53;19;00.04;01.09
2021-04;Jumeirah Lake Towers;JLT;TRUE;255;2743;11,54;17;159;10;112;00.04;01.09
2021-05;Jumeirah Lake Towers;JLT;TRUE;257;2770;12,04;17;99;23;89;00.04;01.09
2021-06;Jumeirah Lake Towers;JLT;TRUE;267;2878;12,00;17;88;50;87;00.04;01.09
2021-07;Jumeirah Lake Towers;JLT;TRUE;265;2853;12,29;17;158;15;85;00.04;01.09
2021-08;Jumeirah Lake Towers;JLT;TRUE;260;2802;12,13;17;69;15;26;00.04;01.09
2021-09;Jumeirah Lake Towers;JLT;TRUE;275;2963;12,71;18;130;9;30;00.04;01.09
2021-10;Jumeirah Lake Towers;JLT;TRUE;260;2804;11,38;17;40;69;67;00.04;01.09
2021-11;Jumeirah Lake Towers;JLT;TRUE;279;3007;12,58;18;55;59;109;00.04;01.09
2021-12;Jumeirah Lake Towers;JLT;TRUE;287;3093;13,33;19;101;68;23;00.04;01.09
2022-01;Jumeirah Lake Towers;JLT;TRUE;292;3148;13,71;19;128;12;80;00.04;01.09
2022-02;Jumeirah Lake Towers;JLT;TRUE;313;3374;14,17;20;53;33;70;00.04;01.09
2022-03;Jumeirah Lake Towers;JLT;TRUE;303;3267;13,92;20;157;19;91;00.04;01.09
2022-04;Jumeirah Lake Towers;JLT;TRUE;322;3463;14,08;21;95;19;28;01.04;02.09
2022-05;Jumeirah Lake Towers;JLT;TRUE;330;3551;14,83;21;111;51;117;01.04;02.09
2022-06;Jumeirah Lake Towers;JLT;TRUE;323;3473;15,21;21;68;20;30;01.04;02.09
2022-07;Jumeirah Lake Towers;JLT;TRUE;347;3730;15,83;23;73;38;44;01.04;02.09
2022-08;Jumeirah Lake Towers;JLT;TRUE;350;3762;16,17;23;156;12;72;01.04;02.09
2022-09;Jumeirah Lake Towers;JLT;TRUE;349;3761;15,79;23;83;59;13;01.04;02.09
2022-10;Jumeirah Lake Towers;JLT;TRUE;350;3763;16,25;23;177;28;94;04.04;05.09
2022-11;Jumeirah Lake Towers;JLT;TRUE;358;3855;16,33;23;88;44;68;04.04;05.09
2022-12;Jumeirah Lake Towers;JLT;TRUE;364;3923;15,88;24;130;40;59;04.04;05.09
2023-01;Jumeirah Lake Towers;JLT;TRUE;355;3826;15,92;23;165;28;84;04.04;05.09
2023-02;Jumeirah Lake Towers;JLT;TRUE;383;4121;18,92;25;96;59;65;04.04;05.09
2023-03;Jumeirah Lake Towers;JLT;TRUE;403;4340;17,71;26;144;37;14;04.04;05.09
2023-04;Jumeirah Lake Towers;JLT;TRUE;386;4151;18,25;25;116;12;71;04.04;05.09
2023-05;Jumeirah Lake Towers;JLT;TRUE;401;4322;18,83;26;136;33;34;04.04;05.09
2023-06;Jumeirah Lake Towers;JLT;TRUE;414;4455;18,96;27;173;5;100;04.04;05.09
2023-07;Jumeirah Lake Towers;JLT;TRUE;401;4316;18,13;26;31;51;54;05.04;06.09
2023-08;Jumeirah Lake Towers;JLT;TRUE;426;4583;18,96;28;85;45;14;05.04;06.09
2023-09;Jumeirah Lake Towers;JLT;TRUE;433;4662;20,29;28;64;44;90;05.04;06.09
2023-10;Jumeirah Lake Towers;JLT;TRUE;431;4642;19,54;28;98;40;71;05.04;06.09
2023-11;Jumeirah Lake Towers;JLT;TRUE;436;4696;19,88;28;133;42;110;05.04;06.09
2023-12;Jumeirah Lake Towers;JLT;TRUE;441;4751;20,58;29;70;26;29;05.04;06.09
2024-01;Jumeirah Lake Towers;JLT;TRUE;436;4696;19,58;28;42;56;83;05.04;06.09
2024-02;Jumeirah Lake Towers;JLT;TRUE;424;4561;19,25;28;90;39;60;05.04;06.09
2024-03;Jumeirah Lake Towers;JLT;TRUE;421;4535;19,25;27;16;23;10;05.04;06.09
2024-04;Jumeirah Lake Towers;JLT;TRUE;441;4752;19,79;29;79;49;34;05.04;06.09
2024-05;Jumeirah Lake Towers;JLT;TRUE;413;4445;19,17;27;103;45;79;05.04;06.09
2024-06;Jumeirah Lake Towers;JLT;TRUE;432;4655;20,29;28;67;42;74;05.04;06.09
2024-07;Jumeirah Lake Towers;JLT;TRUE;430;4634;20,79;28;109;66;64;0,211805556;06.15
2024-08;Jumeirah Lake Towers;JLT;TRUE;426;4584;20,08;28;78;45;50;0,211805556;06.15
2024-09;Jumeirah Lake Towers;JLT;TRUE;417;4491;19,83;27;24;18;14;0,211805556;06.15
2024-10;Jumeirah Lake Towers;JLT;TRUE;429;4622;19,96;28;165;47;92;0,211805556;06.15
2024-11;Jumeirah Lake Towers;JLT;TRUE;426;4586;19,42;28;46;52;108;0,211805556;06.15
2024-12;Jumeirah Lake Towers;JLT;TRUE;412;4439;18,58;27;28;75;16;0,211805556;06.15
2025-01;Jumeirah Lake Towers;JLT;TRUE;408;4386;19,38;26;46;75;116;0,211805556;06.15
2025-02;Jumeirah Lake Towers;JLT;TRUE;413;4446;17,63;27;28;36;15;0,211805556;06.15
2025-03;Jumeirah Lake Towers;JLT;TRUE;412;4440;18,58;27;142;56;102;0,211805556;06.15
2025-04;Jumeirah Lake Towers;JLT;TRUE;418;4497;19,29;27;148;15;42;0,211805556;06.15
2025-05;Jumeirah Lake Towers;JLT;TRUE;426;4581;19,79;28;163;35;18;0,211805556;06.15
2025-06;Jumeirah Lake Towers;JLT;TRUE;404;4345;20,08;26;135;59;19;0,211805556;06.15
2025-07;Jumeirah Lake Towers;JLT;TRUE;419;4512;19,54;27;92;43;29;04.00;05.05
2025-08;Jumeirah Lake Towers;JLT;TRUE;413;4446;18,63;27;32;75;47;04.00;05.05
2025-09;Jumeirah Lake Towers;JLT;TRUE;418;4499;19,96;27;115;68;15;04.00;05.05
2025-10;Jumeirah Lake Towers;JLT;TRUE;407;4379;18,96;26;30;61;25;04.00;05.05
2025-11;Jumeirah Lake Towers;JLT;TRUE;423;4551;20,17;27;156;46;29;04.00;05.05
2025-12;Jumeirah Lake Towers;JLT;TRUE;394;4241;18,13;26;153;34;56;04.00;05.05
2026-01;Jumeirah Lake Towers;JLT;TRUE;437;4704;20,17;28;75;51;40;04.00;05.05
2026-02;Jumeirah Lake Towers;JLT;TRUE;416;4480;19,13;27;73;77;85;04.00;05.05
2026-03;Jumeirah Lake Towers;JLT;TRUE;427;4597;19,63;28;88;60;114;04.00;05.05
2026-04;Jumeirah Lake Towers;JLT;TRUE;429;4615;18,88;28;149;70;94;04.00;05.05
2020-01;Jumeirah Village Circle;JVC;TRUE;199;2138;9,50;13;66;9;106;01.05;03.00
2020-02;Jumeirah Village Circle;JVC;TRUE;206;2218;9,88;13;62;65;33;01.05;03.00
2020-03;Jumeirah Village Circle;JVC;TRUE;199;2141;8,63;13;169;15;83;01.05;03.00
2020-04;Jumeirah Village Circle;JVC;TRUE;201;2160;8,92;13;93;17;50;00.04;01.09
2020-05;Jumeirah Village Circle;JVC;TRUE;195;2100;8,38;13;51;19;78;00.04;01.09
2020-06;Jumeirah Village Circle;JVC;TRUE;194;2084;8,83;13;17;36;45;00.04;01.09
2020-07;Jumeirah Village Circle;JVC;TRUE;193;2078;9,00;13;92;60;93;00.04;01.09
2020-08;Jumeirah Village Circle;JVC;TRUE;197;2121;9,42;13;123;14;39;00.04;01.09
2020-09;Jumeirah Village Circle;JVC;TRUE;188;2024;9,08;12;167;25;19;00.04;01.09
2020-10;Jumeirah Village Circle;JVC;TRUE;185;1994;8,50;12;93;73;119;00.04;01.09
2020-11;Jumeirah Village Circle;JVC;TRUE;196;2109;9,13;13;144;34;36;00.04;01.09
2020-12;Jumeirah Village Circle;JVC;TRUE;202;2175;9,08;13;77;28;96;00.04;01.09
2021-01;Jumeirah Village Circle;JVC;TRUE;204;2195;9,13;13;87;75;38;00.04;01.09
2021-02;Jumeirah Village Circle;JVC;TRUE;198;2128;9,21;13;131;56;76;00.04;01.09
2021-03;Jumeirah Village Circle;JVC;TRUE;195;2099;8,75;13;52;46;102;00.04;01.09
2021-04;Jumeirah Village Circle;JVC;TRUE;205;2204;9,08;13;143;56;111;00.04;01.09
2021-05;Jumeirah Village Circle;JVC;TRUE;219;2352;9,92;14;110;46;10;00.04;01.09
2021-06;Jumeirah Village Circle;JVC;TRUE;211;2268;9,83;14;169;45;24;00.04;01.09
2021-07;Jumeirah Village Circle;JVC;TRUE;204;2195;9,33;13;89;56;89;00.04;01.09
2021-08;Jumeirah Village Circle;JVC;TRUE;219;2356;10,08;14;128;38;13;00.04;01.09
2021-09;Jumeirah Village Circle;JVC;TRUE;230;2473;10,25;15;27;14;105;00.04;01.09
2021-10;Jumeirah Village Circle;JVC;TRUE;216;2328;9,63;14;164;79;50;00.04;01.09
2021-11;Jumeirah Village Circle;JVC;TRUE;234;2515;10,79;15;77;73;80;00.04;01.09
2021-12;Jumeirah Village Circle;JVC;TRUE;235;2527;10,67;15;134;34;40;00.04;01.09
2022-01;Jumeirah Village Circle;JVC;TRUE;256;2754;11,42;17;66;46;68;00.04;01.09
2022-02;Jumeirah Village Circle;JVC;TRUE;269;2900;12,08;18;77;49;106;00.04;01.09
2022-03;Jumeirah Village Circle;JVC;TRUE;265;2857;12,38;17;174;66;44;00.04;01.09
2022-04;Jumeirah Village Circle;JVC;TRUE;254;2738;11,54;17;80;74;81;01.04;02.09
2022-05;Jumeirah Village Circle;JVC;TRUE;275;2960;13,25;18;106;6;53;01.04;02.09
2022-06;Jumeirah Village Circle;JVC;TRUE;267;2878;12,13;17;55;36;101;01.04;02.09
2022-07;Jumeirah Village Circle;JVC;TRUE;286;3077;13,54;19;138;35;60;01.04;02.09
2022-08;Jumeirah Village Circle;JVC;TRUE;276;2974;12,46;18;124;19;56;01.04;02.09
2022-09;Jumeirah Village Circle;JVC;TRUE;289;3115;13,25;19;158;45;98;01.04;02.09
2022-10;Jumeirah Village Circle;JVC;TRUE;294;3166;13,79;19;126;34;65;04.04;05.09
2022-11;Jumeirah Village Circle;JVC;TRUE;300;3232;13,71;20;150;23;29;04.04;05.09
2022-12;Jumeirah Village Circle;JVC;TRUE;295;3175;13,04;19;127;45;61;04.04;05.09
2023-01;Jumeirah Village Circle;JVC;TRUE;321;3455;15,17;21;76;7;27;04.04;05.09
2023-02;Jumeirah Village Circle;JVC;TRUE;312;3356;13,96;20;18;69;60;04.04;05.09
2023-03;Jumeirah Village Circle;JVC;TRUE;320;3440;15,25;21;37;17;64;04.04;05.09
2023-04;Jumeirah Village Circle;JVC;TRUE;322;3461;14,75;21;166;39;35;04.04;05.09
2023-05;Jumeirah Village Circle;JVC;TRUE;341;3669;16,71;22;148;28;44;04.04;05.09
2023-06;Jumeirah Village Circle;JVC;TRUE;345;3713;16,00;22;98;8;107;04.04;05.09
2023-07;Jumeirah Village Circle;JVC;TRUE;348;3751;16,25;23;48;37;18;05.04;06.09
2023-08;Jumeirah Village Circle;JVC;TRUE;349;3758;16,25;23;77;17;67;05.04;06.09
2023-09;Jumeirah Village Circle;JVC;TRUE;357;3842;16,75;23;156;23;113;05.04;06.09
2023-10;Jumeirah Village Circle;JVC;TRUE;374;4030;16,92;24;133;27;29;05.04;06.09
2023-11;Jumeirah Village Circle;JVC;TRUE;350;3769;16,08;23;163;58;115;05.04;06.09
2023-12;Jumeirah Village Circle;JVC;TRUE;361;3888;16,21;23;59;13;96;05.04;06.09
2024-01;Jumeirah Village Circle;JVC;TRUE;353;3795;16,46;23;150;72;59;05.04;06.09
2024-02;Jumeirah Village Circle;JVC;TRUE;362;3893;16,08;24;125;36;119;05.04;06.09
2024-03;Jumeirah Village Circle;JVC;TRUE;366;3935;17,21;24;40;71;61;05.04;06.09
2024-04;Jumeirah Village Circle;JVC;TRUE;360;3873;16,08;23;99;46;89;05.04;06.09
2024-05;Jumeirah Village Circle;JVC;TRUE;345;3715;16,21;22;40;26;13;05.04;06.09
2024-06;Jumeirah Village Circle;JVC;TRUE;352;3789;15,71;23;177;50;17;05.04;06.09
2024-07;Jumeirah Village Circle;JVC;TRUE;357;3844;16,54;23;58;28;99;0,211805556;06.15
2024-08;Jumeirah Village Circle;JVC;TRUE;346;3723;15,33;22;128;74;93;0,211805556;06.15
2024-09;Jumeirah Village Circle;JVC;TRUE;351;3776;15,54;23;36;71;80;0,211805556;06.15
2024-10;Jumeirah Village Circle;JVC;TRUE;355;3823;16,00;23;84;12;15;0,211805556;06.15
2024-11;Jumeirah Village Circle;JVC;TRUE;349;3753;15,75;23;155;46;103;0,211805556;06.15
2024-12;Jumeirah Village Circle;JVC;TRUE;346;3724;15,33;22;106;20;14;0,211805556;06.15
2025-01;Jumeirah Village Circle;JVC;TRUE;343;3696;15,33;22;169;12;15;0,211805556;06.15
2025-02;Jumeirah Village Circle;JVC;TRUE;336;3615;14,71;22;152;55;104;0,211805556;06.15
2025-03;Jumeirah Village Circle;JVC;TRUE;340;3660;15,54;22;95;32;38;0,211805556;06.15
2025-04;Jumeirah Village Circle;JVC;TRUE;354;3812;16,75;23;128;20;98;0,211805556;06.15
2025-05;Jumeirah Village Circle;JVC;TRUE;340;3656;15,38;22;30;43;67;0,211805556;06.15
2025-06;Jumeirah Village Circle;JVC;TRUE;342;3685;15,13;22;33;59;103;0,211805556;06.15
2025-07;Jumeirah Village Circle;JVC;TRUE;356;3834;15,54;23;133;24;29;04.00;05.05
2025-08;Jumeirah Village Circle;JVC;TRUE;348;3749;16,08;23;143;62;89;04.00;05.05
2025-09;Jumeirah Village Circle;JVC;TRUE;340;3660;15,29;22;104;49;59;04.00;05.05
2025-10;Jumeirah Village Circle;JVC;TRUE;348;3741;15,42;23;61;73;74;04.00;05.05
2025-11;Jumeirah Village Circle;JVC;TRUE;339;3651;15,92;22;117;32;63;04.00;05.05
2025-12;Jumeirah Village Circle;JVC;TRUE;344;3708;15,92;22;156;8;17;04.00;05.05
2026-01;Jumeirah Village Circle;JVC;TRUE;346;3729;15,50;23;166;9;11;04.00;05.05
2026-02;Jumeirah Village Circle;JVC;TRUE;344;3706;15,71;22;121;30;56;04.00;05.05
2026-03;Jumeirah Village Circle;JVC;TRUE;354;3815;16,88;23;103;42;40;04.00;05.05
2026-04;Jumeirah Village Circle;JVC;TRUE;348;3751;15,96;23;179;21;25;04.00;05.05
2020-01;Jumeirah Village Triangle;JVT;TRUE;201;2164;9,42;13;123;48;41;01.05;03.00
2020-02;Jumeirah Village Triangle;JVT;TRUE;206;2213;9,50;13;166;54;50;01.05;03.00
2020-03;Jumeirah Village Triangle;JVT;TRUE;209;2247;10,00;14;130;46;103;01.05;03.00
2020-04;Jumeirah Village Triangle;JVT;TRUE;216;2328;9,33;14;167;33;20;00.04;01.09
2020-05;Jumeirah Village Triangle;JVT;TRUE;205;2207;9,00;13;132;45;20;00.04;01.09
2020-06;Jumeirah Village Triangle;JVT;TRUE;210;2262;9,63;14;81;9;34;00.04;01.09
2020-07;Jumeirah Village Triangle;JVT;TRUE;201;2164;9,83;13;28;8;47;00.04;01.09
2020-08;Jumeirah Village Triangle;JVT;TRUE;211;2271;9,67;14;119;39;110;00.04;01.09
2020-09;Jumeirah Village Triangle;JVT;TRUE;197;2116;9,00;13;100;30;119;00.04;01.09
2020-10;Jumeirah Village Triangle;JVT;TRUE;198;2131;8,79;13;170;38;75;00.04;01.09
2020-11;Jumeirah Village Triangle;JVT;TRUE;194;2087;9,00;13;50;60;68;00.04;01.09
2020-12;Jumeirah Village Triangle;JVT;TRUE;196;2113;9,00;13;136;34;67;00.04;01.09
2021-01;Jumeirah Village Triangle;JVT;TRUE;217;2333;9,79;14;111;53;84;00.04;01.09
2021-02;Jumeirah Village Triangle;JVT;TRUE;207;2228;9,21;13;65;78;21;00.04;01.09
2021-03;Jumeirah Village Triangle;JVT;TRUE;214;2300;9,96;14;111;34;91;00.04;01.09
2021-04;Jumeirah Village Triangle;JVT;TRUE;217;2331;9,96;14;165;54;37;00.04;01.09
2021-05;Jumeirah Village Triangle;JVT;TRUE;222;2389;10,17;14;87;10;107;00.04;01.09
2021-06;Jumeirah Village Triangle;JVT;TRUE;212;2277;10,08;14;30;75;89;00.04;01.09
2021-07;Jumeirah Village Triangle;JVT;TRUE;219;2362;10,21;14;163;53;18;00.04;01.09
2021-08;Jumeirah Village Triangle;JVT;TRUE;224;2410;9,88;15;52;62;99;00.04;01.09
2021-09;Jumeirah Village Triangle;JVT;TRUE;232;2502;10,54;15;96;16;77;00.04;01.09
2021-10;Jumeirah Village Triangle;JVT;TRUE;233;2510;10,96;15;24;31;12;00.04;01.09
2021-11;Jumeirah Village Triangle;JVT;TRUE;244;2627;11,17;16;96;18;70;00.04;01.09
2021-12;Jumeirah Village Triangle;JVT;TRUE;254;2735;11,63;17;103;15;12;00.04;01.09
2022-01;Jumeirah Village Triangle;JVT;TRUE;263;2826;11,96;17;166;56;119;00.04;01.09
2022-02;Jumeirah Village Triangle;JVT;TRUE;267;2878;12,46;17;26;44;77;00.04;01.09
2022-03;Jumeirah Village Triangle;JVT;TRUE;272;2930;12,50;18;19;72;81;00.04;01.09
2022-04;Jumeirah Village Triangle;JVT;TRUE;265;2854;12,33;17;115;25;40;01.04;02.09
2022-05;Jumeirah Village Triangle;JVT;TRUE;277;2980;13,21;18;156;38;96;01.04;02.09
2022-06;Jumeirah Village Triangle;JVT;TRUE;302;3247;12,88;20;156;62;13;01.04;02.09
2022-07;Jumeirah Village Triangle;JVT;TRUE;288;3102;13,13;19;138;17;82;01.04;02.09
2022-08;Jumeirah Village Triangle;JVT;TRUE;279;3008;13,13;18;84;50;73;01.04;02.09
2022-09;Jumeirah Village Triangle;JVT;TRUE;285;3065;12,79;19;141;35;77;01.04;02.09
2022-10;Jumeirah Village Triangle;JVT;TRUE;295;3178;13,58;19;49;61;83;04.04;05.09
2022-11;Jumeirah Village Triangle;JVT;TRUE;311;3343;14,21;20;16;33;100;04.04;05.09
2022-12;Jumeirah Village Triangle;JVT;TRUE;313;3372;13,54;20;174;74;77;04.04;05.09
2023-01;Jumeirah Village Triangle;JVT;TRUE;326;3510;15,21;21;153;72;25;04.04;05.09
2023-02;Jumeirah Village Triangle;JVT;TRUE;343;3696;15,46;22;128;39;61;04.04;05.09
2023-03;Jumeirah Village Triangle;JVT;TRUE;323;3474;15,25;21;66;52;63;04.04;05.09
2023-04;Jumeirah Village Triangle;JVT;TRUE;336;3613;15,33;22;85;19;68;04.04;05.09
2023-05;Jumeirah Village Triangle;JVT;TRUE;347;3734;15,46;23;155;26;89;04.04;05.09
2023-06;Jumeirah Village Triangle;JVT;TRUE;342;3680;15,83;22;36;39;58;04.04;05.09
2023-07;Jumeirah Village Triangle;JVT;TRUE;334;3598;15,46;22;35;52;36;05.04;06.09
2023-08;Jumeirah Village Triangle;JVT;TRUE;354;3813;15,75;23;154;71;32;05.04;06.09
2023-09;Jumeirah Village Triangle;JVT;TRUE;351;3775;16,04;23;117;23;113;05.04;06.09
2023-10;Jumeirah Village Triangle;JVT;TRUE;377;4057;16,75;24;163;62;35;05.04;06.09
2023-11;Jumeirah Village Triangle;JVT;TRUE;372;4007;17,54;24;107;26;103;05.04;06.09
2023-12;Jumeirah Village Triangle;JVT;TRUE;354;3806;16,58;23;16;50;11;05.04;06.09
2024-01;Jumeirah Village Triangle;JVT;TRUE;367;3953;17,21;24;110;76;37;05.04;06.09
2024-02;Jumeirah Village Triangle;JVT;TRUE;368;3966;16,92;24;108;59;119;05.04;06.09
2024-03;Jumeirah Village Triangle;JVT;TRUE;389;4188;17,54;25;15;68;94;05.04;06.09
2024-04;Jumeirah Village Triangle;JVT;TRUE;378;4065;17,38;25;77;51;54;05.04;06.09
2024-05;Jumeirah Village Triangle;JVT;TRUE;380;4092;17,29;25;110;39;32;05.04;06.09
2024-06;Jumeirah Village Triangle;JVT;TRUE;376;4043;16,58;24;126;41;79;05.04;06.09
2024-07;Jumeirah Village Triangle;JVT;TRUE;366;3941;17,00;24;17;19;27;0,211805556;06.15
2024-08;Jumeirah Village Triangle;JVT;TRUE;365;3930;16,29;24;110;42;96;0,211805556;06.15
2024-09;Jumeirah Village Triangle;JVT;TRUE;362;3891;15,71;23;151;64;113;0,211805556;06.15
2024-10;Jumeirah Village Triangle;JVT;TRUE;357;3843;16,29;23;106;22;64;0,211805556;06.15
2024-11;Jumeirah Village Triangle;JVT;TRUE;359;3862;16,21;23;113;34;47;0,211805556;06.15
2024-12;Jumeirah Village Triangle;JVT;TRUE;352;3788;17,29;23;125;77;54;0,211805556;06.15
2025-01;Jumeirah Village Triangle;JVT;TRUE;366;3937;16,83;24;114;65;35;0,211805556;06.15
2025-02;Jumeirah Village Triangle;JVT;TRUE;348;3748;16,38;23;111;24;13;0,211805556;06.15
2025-03;Jumeirah Village Triangle;JVT;TRUE;379;4075;17,46;25;129;8;88;0,211805556;06.15
2025-04;Jumeirah Village Triangle;JVT;TRUE;358;3854;16,21;23;107;27;43;0,211805556;06.15
2025-05;Jumeirah Village Triangle;JVT;TRUE;353;3801;16,13;23;122;54;47;0,211805556;06.15
2025-06;Jumeirah Village Triangle;JVT;TRUE;344;3706;16,08;22;103;79;83;0,211805556;06.15
2025-07;Jumeirah Village Triangle;JVT;TRUE;356;3827;15,67;23;127;30;96;04.00;05.05
2025-08;Jumeirah Village Triangle;JVT;TRUE;361;3890;16,21;23;128;5;104;04.00;05.05
2025-09;Jumeirah Village Triangle;JVT;TRUE;360;3876;16,92;23;142;24;79;04.00;05.05
2025-10;Jumeirah Village Triangle;JVT;TRUE;359;3868;16,17;23;174;69;100;04.00;05.05
2025-11;Jumeirah Village Triangle;JVT;TRUE;364;3918;16,71;24;86;60;13;04.00;05.05
2025-12;Jumeirah Village Triangle;JVT;TRUE;354;3814;16,08;23;125;39;26;04.00;05.05
2026-01;Jumeirah Village Triangle;JVT;TRUE;362;3892;16,50;24;159;35;23;04.00;05.05
2026-02;Jumeirah Village Triangle;JVT;TRUE;361;3887;17,21;23;41;50;66;04.00;05.05
2026-03;Jumeirah Village Triangle;JVT;TRUE;361;3890;16,25;23;111;8;32;04.00;05.05
2026-04;Jumeirah Village Triangle;JVT;TRUE;351;3778;16,33;23;123;18;49;04.00;05.05
2020-01;Arabian Ranches;Arabian Ranches;TRUE;386;4159;16,79;25;46;40;107;01.05;03.00
2020-02;Arabian Ranches;Arabian Ranches;TRUE;392;4219;17,38;25;26;76;56;01.05;03.00
2020-03;Arabian Ranches;Arabian Ranches;TRUE;387;4165;18,21;25;134;46;19;01.05;03.00
2020-04;Arabian Ranches;Arabian Ranches;TRUE;359;3868;16,29;23;179;47;69;00.04;01.09
2020-05;Arabian Ranches;Arabian Ranches;TRUE;380;4088;17,00;25;95;57;115;00.04;01.09
2020-06;Arabian Ranches;Arabian Ranches;TRUE;371;3998;17,25;24;142;20;23;00.04;01.09
2020-07;Arabian Ranches;Arabian Ranches;TRUE;363;3908;17,00;24;63;74;82;00.04;01.09
2020-08;Arabian Ranches;Arabian Ranches;TRUE;369;3974;16,63;24;133;12;106;00.04;01.09
2020-09;Arabian Ranches;Arabian Ranches;TRUE;355;3821;16,21;23;162;16;56;00.04;01.09
2020-10;Arabian Ranches;Arabian Ranches;TRUE;351;3774;16,42;23;105;19;42;00.04;01.09
2020-11;Arabian Ranches;Arabian Ranches;TRUE;354;3811;16,92;23;143;62;20;00.04;01.09
2020-12;Arabian Ranches;Arabian Ranches;TRUE;361;3891;16,67;23;28;24;103;00.04;01.09
2021-01;Arabian Ranches;Arabian Ranches;TRUE;378;4065;16,96;25;35;45;22;00.04;01.09
2021-02;Arabian Ranches;Arabian Ranches;TRUE;365;3934;16,71;24;44;74;111;00.04;01.09
2021-03;Arabian Ranches;Arabian Ranches;TRUE;395;4252;17,33;26;112;38;62;00.04;01.09
2021-04;Arabian Ranches;Arabian Ranches;TRUE;389;4192;17,79;25;62;61;17;00.04;01.09
2021-05;Arabian Ranches;Arabian Ranches;TRUE;400;4310;18,63;26;85;64;92;00.04;01.09
2021-06;Arabian Ranches;Arabian Ranches;TRUE;413;4445;19,79;27;99;11;115;00.04;01.09
2021-07;Arabian Ranches;Arabian Ranches;TRUE;412;4438;19,38;27;143;77;97;00.04;01.09
2021-08;Arabian Ranches;Arabian Ranches;TRUE;410;4412;18,46;27;131;60;20;00.04;01.09
2021-09;Arabian Ranches;Arabian Ranches;TRUE;418;4495;19,33;27;73;29;69;00.04;01.09
2021-10;Arabian Ranches;Arabian Ranches;TRUE;437;4705;19,58;28;30;13;97;00.04;01.09
2021-11;Arabian Ranches;Arabian Ranches;TRUE;436;4698;20,17;28;129;70;59;00.04;01.09
2021-12;Arabian Ranches;Arabian Ranches;TRUE;448;4818;21,04;29;23;37;83;00.04;01.09
2022-01;Arabian Ranches;Arabian Ranches;TRUE;484;5208;22,83;31;38;43;96;00.04;01.09
2022-02;Arabian Ranches;Arabian Ranches;TRUE;468;5032;21,92;30;129;27;41;00.04;01.09
2022-03;Arabian Ranches;Arabian Ranches;TRUE;517;5565;23,71;34;145;53;73;00.04;01.09
2022-04;Arabian Ranches;Arabian Ranches;TRUE;492;5300;22,58;32;43;61;91;01.04;02.09
2022-05;Arabian Ranches;Arabian Ranches;TRUE;526;5661;24,46;34;144;76;56;01.04;02.09
2022-06;Arabian Ranches;Arabian Ranches;TRUE;542;5838;23,83;35;126;54;19;01.04;02.09
2022-07;Arabian Ranches;Arabian Ranches;TRUE;537;5784;25,58;35;166;39;86;01.04;02.09
2022-08;Arabian Ranches;Arabian Ranches;TRUE;562;6046;25,67;37;145;64;117;01.04;02.09
2022-09;Arabian Ranches;Arabian Ranches;TRUE;524;5645;23,42;34;94;56;115;01.04;02.09
2022-10;Arabian Ranches;Arabian Ranches;TRUE;568;6115;26,92;37;61;78;93;04.04;05.09
2022-11;Arabian Ranches;Arabian Ranches;TRUE;562;6048;25,38;37;40;69;66;04.04;05.09
2022-12;Arabian Ranches;Arabian Ranches;TRUE;565;6084;25,54;37;70;8;58;04.04;05.09
2023-01;Arabian Ranches;Arabian Ranches;TRUE;572;6160;25,50;37;30;57;67;04.04;05.09
2023-02;Arabian Ranches;Arabian Ranches;TRUE;601;6468;26,96;39;61;62;59;04.04;05.09
2023-03;Arabian Ranches;Arabian Ranches;TRUE;615;6621;28,75;40;165;22;20;04.04;05.09
2023-04;Arabian Ranches;Arabian Ranches;TRUE;616;6635;29,54;40;15;14;78;04.04;05.09
2023-05;Arabian Ranches;Arabian Ranches;TRUE;639;6882;27,92;42;32;25;87;04.04;05.09
2023-06;Arabian Ranches;Arabian Ranches;TRUE;638;6872;30,25;41;144;72;68;04.04;05.09
2023-07;Arabian Ranches;Arabian Ranches;TRUE;656;7064;29,75;43;49;51;90;05.04;06.09
2023-08;Arabian Ranches;Arabian Ranches;TRUE;640;6884;29,79;42;80;36;96;05.04;06.09
2023-09;Arabian Ranches;Arabian Ranches;TRUE;662;7125;30,25;43;136;7;106;05.04;06.09
2023-10;Arabian Ranches;Arabian Ranches;TRUE;682;7336;31,33;44;55;14;55;05.04;06.09
2023-11;Arabian Ranches;Arabian Ranches;TRUE;667;7174;32,21;43;42;67;69;05.04;06.09
2023-12;Arabian Ranches;Arabian Ranches;TRUE;674;7260;32,67;44;61;64;12;05.04;06.09
2024-01;Arabian Ranches;Arabian Ranches;TRUE;684;7363;30,50;44;41;74;112;05.04;06.09
2024-02;Arabian Ranches;Arabian Ranches;TRUE;657;7071;30,33;43;67;13;22;05.04;06.09
2024-03;Arabian Ranches;Arabian Ranches;TRUE;686;7382;31,29;45;82;74;89;05.04;06.09
2024-04;Arabian Ranches;Arabian Ranches;TRUE;674;7259;32,08;44;19;26;81;05.04;06.09
2024-05;Arabian Ranches;Arabian Ranches;TRUE;669;7201;31,83;43;26;36;42;05.04;06.09
2024-06;Arabian Ranches;Arabian Ranches;TRUE;650;6993;29,38;42;98;15;32;05.04;06.09
2024-07;Arabian Ranches;Arabian Ranches;TRUE;644;6933;29,54;42;123;62;11;0,211805556;06.15
2024-08;Arabian Ranches;Arabian Ranches;TRUE;629;6772;27,83;41;84;64;45;0,211805556;06.15
2024-09;Arabian Ranches;Arabian Ranches;TRUE;689;7420;33,00;45;46;75;98;0,211805556;06.15
2024-10;Arabian Ranches;Arabian Ranches;TRUE;658;7080;29,92;43;50;64;111;0,211805556;06.15
2024-11;Arabian Ranches;Arabian Ranches;TRUE;652;7016;29,00;42;89;78;35;0,211805556;06.15
2024-12;Arabian Ranches;Arabian Ranches;TRUE;653;7034;28,88;42;71;5;16;0,211805556;06.15
2025-01;Arabian Ranches;Arabian Ranches;TRUE;649;6984;29,29;42;99;13;105;0,211805556;06.15
2025-02;Arabian Ranches;Arabian Ranches;TRUE;641;6902;28,42;42;47;63;46;0,211805556;06.15
2025-03;Arabian Ranches;Arabian Ranches;TRUE;648;6976;29,88;42;136;16;14;0,211805556;06.15
2025-04;Arabian Ranches;Arabian Ranches;TRUE;627;6753;29,50;41;143;57;41;0,211805556;06.15
2025-05;Arabian Ranches;Arabian Ranches;TRUE;659;7096;31,50;43;49;49;39;0,211805556;06.15
2025-06;Arabian Ranches;Arabian Ranches;TRUE;636;6842;30,08;41;15;57;30;0,211805556;06.15
2025-07;Arabian Ranches;Arabian Ranches;TRUE;643;6924;29,92;42;100;63;62;04.00;05.05
2025-08;Arabian Ranches;Arabian Ranches;TRUE;660;7100;31,67;43;121;54;92;04.00;05.05
2025-09;Arabian Ranches;Arabian Ranches;TRUE;637;6856;29,46;41;139;49;85;04.00;05.05
2025-10;Arabian Ranches;Arabian Ranches;TRUE;656;7061;29,96;43;120;70;32;04.00;05.05
2025-11;Arabian Ranches;Arabian Ranches;TRUE;651;7007;31,50;42;81;26;18;04.00;05.05
2025-12;Arabian Ranches;Arabian Ranches;TRUE;666;7166;30,50;43;27;33;26;04.00;05.05
2026-01;Arabian Ranches;Arabian Ranches;TRUE;639;6877;28,21;42;17;30;38;04.00;05.05
2026-02;Arabian Ranches;Arabian Ranches;TRUE;661;7116;31,58;43;94;16;24;04.00;05.05
2026-03;Arabian Ranches;Arabian Ranches;TRUE;664;7147;29,46;43;32;73;47;04.00;05.05
2026-04;Arabian Ranches;Arabian Ranches;TRUE;672;7233;32,21;44;176;55;76;04.00;05.05
2020-01;Arabian Ranches 2;Arabian Ranches;TRUE;395;4253;18,79;26;21;23;38;01.05;03.00
2020-02;Arabian Ranches 2;Arabian Ranches;TRUE;396;4259;18,25;26;168;19;119;01.05;03.00
2020-03;Arabian Ranches 2;Arabian Ranches;TRUE;414;4457;18,08;27;50;42;77;01.05;03.00
2020-04;Arabian Ranches 2;Arabian Ranches;TRUE;374;4027;16,92;24;38;49;93;00.04;01.09
2020-05;Arabian Ranches 2;Arabian Ranches;TRUE;394;4243;17,75;26;34;69;74;00.04;01.09
2020-06;Arabian Ranches 2;Arabian Ranches;TRUE;391;4205;18,21;25;55;40;36;00.04;01.09
2020-07;Arabian Ranches 2;Arabian Ranches;TRUE;379;4076;17,25;25;49;22;44;00.04;01.09
2020-08;Arabian Ranches 2;Arabian Ranches;TRUE;372;4002;17,25;24;162;51;83;00.04;01.09
2020-09;Arabian Ranches 2;Arabian Ranches;TRUE;360;3873;16,83;23;69;23;59;00.04;01.09
2020-10;Arabian Ranches 2;Arabian Ranches;TRUE;361;3884;16,38;23;90;32;28;00.04;01.09
2020-11;Arabian Ranches 2;Arabian Ranches;TRUE;391;4206;18,21;25;28;39;53;00.04;01.09
2020-12;Arabian Ranches 2;Arabian Ranches;TRUE;374;4029;17,00;24;151;63;31;00.04;01.09
2021-01;Arabian Ranches 2;Arabian Ranches;TRUE;404;4349;19,17;26;19;27;56;00.04;01.09
2021-02;Arabian Ranches 2;Arabian Ranches;TRUE;405;4359;19,13;26;110;41;27;00.04;01.09
2021-03;Arabian Ranches 2;Arabian Ranches;TRUE;396;4260;17,46;26;104;59;62;00.04;01.09
2021-04;Arabian Ranches 2;Arabian Ranches;TRUE;398;4286;18,79;26;131;75;64;00.04;01.09
2021-05;Arabian Ranches 2;Arabian Ranches;TRUE;404;4352;18,71;26;30;33;39;00.04;01.09
2021-06;Arabian Ranches 2;Arabian Ranches;TRUE;402;4328;18,67;26;98;40;56;00.04;01.09
2021-07;Arabian Ranches 2;Arabian Ranches;TRUE;440;4735;20,13;29;118;61;78;00.04;01.09
2021-08;Arabian Ranches 2;Arabian Ranches;TRUE;422;4546;18,79;27;96;47;16;00.04;01.09
2021-09;Arabian Ranches 2;Arabian Ranches;TRUE;445;4787;20,46;29;44;33;117;00.04;01.09
2021-10;Arabian Ranches 2;Arabian Ranches;TRUE;411;4419;19,58;27;31;75;82;00.04;01.09
2021-11;Arabian Ranches 2;Arabian Ranches;TRUE;470;5058;21,50;31;151;10;89;00.04;01.09
2021-12;Arabian Ranches 2;Arabian Ranches;TRUE;459;4943;21,04;30;98;18;41;00.04;01.09
2022-01;Arabian Ranches 2;Arabian Ranches;TRUE;505;5435;23,50;33;161;73;18;00.04;01.09
2022-02;Arabian Ranches 2;Arabian Ranches;TRUE;523;5635;24,25;34;38;73;101;00.04;01.09
2022-03;Arabian Ranches 2;Arabian Ranches;TRUE;510;5492;22,13;33;82;50;45;00.04;01.09
2022-04;Arabian Ranches 2;Arabian Ranches;TRUE;539;5803;23,83;35;156;65;25;01.04;02.09
2022-05;Arabian Ranches 2;Arabian Ranches;TRUE;543;5842;25,21;35;133;10;79;01.04;02.09
2022-06;Arabian Ranches 2;Arabian Ranches;TRUE;519;5589;22,38;34;58;29;64;01.04;02.09
2022-07;Arabian Ranches 2;Arabian Ranches;TRUE;542;5833;26,71;35;111;25;95;01.04;02.09
2022-08;Arabian Ranches 2;Arabian Ranches;TRUE;572;6162;26,75;37;92;67;35;01.04;02.09
2022-09;Arabian Ranches 2;Arabian Ranches;TRUE;563;6059;25,63;37;47;51;95;01.04;02.09
2022-10;Arabian Ranches 2;Arabian Ranches;TRUE;583;6272;27,08;38;84;20;60;04.04;05.09
2022-11;Arabian Ranches 2;Arabian Ranches;TRUE;573;6167;25,46;37;91;63;71;04.04;05.09
2022-12;Arabian Ranches 2;Arabian Ranches;TRUE;585;6292;28,21;38;60;33;102;04.04;05.09
2023-01;Arabian Ranches 2;Arabian Ranches;TRUE;622;6696;28,25;40;87;50;65;04.04;05.09
2023-02;Arabian Ranches 2;Arabian Ranches;TRUE;644;6928;30,08;42;52;20;21;04.04;05.09
2023-03;Arabian Ranches 2;Arabian Ranches;TRUE;623;6710;29,25;41;60;45;115;04.04;05.09
2023-04;Arabian Ranches 2;Arabian Ranches;TRUE;647;6968;30,17;42;56;12;43;04.04;05.09
2023-05;Arabian Ranches 2;Arabian Ranches;TRUE;649;6983;30,04;42;31;51;26;04.04;05.09
2023-06;Arabian Ranches 2;Arabian Ranches;TRUE;669;7200;29,46;43;53;38;109;04.04;05.09
2023-07;Arabian Ranches 2;Arabian Ranches;TRUE;655;7049;30,54;43;79;21;27;05.04;06.09
2023-08;Arabian Ranches 2;Arabian Ranches;TRUE;711;7658;32,46;46;102;7;113;05.04;06.09
2023-09;Arabian Ranches 2;Arabian Ranches;TRUE;678;7299;30,96;44;48;43;118;05.04;06.09
2023-10;Arabian Ranches 2;Arabian Ranches;TRUE;707;7609;32,58;46;70;46;78;05.04;06.09
2023-11;Arabian Ranches 2;Arabian Ranches;TRUE;692;7453;31,71;45;41;46;92;05.04;06.09
2023-12;Arabian Ranches 2;Arabian Ranches;TRUE;681;7333;31,75;44;172;9;98;05.04;06.09
2024-01;Arabian Ranches 2;Arabian Ranches;TRUE;702;7551;31,38;46;46;12;84;05.04;06.09
2024-02;Arabian Ranches 2;Arabian Ranches;TRUE;717;7721;32,88;47;27;56;95;05.04;06.09
2024-03;Arabian Ranches 2;Arabian Ranches;TRUE;663;7140;30,33;43;23;30;84;05.04;06.09
2024-04;Arabian Ranches 2;Arabian Ranches;TRUE;694;7469;32,92;45;102;10;21;05.04;06.09
2024-05;Arabian Ranches 2;Arabian Ranches;TRUE;737;7932;35,29;48;51;16;79;05.04;06.09
2024-06;Arabian Ranches 2;Arabian Ranches;TRUE;696;7492;30,67;45;44;28;22;05.04;06.09
2024-07;Arabian Ranches 2;Arabian Ranches;TRUE;702;7558;33,71;46;58;49;51;0,211805556;06.15
2024-08;Arabian Ranches 2;Arabian Ranches;TRUE;680;7315;30,50;44;38;71;26;0,211805556;06.15
2024-09;Arabian Ranches 2;Arabian Ranches;TRUE;712;7667;32,25;46;128;57;103;0,211805556;06.15
2024-10;Arabian Ranches 2;Arabian Ranches;TRUE;659;7088;29,25;43;65;56;95;0,211805556;06.15
2024-11;Arabian Ranches 2;Arabian Ranches;TRUE;662;7128;29,67;43;131;36;99;0,211805556;06.15
2024-12;Arabian Ranches 2;Arabian Ranches;TRUE;686;7387;31,88;45;92;73;12;0,211805556;06.15
2025-01;Arabian Ranches 2;Arabian Ranches;TRUE;668;7187;30,63;43;148;53;77;0,211805556;06.15
2025-02;Arabian Ranches 2;Arabian Ranches;TRUE;703;7564;31,92;46;149;72;39;0,211805556;06.15
2025-03;Arabian Ranches 2;Arabian Ranches;TRUE;675;7263;32,42;44;176;37;71;0,211805556;06.15
2025-04;Arabian Ranches 2;Arabian Ranches;TRUE;691;7440;31,21;45;179;74;87;0,211805556;06.15
2025-05;Arabian Ranches 2;Arabian Ranches;TRUE;675;7263;31,88;44;175;65;96;0,211805556;06.15
2025-06;Arabian Ranches 2;Arabian Ranches;TRUE;691;7441;31,58;45;168;65;19;0,211805556;06.15
2025-07;Arabian Ranches 2;Arabian Ranches;TRUE;670;7207;30,63;44;47;77;38;04.00;05.05
2025-08;Arabian Ranches 2;Arabian Ranches;TRUE;676;7273;31,38;44;59;45;55;04.00;05.05
2025-09;Arabian Ranches 2;Arabian Ranches;TRUE;672;7233;30,50;44;15;55;54;04.00;05.05
2025-10;Arabian Ranches 2;Arabian Ranches;TRUE;692;7444;31,08;45;96;42;44;04.00;05.05
2025-11;Arabian Ranches 2;Arabian Ranches;TRUE;696;7492;32,63;45;65;55;94;04.00;05.05
2025-12;Arabian Ranches 2;Arabian Ranches;TRUE;702;7559;31,75;46;112;67;53;04.00;05.05
2026-01;Arabian Ranches 2;Arabian Ranches;TRUE;695;7476;31,96;45;141;53;62;04.00;05.05
2026-02;Arabian Ranches 2;Arabian Ranches;TRUE;672;7238;30,42;44;88;29;45;04.00;05.05
2026-03;Arabian Ranches 2;Arabian Ranches;TRUE;661;7117;29,63;43;139;71;49;04.00;05.05
2026-04;Arabian Ranches 2;Arabian Ranches;TRUE;677;7291;30,71;44;124;36;16;04.00;05.05
2020-01;Arabian Ranches 3;Arabian Ranches;TRUE;403;4335;19,54;26;153;66;59;01.05;03.00
2020-02;Arabian Ranches 3;Arabian Ranches;TRUE;422;4541;18,96;27;133;36;54;01.05;03.00
2020-03;Arabian Ranches 3;Arabian Ranches;TRUE;390;4195;18,08;25;123;6;69;01.05;03.00
2020-04;Arabian Ranches 3;Arabian Ranches;TRUE;393;4233;17,75;26;17;70;10;00.04;01.09
2020-05;Arabian Ranches 3;Arabian Ranches;TRUE;390;4203;18,04;25;101;5;78;00.04;01.09
2020-06;Arabian Ranches 3;Arabian Ranches;TRUE;408;4395;18,38;27;58;9;28;00.04;01.09
2020-07;Arabian Ranches 3;Arabian Ranches;TRUE;380;4085;17,00;25;141;59;76;00.04;01.09
2020-08;Arabian Ranches 3;Arabian Ranches;TRUE;392;4215;18,38;25;114;26;56;00.04;01.09
2020-09;Arabian Ranches 3;Arabian Ranches;TRUE;371;3996;17,92;24;47;12;86;00.04;01.09
2020-10;Arabian Ranches 3;Arabian Ranches;TRUE;375;4032;17,71;24;39;67;56;00.04;01.09
2020-11;Arabian Ranches 3;Arabian Ranches;TRUE;383;4118;17,46;25;103;13;104;00.04;01.09
2020-12;Arabian Ranches 3;Arabian Ranches;TRUE;383;4117;17,79;25;91;48;109;00.04;01.09
2021-01;Arabian Ranches 3;Arabian Ranches;TRUE;391;4214;18,13;25;84;54;57;00.04;01.09
2021-02;Arabian Ranches 3;Arabian Ranches;TRUE;407;4377;18,38;26;80;5;62;00.04;01.09
2021-03;Arabian Ranches 3;Arabian Ranches;TRUE;405;4355;18,50;26;24;66;92;00.04;01.09
2021-04;Arabian Ranches 3;Arabian Ranches;TRUE;419;4506;19,04;27;30;44;73;00.04;01.09
2021-05;Arabian Ranches 3;Arabian Ranches;TRUE;422;4540;19,25;27;120;68;21;00.04;01.09
2021-06;Arabian Ranches 3;Arabian Ranches;TRUE;450;4841;19,92;29;19;43;57;00.04;01.09
2021-07;Arabian Ranches 3;Arabian Ranches;TRUE;455;4899;19,42;30;90;20;26;00.04;01.09
2021-08;Arabian Ranches 3;Arabian Ranches;TRUE;442;4754;20,42;29;46;72;58;00.04;01.09
2021-09;Arabian Ranches 3;Arabian Ranches;TRUE;463;4983;22,50;30;104;78;58;00.04;01.09
2021-10;Arabian Ranches 3;Arabian Ranches;TRUE;449;4829;20,71;29;45;76;76;00.04;01.09
2021-11;Arabian Ranches 3;Arabian Ranches;TRUE;479;5161;22,75;31;105;61;85;00.04;01.09
2021-12;Arabian Ranches 3;Arabian Ranches;TRUE;463;4989;21,04;30;43;49;109;00.04;01.09
2022-01;Arabian Ranches 3;Arabian Ranches;TRUE;519;5589;23,25;34;157;61;52;00.04;01.09
2022-02;Arabian Ranches 3;Arabian Ranches;TRUE;514;5535;23,46;33;125;39;19;00.04;01.09
2022-03;Arabian Ranches 3;Arabian Ranches;TRUE;547;5887;25,00;36;153;53;101;00.04;01.09
2022-04;Arabian Ranches 3;Arabian Ranches;TRUE;534;5744;23,92;35;94;53;37;01.04;02.09
2022-05;Arabian Ranches 3;Arabian Ranches;TRUE;532;5724;23,96;35;118;17;115;01.04;02.09
2022-06;Arabian Ranches 3;Arabian Ranches;TRUE;548;5895;24,96;36;32;46;95;01.04;02.09
2022-07;Arabian Ranches 3;Arabian Ranches;TRUE;571;6151;26,21;37;79;38;71;01.04;02.09
2022-08;Arabian Ranches 3;Arabian Ranches;TRUE;579;6234;25,96;38;43;33;102;01.04;02.09
2022-09;Arabian Ranches 3;Arabian Ranches;TRUE;562;6045;26,54;37;96;6;11;01.04;02.09
2022-10;Arabian Ranches 3;Arabian Ranches;TRUE;579;6230;27,38;38;96;55;64;04.04;05.09
2022-11;Arabian Ranches 3;Arabian Ranches;TRUE;619;6660;29,21;40;113;45;71;04.04;05.09
2022-12;Arabian Ranches 3;Arabian Ranches;TRUE;608;6540;27,63;39;136;31;93;04.04;05.09
2023-01;Arabian Ranches 3;Arabian Ranches;TRUE;649;6990;28,96;42;156;66;96;04.04;05.09
2023-02;Arabian Ranches 3;Arabian Ranches;TRUE;652;7021;28,83;42;59;41;101;04.04;05.09
2023-03;Arabian Ranches 3;Arabian Ranches;TRUE;625;6729;29,00;41;147;33;115;04.04;05.09
2023-04;Arabian Ranches 3;Arabian Ranches;TRUE;651;7009;29,75;42;133;26;25;04.04;05.09
2023-05;Arabian Ranches 3;Arabian Ranches;TRUE;681;7329;31,92;44;107;40;89;04.04;05.09
2023-06;Arabian Ranches 3;Arabian Ranches;TRUE;688;7402;32,17;45;69;33;84;04.04;05.09
2023-07;Arabian Ranches 3;Arabian Ranches;TRUE;672;7236;29,00;44;95;54;82;05.04;06.09
2023-08;Arabian Ranches 3;Arabian Ranches;TRUE;702;7557;31,83;46;102;17;30;05.04;06.09
2023-09;Arabian Ranches 3;Arabian Ranches;TRUE;706;7603;32,17;46;161;58;49;05.04;06.09
2023-10;Arabian Ranches 3;Arabian Ranches;TRUE;749;8062;36,04;49;79;64;105;05.04;06.09
2023-11;Arabian Ranches 3;Arabian Ranches;TRUE;716;7708;32,67;47;136;58;64;05.04;06.09
2023-12;Arabian Ranches 3;Arabian Ranches;TRUE;748;8054;33,33;49;36;29;60;05.04;06.09
2024-01;Arabian Ranches 3;Arabian Ranches;TRUE;693;7463;31,75;45;88;73;84;05.04;06.09
2024-02;Arabian Ranches 3;Arabian Ranches;TRUE;706;7602;31,54;46;140;65;24;05.04;06.09
2024-03;Arabian Ranches 3;Arabian Ranches;TRUE;715;7700;32,21;46;133;55;72;05.04;06.09
2024-04;Arabian Ranches 3;Arabian Ranches;TRUE;673;7242;30,96;44;27;32;112;05.04;06.09
2024-05;Arabian Ranches 3;Arabian Ranches;TRUE;718;7724;33,00;47;117;26;94;05.04;06.09
2024-06;Arabian Ranches 3;Arabian Ranches;TRUE;695;7485;31,08;45;125;8;115;05.04;06.09
2024-07;Arabian Ranches 3;Arabian Ranches;TRUE;695;7485;33,00;45;158;58;86;0,211805556;06.15
2024-08;Arabian Ranches 3;Arabian Ranches;TRUE;727;7830;33,58;47;55;21;64;0,211805556;06.15
2024-09;Arabian Ranches 3;Arabian Ranches;TRUE;701;7545;33,50;46;28;50;118;0,211805556;06.15
2024-10;Arabian Ranches 3;Arabian Ranches;TRUE;673;7246;29,83;44;155;76;107;0,211805556;06.15
2024-11;Arabian Ranches 3;Arabian Ranches;TRUE;686;7382;32,75;45;20;31;89;0,211805556;06.15
2024-12;Arabian Ranches 3;Arabian Ranches;TRUE;727;7829;33,46;47;85;5;113;0,211805556;06.15
2025-01;Arabian Ranches 3;Arabian Ranches;TRUE;716;7705;32,13;47;59;39;92;0,211805556;06.15
2025-02;Arabian Ranches 3;Arabian Ranches;TRUE;674;7259;31,00;44;168;8;30;0,211805556;06.15
2025-03;Arabian Ranches 3;Arabian Ranches;TRUE;727;7820;33,75;47;175;57;101;0,211805556;06.15
2025-04;Arabian Ranches 3;Arabian Ranches;TRUE;722;7774;31,67;47;101;18;105;0,211805556;06.15
2025-05;Arabian Ranches 3;Arabian Ranches;TRUE;680;7318;29,92;44;147;14;105;0,211805556;06.15
2025-06;Arabian Ranches 3;Arabian Ranches;TRUE;676;7281;30,71;44;157;75;17;0,211805556;06.15
2025-07;Arabian Ranches 3;Arabian Ranches;TRUE;649;6983;29,96;42;73;67;66;04.00;05.05
2025-08;Arabian Ranches 3;Arabian Ranches;TRUE;671;7224;29,71;44;116;44;18;04.00;05.05
2025-09;Arabian Ranches 3;Arabian Ranches;TRUE;703;7565;32,92;46;114;43;16;04.00;05.05
2025-10;Arabian Ranches 3;Arabian Ranches;TRUE;716;7703;32,04;47;71;45;96;04.00;05.05
2025-11;Arabian Ranches 3;Arabian Ranches;TRUE;672;7232;29,88;44;174;53;28;04.00;05.05
2025-12;Arabian Ranches 3;Arabian Ranches;TRUE;693;7457;32,46;45;121;44;110;04.00;05.05
2026-01;Arabian Ranches 3;Arabian Ranches;TRUE;715;7691;33,38;46;103;48;60;04.00;05.05
2026-02;Arabian Ranches 3;Arabian Ranches;TRUE;690;7426;30,88;45;65;16;111;04.00;05.05
2026-03;Arabian Ranches 3;Arabian Ranches;TRUE;699;7527;32,29;45;165;20;79;04.00;05.05
2026-04;Arabian Ranches 3;Arabian Ranches;TRUE;697;7499;32,17;45;137;56;56;04.00;05.05
2020-01;The Springs;Emirates Living;TRUE;357;3840;15,71;23;62;5;117;01.05;03.00
2020-02;The Springs;Emirates Living;TRUE;375;4034;17,17;24;75;76;87;01.05;03.00
2020-03;The Springs;Emirates Living;TRUE;375;4034;16,79;24;35;38;102;01.05;03.00
2020-04;The Springs;Emirates Living;TRUE;359;3868;16,92;23;48;74;106;00.04;01.09
2020-05;The Springs;Emirates Living;TRUE;354;3808;15,71;23;72;67;23;00.04;01.09
2020-06;The Springs;Emirates Living;TRUE;357;3844;16,33;23;20;25;21;00.04;01.09
2020-07;The Springs;Emirates Living;TRUE;373;4013;17,00;24;64;69;115;00.04;01.09
2020-08;The Springs;Emirates Living;TRUE;336;3613;14,88;22;51;68;96;00.04;01.09
2020-09;The Springs;Emirates Living;TRUE;339;3649;14,88;22;76;38;117;00.04;01.09
2020-10;The Springs;Emirates Living;TRUE;349;3756;16,08;23;135;20;103;00.04;01.09
2020-11;The Springs;Emirates Living;TRUE;337;3629;15,17;22;173;23;11;00.04;01.09
2020-12;The Springs;Emirates Living;TRUE;344;3702;15,33;22;133;37;103;00.04;01.09
2021-01;The Springs;Emirates Living;TRUE;364;3916;16,29;24;39;28;101;00.04;01.09
2021-02;The Springs;Emirates Living;TRUE;373;4014;17,96;24;67;18;100;00.04;01.09
2021-03;The Springs;Emirates Living;TRUE;367;3952;16,50;24;63;26;86;00.04;01.09
2021-04;The Springs;Emirates Living;TRUE;366;3938;17,25;24;113;26;35;00.04;01.09
2021-05;The Springs;Emirates Living;TRUE;376;4049;17,04;24;159;57;98;00.04;01.09
2021-06;The Springs;Emirates Living;TRUE;392;4216;18,04;25;143;44;33;00.04;01.09
2021-07;The Springs;Emirates Living;TRUE;387;4160;18,17;25;173;9;26;00.04;01.09
2021-08;The Springs;Emirates Living;TRUE;418;4501;18,58;27;46;50;47;00.04;01.09
2021-09;The Springs;Emirates Living;TRUE;419;4515;18,67;27;113;44;99;00.04;01.09
2021-10;The Springs;Emirates Living;TRUE;399;4298;18,04;26;96;30;57;00.04;01.09
2021-11;The Springs;Emirates Living;TRUE;412;4432;19,04;27;164;31;38;00.04;01.09
2021-12;The Springs;Emirates Living;TRUE;428;4610;20,17;28;36;26;53;00.04;01.09
2022-01;The Springs;Emirates Living;TRUE;448;4827;20,83;29;136;23;47;00.04;01.09
2022-02;The Springs;Emirates Living;TRUE;471;5072;22,21;31;147;32;119;00.04;01.09
2022-03;The Springs;Emirates Living;TRUE;481;5179;21,50;31;70;52;18;00.04;01.09
2022-04;The Springs;Emirates Living;TRUE;483;5197;23,63;31;72;20;111;01.04;02.09
2022-05;The Springs;Emirates Living;TRUE;498;5359;23,54;32;38;21;104;01.04;02.09
2022-06;The Springs;Emirates Living;TRUE;495;5332;22,67;32;84;75;71;01.04;02.09
2022-07;The Springs;Emirates Living;TRUE;508;5472;22,42;33;47;77;38;01.04;02.09
2022-08;The Springs;Emirates Living;TRUE;519;5587;24,25;34;103;14;44;01.04;02.09
2022-09;The Springs;Emirates Living;TRUE;509;5483;23,79;33;157;8;23;01.04;02.09
2022-10;The Springs;Emirates Living;TRUE;549;5904;25,46;36;106;58;97;04.04;05.09
2022-11;The Springs;Emirates Living;TRUE;530;5708;24,54;34;64;61;47;04.04;05.09
2022-12;The Springs;Emirates Living;TRUE;552;5945;25,58;36;56;12;56;04.04;05.09
2023-01;The Springs;Emirates Living;TRUE;563;6060;25,79;37;178;15;116;04.04;05.09
2023-02;The Springs;Emirates Living;TRUE;561;6043;25,96;36;109;71;101;04.04;05.09
2023-03;The Springs;Emirates Living;TRUE;576;6196;27,38;37;41;8;46;04.04;05.09
2023-04;The Springs;Emirates Living;TRUE;589;6338;25,67;38;118;66;53;04.04;05.09
2023-05;The Springs;Emirates Living;TRUE;600;6455;27,54;39;174;56;73;04.04;05.09
2023-06;The Springs;Emirates Living;TRUE;622;6700;28,67;40;140;28;30;04.04;05.09
2023-07;The Springs;Emirates Living;TRUE;642;6916;30,00;42;84;65;87;05.04;06.09
2023-08;The Springs;Emirates Living;TRUE;629;6772;30,25;41;57;11;53;05.04;06.09
2023-09;The Springs;Emirates Living;TRUE;652;7022;30,25;42;142;43;21;05.04;06.09
2023-10;The Springs;Emirates Living;TRUE;664;7144;30,38;43;17;73;21;05.04;06.09
2023-11;The Springs;Emirates Living;TRUE;660;7108;28,79;43;75;61;65;05.04;06.09
2023-12;The Springs;Emirates Living;TRUE;671;7222;30,42;44;68;27;83;05.04;06.09
2024-01;The Springs;Emirates Living;TRUE;635;6833;29,42;41;150;38;13;05.04;06.09
2024-02;The Springs;Emirates Living;TRUE;617;6636;29,29;40;69;48;24;05.04;06.09
2024-03;The Springs;Emirates Living;TRUE;627;6753;28,79;41;113;40;16;05.04;06.09
2024-04;The Springs;Emirates Living;TRUE;620;6673;27,75;40;134;53;110;05.04;06.09
2024-05;The Springs;Emirates Living;TRUE;650;6997;30,08;42;105;73;41;05.04;06.09
2024-06;The Springs;Emirates Living;TRUE;615;6619;28,88;40;21;31;47;05.04;06.09
2024-07;The Springs;Emirates Living;TRUE;625;6728;29,21;41;119;52;22;0,211805556;06.15
2024-08;The Springs;Emirates Living;TRUE;636;6843;28,29;41;158;74;77;0,211805556;06.15
2024-09;The Springs;Emirates Living;TRUE;660;7106;30,54;43;139;52;36;0,211805556;06.15
2024-10;The Springs;Emirates Living;TRUE;625;6725;27,83;41;88;40;106;0,211805556;06.15
2024-11;The Springs;Emirates Living;TRUE;628;6763;29,21;41;100;43;89;0,211805556;06.15
2024-12;The Springs;Emirates Living;TRUE;635;6839;28,75;41;118;69;33;0,211805556;06.15
2025-01;The Springs;Emirates Living;TRUE;648;6970;29,96;42;177;65;47;0,211805556;06.15
2025-02;The Springs;Emirates Living;TRUE;625;6731;28,46;41;99;53;108;0,211805556;06.15
2025-03;The Springs;Emirates Living;TRUE;621;6690;28,54;40;76;42;119;0,211805556;06.15
2025-04;The Springs;Emirates Living;TRUE;666;7166;30,79;43;38;27;117;0,211805556;06.15
2025-05;The Springs;Emirates Living;TRUE;616;6634;27,63;40;45;44;51;0,211805556;06.15
2025-06;The Springs;Emirates Living;TRUE;619;6659;27,50;40;44;13;47;0,211805556;06.15
2025-07;The Springs;Emirates Living;TRUE;606;6521;27,46;39;103;48;67;04.00;05.05
2025-08;The Springs;Emirates Living;TRUE;628;6764;27,71;41;126;28;11;04.00;05.05
2025-09;The Springs;Emirates Living;TRUE;645;6938;29,46;42;144;32;91;04.00;05.05
2025-10;The Springs;Emirates Living;TRUE;640;6894;29,42;42;70;56;25;04.00;05.05
2025-11;The Springs;Emirates Living;TRUE;612;6588;28,50;40;122;19;85;04.00;05.05
2025-12;The Springs;Emirates Living;TRUE;616;6628;28,67;40;73;18;70;04.00;05.05
2026-01;The Springs;Emirates Living;TRUE;617;6644;28,75;40;40;68;59;04.00;05.05
2026-02;The Springs;Emirates Living;TRUE;604;6506;28,08;39;75;24;28;04.00;05.05
2026-03;The Springs;Emirates Living;TRUE;616;6633;29,17;40;34;36;62;04.00;05.05
2026-04;The Springs;Emirates Living;TRUE;625;6726;28,96;41;147;76;49;04.00;05.05
2020-01;The Meadows;Emirates Living;TRUE;400;4305;18,33;26;102;55;61;01.05;03.00
2020-02;The Meadows;Emirates Living;TRUE;418;4498;18,79;27;38;25;50;01.05;03.00
2020-03;The Meadows;Emirates Living;TRUE;403;4339;17,79;26;152;53;93;01.05;03.00
2020-04;The Meadows;Emirates Living;TRUE;406;4375;18,83;26;139;32;53;00.04;01.09
2020-05;The Meadows;Emirates Living;TRUE;404;4350;19,08;26;129;27;13;00.04;01.09
2020-06;The Meadows;Emirates Living;TRUE;413;4445;19,21;27;128;10;97;00.04;01.09
2020-07;The Meadows;Emirates Living;TRUE;411;4428;18,58;27;101;77;20;00.04;01.09
2020-08;The Meadows;Emirates Living;TRUE;386;4152;17,50;25;133;73;59;00.04;01.09
2020-09;The Meadows;Emirates Living;TRUE;403;4339;18,00;26;179;36;66;00.04;01.09
2020-10;The Meadows;Emirates Living;TRUE;394;4244;18,04;26;105;36;23;00.04;01.09
2020-11;The Meadows;Emirates Living;TRUE;377;4059;17,46;25;92;56;57;00.04;01.09
2020-12;The Meadows;Emirates Living;TRUE;392;4223;18,13;26;17;60;88;00.04;01.09
2021-01;The Meadows;Emirates Living;TRUE;397;4274;18,21;26;19;64;87;00.04;01.09
2021-02;The Meadows;Emirates Living;TRUE;404;4352;18,42;26;128;26;71;00.04;01.09
2021-03;The Meadows;Emirates Living;TRUE;411;4424;17,63;27;150;25;72;00.04;01.09
2021-04;The Meadows;Emirates Living;TRUE;425;4580;19,75;28;78;20;33;00.04;01.09
2021-05;The Meadows;Emirates Living;TRUE;457;4919;21,96;30;43;5;28;00.04;01.09
2021-06;The Meadows;Emirates Living;TRUE;451;4850;21,46;29;84;71;20;00.04;01.09
2021-07;The Meadows;Emirates Living;TRUE;454;4886;20,50;30;102;25;51;00.04;01.09
2021-08;The Meadows;Emirates Living;TRUE;461;4962;21,38;30;73;22;70;00.04;01.09
2021-09;The Meadows;Emirates Living;TRUE;475;5109;21,67;31;140;27;75;00.04;01.09
2021-10;The Meadows;Emirates Living;TRUE;503;5410;22,00;33;150;61;85;00.04;01.09
2021-11;The Meadows;Emirates Living;TRUE;488;5251;22,25;32;37;32;81;00.04;01.09
2021-12;The Meadows;Emirates Living;TRUE;494;5320;22,54;32;149;78;75;00.04;01.09
2022-01;The Meadows;Emirates Living;TRUE;524;5638;23,88;34;71;14;97;00.04;01.09
2022-02;The Meadows;Emirates Living;TRUE;517;5568;23,67;34;46;47;14;00.04;01.09
2022-03;The Meadows;Emirates Living;TRUE;537;5776;24,92;35;165;28;12;00.04;01.09
2022-04;The Meadows;Emirates Living;TRUE;564;6068;26,04;37;35;46;51;01.04;02.09
2022-05;The Meadows;Emirates Living;TRUE;577;6208;25,50;37;118;73;23;01.04;02.09
2022-06;The Meadows;Emirates Living;TRUE;586;6309;26,67;38;169;58;81;01.04;02.09
2022-07;The Meadows;Emirates Living;TRUE;604;6499;26,71;39;69;12;43;01.04;02.09
2022-08;The Meadows;Emirates Living;TRUE;588;6324;27,04;38;167;5;84;01.04;02.09
2022-09;The Meadows;Emirates Living;TRUE;595;6400;27,88;39;148;61;23;01.04;02.09
2022-10;The Meadows;Emirates Living;TRUE;649;6984;29,50;42;19;20;58;04.04;05.09
2022-11;The Meadows;Emirates Living;TRUE;608;6550;28,38;40;50;75;61;04.04;05.09
2022-12;The Meadows;Emirates Living;TRUE;652;7019;30,75;42;31;25;27;04.04;05.09
2023-01;The Meadows;Emirates Living;TRUE;621;6689;27,63;40;52;25;45;04.04;05.09
2023-02;The Meadows;Emirates Living;TRUE;657;7074;30,04;43;173;28;94;04.04;05.09
2023-03;The Meadows;Emirates Living;TRUE;659;7098;30,96;43;150;41;115;04.04;05.09
2023-04;The Meadows;Emirates Living;TRUE;685;7376;32,08;45;151;45;72;04.04;05.09
2023-05;The Meadows;Emirates Living;TRUE;688;7408;31,92;45;164;8;88;04.04;05.09
2023-06;The Meadows;Emirates Living;TRUE;689;7416;32,33;45;47;54;77;04.04;05.09
2023-07;The Meadows;Emirates Living;TRUE;730;7859;35,00;47;112;33;21;05.04;06.09
2023-08;The Meadows;Emirates Living;TRUE;774;8333;34,17;50;179;64;116;05.04;06.09
2023-09;The Meadows;Emirates Living;TRUE;727;7825;33,79;47;178;54;109;05.04;06.09
2023-10;The Meadows;Emirates Living;TRUE;724;7798;32,75;47;41;12;84;05.04;06.09
2023-11;The Meadows;Emirates Living;TRUE;768;8268;34,25;50;17;70;110;05.04;06.09
2023-12;The Meadows;Emirates Living;TRUE;742;7988;34,79;48;28;14;49;05.04;06.09
2024-01;The Meadows;Emirates Living;TRUE;754;8111;33,96;49;91;67;54;05.04;06.09
2024-02;The Meadows;Emirates Living;TRUE;725;7800;33,04;47;103;48;53;05.04;06.09
2024-03;The Meadows;Emirates Living;TRUE;742;7990;35,08;48;21;75;37;05.04;06.09
2024-04;The Meadows;Emirates Living;TRUE;733;7890;34,67;48;138;43;37;05.04;06.09
2024-05;The Meadows;Emirates Living;TRUE;733;7892;34,54;48;174;15;48;05.04;06.09
2024-06;The Meadows;Emirates Living;TRUE;749;8063;34,04;49;65;42;98;05.04;06.09
2024-07;The Meadows;Emirates Living;TRUE;743;8000;34,63;48;133;71;18;0,211805556;06.15
2024-08;The Meadows;Emirates Living;TRUE;723;7784;32,63;47;66;11;117;0,211805556;06.15
2024-09;The Meadows;Emirates Living;TRUE;726;7811;32,63;47;122;38;68;0,211805556;06.15
2024-10;The Meadows;Emirates Living;TRUE;713;7675;32,21;46;65;48;63;0,211805556;06.15
2024-11;The Meadows;Emirates Living;TRUE;734;7900;33,38;48;33;40;55;0,211805556;06.15
2024-12;The Meadows;Emirates Living;TRUE;739;7950;33,83;48;128;34;88;0,211805556;06.15
2025-01;The Meadows;Emirates Living;TRUE;703;7571;31,67;46;87;22;86;0,211805556;06.15
2025-02;The Meadows;Emirates Living;TRUE;715;7696;31,96;46;64;44;103;0,211805556;06.15
2025-03;The Meadows;Emirates Living;TRUE;690;7430;32,79;45;75;76;70;0,211805556;06.15
2025-04;The Meadows;Emirates Living;TRUE;767;8259;35,29;50;140;30;68;0,211805556;06.15
2025-05;The Meadows;Emirates Living;TRUE;668;7186;30,42;43;82;10;30;0,211805556;06.15
2025-06;The Meadows;Emirates Living;TRUE;734;7904;32,67;48;29;28;58;0,211805556;06.15
2025-07;The Meadows;Emirates Living;TRUE;737;7936;34,13;48;101;70;46;04.00;05.05
2025-08;The Meadows;Emirates Living;TRUE;728;7836;33,25;47;20;76;98;04.00;05.05
2025-09;The Meadows;Emirates Living;TRUE;728;7836;32,33;47;158;32;64;04.00;05.05
2025-10;The Meadows;Emirates Living;TRUE;717;7718;33,63;47;150;79;21;04.00;05.05
2025-11;The Meadows;Emirates Living;TRUE;766;8250;33,79;50;146;55;69;04.00;05.05
2025-12;The Meadows;Emirates Living;TRUE;712;7668;31,63;46;55;38;83;04.00;05.05
2026-01;The Meadows;Emirates Living;TRUE;702;7552;31,58;46;149;17;13;04.00;05.05
2026-02;The Meadows;Emirates Living;TRUE;720;7749;31,88;47;48;29;55;04.00;05.05
2026-03;The Meadows;Emirates Living;TRUE;728;7831;34,79;47;23;29;32;04.00;05.05
2026-04;The Meadows;Emirates Living;TRUE;727;7830;33,71;47;71;65;42;04.00;05.05
2020-01;The Lakes;Emirates Living;TRUE;410;4410;17,63;27;94;9;56;01.05;03.00
2020-02;The Lakes;Emirates Living;TRUE;409;4398;18,46;27;71;44;85;01.05;03.00
2020-03;The Lakes;Emirates Living;TRUE;433;4662;19,50;28;162;50;17;01.05;03.00
2020-04;The Lakes;Emirates Living;TRUE;399;4289;17,38;26;127;64;76;00.04;01.09
2020-05;The Lakes;Emirates Living;TRUE;395;4247;18,63;26;107;32;75;00.04;01.09
2020-06;The Lakes;Emirates Living;TRUE;409;4402;18,71;27;32;34;43;00.04;01.09
2020-07;The Lakes;Emirates Living;TRUE;373;4016;16,38;24;28;74;38;00.04;01.09
2020-08;The Lakes;Emirates Living;TRUE;389;4182;17,63;25;38;69;81;00.04;01.09
2020-09;The Lakes;Emirates Living;TRUE;387;4168;18,00;25;159;20;111;00.04;01.09
2020-10;The Lakes;Emirates Living;TRUE;374;4027;16,58;24;118;69;99;00.04;01.09
2020-11;The Lakes;Emirates Living;TRUE;383;4123;17,25;25;136;50;95;00.04;01.09
2020-12;The Lakes;Emirates Living;TRUE;393;4231;17,63;26;109;76;15;00.04;01.09
2021-01;The Lakes;Emirates Living;TRUE;425;4570;19,67;28;18;6;68;00.04;01.09
2021-02;The Lakes;Emirates Living;TRUE;392;4219;18,50;25;153;74;90;00.04;01.09
2021-03;The Lakes;Emirates Living;TRUE;416;4477;18,92;27;178;37;117;00.04;01.09
2021-04;The Lakes;Emirates Living;TRUE;401;4315;18,67;26;146;20;62;00.04;01.09
2021-05;The Lakes;Emirates Living;TRUE;435;4686;21,21;28;58;56;51;00.04;01.09
2021-06;The Lakes;Emirates Living;TRUE;435;4680;19,96;28;43;67;66;00.04;01.09
2021-07;The Lakes;Emirates Living;TRUE;418;4502;19,50;27;103;24;23;00.04;01.09
2021-08;The Lakes;Emirates Living;TRUE;448;4819;20,54;29;70;67;110;00.04;01.09
2021-09;The Lakes;Emirates Living;TRUE;458;4925;21,50;30;73;36;111;00.04;01.09
2021-10;The Lakes;Emirates Living;TRUE;457;4924;21,92;30;109;54;40;00.04;01.09
2021-11;The Lakes;Emirates Living;TRUE;468;5041;20,96;30;96;49;17;00.04;01.09
2021-12;The Lakes;Emirates Living;TRUE;488;5250;21,79;32;46;66;98;00.04;01.09
2022-01;The Lakes;Emirates Living;TRUE;511;5501;23,71;33;42;34;19;00.04;01.09
2022-02;The Lakes;Emirates Living;TRUE;500;5378;21,50;32;15;14;86;00.04;01.09
2022-03;The Lakes;Emirates Living;TRUE;543;5849;24,38;35;65;27;99;00.04;01.09
2022-04;The Lakes;Emirates Living;TRUE;536;5769;24,17;35;87;26;80;01.04;02.09
2022-05;The Lakes;Emirates Living;TRUE;533;5742;24,21;35;41;47;112;01.04;02.09
2022-06;The Lakes;Emirates Living;TRUE;549;5913;25,42;36;103;13;88;01.04;02.09
2022-07;The Lakes;Emirates Living;TRUE;542;5830;25,08;35;42;50;113;01.04;02.09
2022-08;The Lakes;Emirates Living;TRUE;583;6281;27,00;38;163;72;89;01.04;02.09
2022-09;The Lakes;Emirates Living;TRUE;581;6253;25,96;38;113;44;30;01.04;02.09
2022-10;The Lakes;Emirates Living;TRUE;593;6378;26,92;39;139;14;55;04.04;05.09
2022-11;The Lakes;Emirates Living;TRUE;623;6711;29,17;41;151;57;84;04.04;05.09
2022-12;The Lakes;Emirates Living;TRUE;610;6568;27,75;40;83;37;98;04.04;05.09
2023-01;The Lakes;Emirates Living;TRUE;590;6349;26,75;38;104;49;11;04.04;05.09
2023-02;The Lakes;Emirates Living;TRUE;644;6937;29,33;42;163;50;81;04.04;05.09
2023-03;The Lakes;Emirates Living;TRUE;655;7049;29,63;43;157;22;87;04.04;05.09
2023-04;The Lakes;Emirates Living;TRUE;662;7121;29,08;43;75;39;115;04.04;05.09
2023-05;The Lakes;Emirates Living;TRUE;656;7060;30,08;43;148;35;55;04.04;05.09
2023-06;The Lakes;Emirates Living;TRUE;699;7522;32,33;45;110;5;103;04.04;05.09
2023-07;The Lakes;Emirates Living;TRUE;696;7494;30,75;45;149;17;113;05.04;06.09
2023-08;The Lakes;Emirates Living;TRUE;691;7440;32,38;45;114;30;16;05.04;06.09
2023-09;The Lakes;Emirates Living;TRUE;701;7541;32,00;46;105;61;71;05.04;06.09
2023-10;The Lakes;Emirates Living;TRUE;754;8113;33,92;49;74;59;52;05.04;06.09
2023-11;The Lakes;Emirates Living;TRUE;700;7539;31,83;46;105;22;10;05.04;06.09
2023-12;The Lakes;Emirates Living;TRUE;724;7796;33,92;47;133;59;106;05.04;06.09
2024-01;The Lakes;Emirates Living;TRUE;716;7711;33,50;47;56;34;103;05.04;06.09
2024-02;The Lakes;Emirates Living;TRUE;722;7769;34,63;47;173;14;48;05.04;06.09
2024-03;The Lakes;Emirates Living;TRUE;705;7585;33,38;46;90;47;56;05.04;06.09
2024-04;The Lakes;Emirates Living;TRUE;689;7417;32,00;45;23;39;97;05.04;06.09
2024-05;The Lakes;Emirates Living;TRUE;714;7680;33,83;46;157;45;45;05.04;06.09
2024-06;The Lakes;Emirates Living;TRUE;685;7374;32,67;45;116;49;98;05.04;06.09
2024-07;The Lakes;Emirates Living;TRUE;713;7670;32,83;46;58;16;21;0,211805556;06.15
2024-08;The Lakes;Emirates Living;TRUE;689;7419;33,13;45;104;21;81;0,211805556;06.15
2024-09;The Lakes;Emirates Living;TRUE;687;7392;31,46;45;58;15;108;0,211805556;06.15
2024-10;The Lakes;Emirates Living;TRUE;700;7534;32,67;45;147;11;12;0,211805556;06.15
2024-11;The Lakes;Emirates Living;TRUE;698;7517;31,88;45;88;27;23;0,211805556;06.15
2024-12;The Lakes;Emirates Living;TRUE;688;7409;31,21;45;62;35;42;0,211805556;06.15
2025-01;The Lakes;Emirates Living;TRUE;698;7513;31,42;45;111;73;108;0,211805556;06.15
2025-02;The Lakes;Emirates Living;TRUE;685;7376;31,46;45;116;53;12;0,211805556;06.15
2025-03;The Lakes;Emirates Living;TRUE;693;7457;32,04;45;65;76;14;0,211805556;06.15
2025-04;The Lakes;Emirates Living;TRUE;712;7669;32,42;46;57;53;52;0,211805556;06.15
2025-05;The Lakes;Emirates Living;TRUE;691;7435;31,83;45;167;18;56;0,211805556;06.15
2025-06;The Lakes;Emirates Living;TRUE;669;7199;31,63;43;32;47;28;0,211805556;06.15
2025-07;The Lakes;Emirates Living;TRUE;697;7507;32,88;45;148;25;45;04.00;05.05
2025-08;The Lakes;Emirates Living;TRUE;697;7504;31,25;45;168;5;104;04.00;05.05
2025-09;The Lakes;Emirates Living;TRUE;705;7585;31,58;46;169;52;71;04.00;05.05
2025-10;The Lakes;Emirates Living;TRUE;686;7385;30,33;45;31;58;89;04.00;05.05
2025-11;The Lakes;Emirates Living;TRUE;709;7634;32,13;46;164;62;83;04.00;05.05
2025-12;The Lakes;Emirates Living;TRUE;691;7441;31,08;45;142;10;100;04.00;05.05
2026-01;The Lakes;Emirates Living;TRUE;695;7485;31,71;45;38;29;37;04.00;05.05
2026-02;The Lakes;Emirates Living;TRUE;708;7620;31,50;46;87;42;111;04.00;05.05
2026-03;The Lakes;Emirates Living;TRUE;708;7625;31,79;46;154;58;86;04.00;05.05
2026-04;The Lakes;Emirates Living;TRUE;715;7692;33,75;46;73;79;65;04.00;05.05
2020-01;Jumeirah Park;Emirates Living;TRUE;404;4347;18,67;26;21;33;19;01.05;03.00
2020-02;Jumeirah Park;Emirates Living;TRUE;405;4355;18,71;26;49;43;58;01.05;03.00
2020-03;Jumeirah Park;Emirates Living;TRUE;406;4373;18,38;26;48;66;58;01.05;03.00
2020-04;Jumeirah Park;Emirates Living;TRUE;404;4351;18,63;26;148;23;104;00.04;01.09
2020-05;Jumeirah Park;Emirates Living;TRUE;405;4354;18,38;26;159;12;119;00.04;01.09
2020-06;Jumeirah Park;Emirates Living;TRUE;403;4333;18,79;26;43;29;64;00.04;01.09
2020-07;Jumeirah Park;Emirates Living;TRUE;395;4255;18,58;26;78;21;71;00.04;01.09
2020-08;Jumeirah Park;Emirates Living;TRUE;399;4294;17,63;26;127;14;86;00.04;01.09
2020-09;Jumeirah Park;Emirates Living;TRUE;394;4244;18,71;26;115;75;23;00.04;01.09
2020-10;Jumeirah Park;Emirates Living;TRUE;376;4042;16,71;24;79;44;66;00.04;01.09
2020-11;Jumeirah Park;Emirates Living;TRUE;379;4083;17,42;25;81;8;103;00.04;01.09
2020-12;Jumeirah Park;Emirates Living;TRUE;385;4144;17,79;25;108;23;94;00.04;01.09
2021-01;Jumeirah Park;Emirates Living;TRUE;402;4331;18,42;26;70;27;76;00.04;01.09
2021-02;Jumeirah Park;Emirates Living;TRUE;393;4235;18,42;26;107;20;93;00.04;01.09
2021-03;Jumeirah Park;Emirates Living;TRUE;408;4392;17,92;27;61;28;73;00.04;01.09
2021-04;Jumeirah Park;Emirates Living;TRUE;428;4603;19,00;28;19;26;96;00.04;01.09
2021-05;Jumeirah Park;Emirates Living;TRUE;428;4609;19,58;28;152;45;62;00.04;01.09
2021-06;Jumeirah Park;Emirates Living;TRUE;436;4690;19,83;28;123;39;20;00.04;01.09
2021-07;Jumeirah Park;Emirates Living;TRUE;444;4784;20,13;29;77;64;99;00.04;01.09
2021-08;Jumeirah Park;Emirates Living;TRUE;439;4729;19,92;29;105;31;38;00.04;01.09
2021-09;Jumeirah Park;Emirates Living;TRUE;441;4751;19,71;29;173;20;96;00.04;01.09
2021-10;Jumeirah Park;Emirates Living;TRUE;436;4695;20,25;28;64;39;97;00.04;01.09
2021-11;Jumeirah Park;Emirates Living;TRUE;465;5009;21,29;30;161;67;97;00.04;01.09
2021-12;Jumeirah Park;Emirates Living;TRUE;461;4958;21,33;30;96;76;45;00.04;01.09
2022-01;Jumeirah Park;Emirates Living;TRUE;511;5504;22,04;33;67;60;42;00.04;01.09
2022-02;Jumeirah Park;Emirates Living;TRUE;509;5482;23,29;33;161;55;30;00.04;01.09
2022-03;Jumeirah Park;Emirates Living;TRUE;520;5595;24,04;34;113;41;51;00.04;01.09
2022-04;Jumeirah Park;Emirates Living;TRUE;530;5704;24,50;34;31;52;27;01.04;02.09
2022-05;Jumeirah Park;Emirates Living;TRUE;537;5785;24,54;35;145;29;46;01.04;02.09
2022-06;Jumeirah Park;Emirates Living;TRUE;557;5992;26,38;36;165;46;81;01.04;02.09
2022-07;Jumeirah Park;Emirates Living;TRUE;566;6097;25,38;37;116;20;101;01.04;02.09
2022-08;Jumeirah Park;Emirates Living;TRUE;569;6123;26,54;37;135;49;100;01.04;02.09
2022-09;Jumeirah Park;Emirates Living;TRUE;587;6315;26,21;38;172;59;35;01.04;02.09
2022-10;Jumeirah Park;Emirates Living;TRUE;579;6228;25,79;38;157;18;66;04.04;05.09
2022-11;Jumeirah Park;Emirates Living;TRUE;630;6782;29,33;41;113;42;53;04.04;05.09
2022-12;Jumeirah Park;Emirates Living;TRUE;592;6368;27,92;38;101;13;33;04.04;05.09
2023-01;Jumeirah Park;Emirates Living;TRUE;614;6604;28,71;40;99;26;30;04.04;05.09
2023-02;Jumeirah Park;Emirates Living;TRUE;609;6557;28,33;40;149;51;75;04.04;05.09
2023-03;Jumeirah Park;Emirates Living;TRUE;676;7276;31,83;44;63;53;52;04.04;05.09
2023-04;Jumeirah Park;Emirates Living;TRUE;657;7076;30,67;43;150;32;48;04.04;05.09
2023-05;Jumeirah Park;Emirates Living;TRUE;659;7098;30,46;43;105;47;71;04.04;05.09
2023-06;Jumeirah Park;Emirates Living;TRUE;685;7369;32,25;45;74;14;27;04.04;05.09
2023-07;Jumeirah Park;Emirates Living;TRUE;696;7487;32,54;45;170;40;48;05.04;06.09
2023-08;Jumeirah Park;Emirates Living;TRUE;666;7171;29,75;43;171;40;46;05.04;06.09
2023-09;Jumeirah Park;Emirates Living;TRUE;743;7994;34,25;48;40;15;45;05.04;06.09
2023-10;Jumeirah Park;Emirates Living;TRUE;720;7746;31,29;47;92;22;10;05.04;06.09
2023-11;Jumeirah Park;Emirates Living;TRUE;739;7954;32,79;48;38;41;65;05.04;06.09
2023-12;Jumeirah Park;Emirates Living;TRUE;701;7542;31,79;46;45;67;61;05.04;06.09
2024-01;Jumeirah Park;Emirates Living;TRUE;715;7699;35,17;46;54;48;39;05.04;06.09
2024-02;Jumeirah Park;Emirates Living;TRUE;761;8188;34,29;49;44;42;14;05.04;06.09
2024-03;Jumeirah Park;Emirates Living;TRUE;704;7574;32,13;46;127;60;81;05.04;06.09
2024-04;Jumeirah Park;Emirates Living;TRUE;703;7565;31,83;46;126;38;22;05.04;06.09
2024-05;Jumeirah Park;Emirates Living;TRUE;679;7304;31,29;44;38;70;49;05.04;06.09
2024-06;Jumeirah Park;Emirates Living;TRUE;681;7326;32,04;44;137;23;80;05.04;06.09
2024-07;Jumeirah Park;Emirates Living;TRUE;702;7554;33,75;46;115;71;74;0,211805556;06.15
2024-08;Jumeirah Park;Emirates Living;TRUE;743;7999;32,71;48;49;14;78;0,211805556;06.15
2024-09;Jumeirah Park;Emirates Living;TRUE;722;7774;32,42;47;88;19;40;0,211805556;06.15
2024-10;Jumeirah Park;Emirates Living;TRUE;709;7634;33,83;46;141;24;57;0,211805556;06.15
2024-11;Jumeirah Park;Emirates Living;TRUE;704;7575;32,92;46;37;72;95;0,211805556;06.15
2024-12;Jumeirah Park;Emirates Living;TRUE;659;7090;31,42;43;43;72;11;0,211805556;06.15
2025-01;Jumeirah Park;Emirates Living;TRUE;718;7732;32,46;47;53;61;44;0,211805556;06.15
2025-02;Jumeirah Park;Emirates Living;TRUE;702;7555;31,17;46;131;68;41;0,211805556;06.15
2025-03;Jumeirah Park;Emirates Living;TRUE;694;7473;32,50;45;36;10;98;0,211805556;06.15
2025-04;Jumeirah Park;Emirates Living;TRUE;684;7361;31,58;44;148;46;54;0,211805556;06.15
2025-05;Jumeirah Park;Emirates Living;TRUE;695;7484;32,21;45;156;68;115;0,211805556;06.15
2025-06;Jumeirah Park;Emirates Living;TRUE;702;7551;32,00;46;120;5;22;0,211805556;06.15
2025-07;Jumeirah Park;Emirates Living;TRUE;662;7127;29,17;43;115;79;46;04.00;05.05
2025-08;Jumeirah Park;Emirates Living;TRUE;685;7368;31,50;44;88;55;89;04.00;05.05
2025-09;Jumeirah Park;Emirates Living;TRUE;671;7225;31,63;44;174;59;69;04.00;05.05
2025-10;Jumeirah Park;Emirates Living;TRUE;688;7409;32,67;45;42;76;56;04.00;05.05
2025-11;Jumeirah Park;Emirates Living;TRUE;701;7550;32,08;46;19;46;64;04.00;05.05
2025-12;Jumeirah Park;Emirates Living;TRUE;694;7468;32,54;45;105;64;32;04.00;05.05
2026-01;Jumeirah Park;Emirates Living;TRUE;704;7576;31,75;46;85;13;31;04.00;05.05
2026-02;Jumeirah Park;Emirates Living;TRUE;693;7461;30,88;45;163;29;37;04.00;05.05
2026-03;Jumeirah Park;Emirates Living;TRUE;711;7648;32,75;46;87;39;21;04.00;05.05
2026-04;Jumeirah Park;Emirates Living;TRUE;693;7454;32,17;45;126;58;46;04.00;05.05
2020-01;Jumeirah Islands;Emirates Living;TRUE;462;4969;21,54;30;56;63;24;01.05;03.00
2020-02;Jumeirah Islands;Emirates Living;TRUE;469;5043;21,08;30;115;69;116;01.05;03.00
2020-03;Jumeirah Islands;Emirates Living;TRUE;438;4719;20,21;28;23;74;92;01.05;03.00
2020-04;Jumeirah Islands;Emirates Living;TRUE;467;5024;21,58;30;68;69;14;00.04;01.09
2020-05;Jumeirah Islands;Emirates Living;TRUE;454;4884;20,67;29;19;67;111;00.04;01.09
2020-06;Jumeirah Islands;Emirates Living;TRUE;430;4630;19,42;28;100;46;28;00.04;01.09
2020-07;Jumeirah Islands;Emirates Living;TRUE;444;4783;21,50;29;25;17;47;00.04;01.09
2020-08;Jumeirah Islands;Emirates Living;TRUE;463;4979;21,46;30;105;15;29;00.04;01.09
2020-09;Jumeirah Islands;Emirates Living;TRUE;446;4799;20,75;29;29;12;55;00.04;01.09
2020-10;Jumeirah Islands;Emirates Living;TRUE;410;4413;19,54;27;111;45;77;00.04;01.09
2020-11;Jumeirah Islands;Emirates Living;TRUE;437;4703;21,13;28;26;52;18;00.04;01.09
2020-12;Jumeirah Islands;Emirates Living;TRUE;444;4776;21,08;29;28;25;26;00.04;01.09
2021-01;Jumeirah Islands;Emirates Living;TRUE;460;4957;21,04;30;75;48;116;00.04;01.09
2021-02;Jumeirah Islands;Emirates Living;TRUE;482;5187;21,96;31;179;77;49;00.04;01.09
2021-03;Jumeirah Islands;Emirates Living;TRUE;451;4851;20,33;29;178;18;75;00.04;01.09
2021-04;Jumeirah Islands;Emirates Living;TRUE;472;5079;21,42;31;56;59;33;00.04;01.09
2021-05;Jumeirah Islands;Emirates Living;TRUE;479;5157;22,13;31;131;26;82;00.04;01.09
2021-06;Jumeirah Islands;Emirates Living;TRUE;503;5409;23,83;33;101;60;69;00.04;01.09
2021-07;Jumeirah Islands;Emirates Living;TRUE;525;5648;23,96;34;46;7;45;00.04;01.09
2021-08;Jumeirah Islands;Emirates Living;TRUE;522;5615;23,50;34;112;52;75;00.04;01.09
2021-09;Jumeirah Islands;Emirates Living;TRUE;525;5648;24,00;34;101;34;13;00.04;01.09
2021-10;Jumeirah Islands;Emirates Living;TRUE;533;5742;24,04;35;36;25;106;00.04;01.09
2021-11;Jumeirah Islands;Emirates Living;TRUE;528;5686;26,33;34;112;22;40;00.04;01.09
2021-12;Jumeirah Islands;Emirates Living;TRUE;571;6149;26,83;37;16;78;27;00.04;01.09
2022-01;Jumeirah Islands;Emirates Living;TRUE;597;6427;27,92;39;83;22;33;00.04;01.09
2022-02;Jumeirah Islands;Emirates Living;TRUE;592;6371;27,58;38;138;78;56;00.04;01.09
2022-03;Jumeirah Islands;Emirates Living;TRUE;578;6222;26,96;38;26;74;108;00.04;01.09
2022-04;Jumeirah Islands;Emirates Living;TRUE;610;6567;28,08;40;179;66;92;01.04;02.09
2022-05;Jumeirah Islands;Emirates Living;TRUE;626;6736;28,71;41;42;40;109;01.04;02.09
2022-06;Jumeirah Islands;Emirates Living;TRUE;654;7037;30,79;42;55;48;30;01.04;02.09
2022-07;Jumeirah Islands;Emirates Living;TRUE;661;7116;30,63;43;118;62;19;01.04;02.09
2022-08;Jumeirah Islands;Emirates Living;TRUE;695;7476;30,83;45;145;77;88;01.04;02.09
2022-09;Jumeirah Islands;Emirates Living;TRUE;668;7186;31,21;43;78;31;73;01.04;02.09
2022-10;Jumeirah Islands;Emirates Living;TRUE;677;7291;32,13;44;124;25;51;04.04;05.09
2022-11;Jumeirah Islands;Emirates Living;TRUE;693;7459;31,88;45;176;32;82;04.04;05.09
2022-12;Jumeirah Islands;Emirates Living;TRUE;700;7530;33,42;45;112;13;97;04.04;05.09
2023-01;Jumeirah Islands;Emirates Living;TRUE;713;7677;33,13;46;72;46;77;04.04;05.09
2023-02;Jumeirah Islands;Emirates Living;TRUE;721;7765;33,83;47;39;16;77;04.04;05.09
2023-03;Jumeirah Islands;Emirates Living;TRUE;740;7967;34,00;48;38;33;57;04.04;05.09
2023-04;Jumeirah Islands;Emirates Living;TRUE;776;8348;34,21;50;136;30;24;04.04;05.09
2023-05;Jumeirah Islands;Emirates Living;TRUE;790;8502;37,33;51;163;8;108;04.04;05.09
2023-06;Jumeirah Islands;Emirates Living;TRUE;800;8612;34,71;52;42;8;74;04.04;05.09
2023-07;Jumeirah Islands;Emirates Living;TRUE;800;8614;37,29;52;87;66;116;05.04;06.09
2023-08;Jumeirah Islands;Emirates Living;TRUE;842;9067;39,25;55;141;33;108;05.04;06.09
2023-09;Jumeirah Islands;Emirates Living;TRUE;811;8734;37,38;53;25;29;61;05.04;06.09
2023-10;Jumeirah Islands;Emirates Living;TRUE;856;9210;40,79;56;90;60;70;05.04;06.09
2023-11;Jumeirah Islands;Emirates Living;TRUE;791;8512;36,13;51;85;79;69;05.04;06.09
2023-12;Jumeirah Islands;Emirates Living;TRUE;847;9121;38,92;55;128;6;108;05.04;06.09
2024-01;Jumeirah Islands;Emirates Living;TRUE;858;9232;40,21;56;48;71;62;05.04;06.09
2024-02;Jumeirah Islands;Emirates Living;TRUE;829;8923;36,88;54;159;50;13;05.04;06.09
2024-03;Jumeirah Islands;Emirates Living;TRUE;845;9092;36,25;55;80;5;89;05.04;06.09
2024-04;Jumeirah Islands;Emirates Living;TRUE;835;8993;38,63;54;146;19;21;05.04;06.09
2024-05;Jumeirah Islands;Emirates Living;TRUE;855;9205;38,50;56;74;73;54;05.04;06.09
2024-06;Jumeirah Islands;Emirates Living;TRUE;798;8593;36,75;52;138;60;22;05.04;06.09
2024-07;Jumeirah Islands;Emirates Living;TRUE;809;8705;37,00;53;139;25;18;0,211805556;06.15
2024-08;Jumeirah Islands;Emirates Living;TRUE;814;8758;36,21;53;123;13;90;0,211805556;06.15
2024-09;Jumeirah Islands;Emirates Living;TRUE;846;9107;38,13;55;91;66;71;0,211805556;06.15
2024-10;Jumeirah Islands;Emirates Living;TRUE;805;8668;37,83;52;29;56;108;0,211805556;06.15
2024-11;Jumeirah Islands;Emirates Living;TRUE;807;8685;35,33;52;53;37;102;0,211805556;06.15
2024-12;Jumeirah Islands;Emirates Living;TRUE;809;8712;37,08;53;89;23;58;0,211805556;06.15
2025-01;Jumeirah Islands;Emirates Living;TRUE;807;8688;37,25;52;37;55;48;0,211805556;06.15
2025-02;Jumeirah Islands;Emirates Living;TRUE;802;8630;36,04;52;173;36;119;0,211805556;06.15
2025-03;Jumeirah Islands;Emirates Living;TRUE;767;8251;35,71;50;113;38;115;0,211805556;06.15
2025-04;Jumeirah Islands;Emirates Living;TRUE;772;8310;33,42;50;69;34;52;0,211805556;06.15
2025-05;Jumeirah Islands;Emirates Living;TRUE;791;8510;35,29;51;137;43;99;0,211805556;06.15
2025-06;Jumeirah Islands;Emirates Living;TRUE;786;8463;38,63;51;73;44;52;0,211805556;06.15
2025-07;Jumeirah Islands;Emirates Living;TRUE;767;8257;36,13;50;71;37;71;04.00;05.05
2025-08;Jumeirah Islands;Emirates Living;TRUE;762;8198;34,38;50;83;16;38;04.00;05.05
2025-09;Jumeirah Islands;Emirates Living;TRUE;819;8812;37,71;53;35;51;49;04.00;05.05
2025-10;Jumeirah Islands;Emirates Living;TRUE;785;8447;35,96;51;20;62;90;04.00;05.05
2025-11;Jumeirah Islands;Emirates Living;TRUE;800;8614;37,58;52;67;39;20;04.00;05.05
2025-12;Jumeirah Islands;Emirates Living;TRUE;813;8747;37,33;53;57;11;60;04.00;05.05
2026-01;Jumeirah Islands;Emirates Living;TRUE;809;8711;36,08;53;64;74;36;04.00;05.05
2026-02;Jumeirah Islands;Emirates Living;TRUE;778;8379;35,75;51;155;27;89;04.00;05.05
2026-03;Jumeirah Islands;Emirates Living;TRUE;815;8776;37,63;53;52;31;85;04.00;05.05
2026-04;Jumeirah Islands;Emirates Living;TRUE;833;8961;38,58;54;38;46;28;04.00;05.05
2020-01;Dubai Hills Estate;Mohammed Bin Rashid;TRUE;363;3911;16,58;24;67;26;16;01.05;03.00
2020-02;Dubai Hills Estate;Mohammed Bin Rashid;TRUE;351;3777;16,21;23;35;46;57;01.05;03.00
2020-03;Dubai Hills Estate;Mohammed Bin Rashid;TRUE;351;3776;15,50;23;64;16;83;01.05;03.00
2020-04;Dubai Hills Estate;Mohammed Bin Rashid;TRUE;358;3849;16,96;23;41;65;87;00.04;01.09
2020-05;Dubai Hills Estate;Mohammed Bin Rashid;TRUE;346;3723;15,67;22;15;46;119;00.04;01.09
2020-06;Dubai Hills Estate;Mohammed Bin Rashid;TRUE;348;3743;15,79;23;168;18;79;00.04;01.09
2020-07;Dubai Hills Estate;Mohammed Bin Rashid;TRUE;355;3822;15,83;23;62;38;80;00.04;01.09
2020-08;Dubai Hills Estate;Mohammed Bin Rashid;TRUE;346;3723;15,04;22;54;25;27;00.04;01.09
2020-09;Dubai Hills Estate;Mohammed Bin Rashid;TRUE;348;3743;15,92;23;51;8;90;00.04;01.09
2020-10;Dubai Hills Estate;Mohammed Bin Rashid;TRUE;352;3784;16,17;23;115;40;84;00.04;01.09
2020-11;Dubai Hills Estate;Mohammed Bin Rashid;TRUE;355;3823;16,04;23;134;27;26;00.04;01.09
2020-12;Dubai Hills Estate;Mohammed Bin Rashid;TRUE;347;3737;16,83;23;26;62;103;00.04;01.09
2021-01;Dubai Hills Estate;Mohammed Bin Rashid;TRUE;376;4046;17,42;24;139;71;109;00.04;01.09
2021-02;Dubai Hills Estate;Mohammed Bin Rashid;TRUE;383;4119;17,17;25;49;36;79;00.04;01.09
2021-03;Dubai Hills Estate;Mohammed Bin Rashid;TRUE;372;4001;16,71;24;28;68;18;00.04;01.09
2021-04;Dubai Hills Estate;Mohammed Bin Rashid;TRUE;386;4159;17,92;25;71;24;62;00.04;01.09
2021-05;Dubai Hills Estate;Mohammed Bin Rashid;TRUE;383;4120;17,83;25;55;64;78;00.04;01.09
2021-06;Dubai Hills Estate;Mohammed Bin Rashid;TRUE;390;4199;18,08;25;134;76;15;00.04;01.09
2021-07;Dubai Hills Estate;Mohammed Bin Rashid;TRUE;404;4352;18,67;26;155;26;106;00.04;01.09
2021-08;Dubai Hills Estate;Mohammed Bin Rashid;TRUE;389;4184;17,67;25;66;24;41;00.04;01.09
2021-09;Dubai Hills Estate;Mohammed Bin Rashid;TRUE;414;4451;18,46;27;130;35;25;00.04;01.09
2021-10;Dubai Hills Estate;Mohammed Bin Rashid;TRUE;399;4299;17,75;26;75;36;100;00.04;01.09
2021-11;Dubai Hills Estate;Mohammed Bin Rashid;TRUE;409;4400;18,29;27;133;54;18;00.04;01.09
2021-12;Dubai Hills Estate;Mohammed Bin Rashid;TRUE;416;4480;18,79;27;97;25;61;00.04;01.09
2022-01;Dubai Hills Estate;Mohammed Bin Rashid;TRUE;453;4873;21,21;29;176;10;15;00.04;01.09
2022-02;Dubai Hills Estate;Mohammed Bin Rashid;TRUE;460;4953;20,96;30;176;35;110;00.04;01.09
2022-03;Dubai Hills Estate;Mohammed Bin Rashid;TRUE;468;5038;21,50;30;66;60;22;00.04;01.09
2022-04;Dubai Hills Estate;Mohammed Bin Rashid;TRUE;482;5188;21,79;31;128;72;58;01.04;02.09
2022-05;Dubai Hills Estate;Mohammed Bin Rashid;TRUE;500;5383;23,42;33;161;47;118;01.04;02.09
2022-06;Dubai Hills Estate;Mohammed Bin Rashid;TRUE;498;5359;22,58;32;153;55;87;01.04;02.09
2022-07;Dubai Hills Estate;Mohammed Bin Rashid;TRUE;471;5075;21,79;31;46;58;11;01.04;02.09
2022-08;Dubai Hills Estate;Mohammed Bin Rashid;TRUE;532;5731;24,75;35;67;6;10;01.04;02.09
2022-09;Dubai Hills Estate;Mohammed Bin Rashid;TRUE;527;5678;24,00;34;143;66;16;01.04;02.09
2022-10;Dubai Hills Estate;Mohammed Bin Rashid;TRUE;527;5671;24,54;34;67;63;32;04.04;05.09
2022-11;Dubai Hills Estate;Mohammed Bin Rashid;TRUE;536;5768;25,50;35;105;30;58;04.04;05.09
2022-12;Dubai Hills Estate;Mohammed Bin Rashid;TRUE;549;5913;25,13;36;113;17;62;04.04;05.09
2023-01;Dubai Hills Estate;Mohammed Bin Rashid;TRUE;560;6024;25,04;36;103;65;90;04.04;05.09
2023-02;Dubai Hills Estate;Mohammed Bin Rashid;TRUE;590;6349;28,21;38;35;63;95;04.04;05.09
2023-03;Dubai Hills Estate;Mohammed Bin Rashid;TRUE;575;6192;26,75;37;167;6;99;04.04;05.09
2023-04;Dubai Hills Estate;Mohammed Bin Rashid;TRUE;601;6466;27,00;39;40;55;13;04.04;05.09
2023-05;Dubai Hills Estate;Mohammed Bin Rashid;TRUE;574;6175;25,58;37;159;37;25;04.04;05.09
2023-06;Dubai Hills Estate;Mohammed Bin Rashid;TRUE;599;6450;27,54;39;139;44;62;04.04;05.09
2023-07;Dubai Hills Estate;Mohammed Bin Rashid;TRUE;637;6856;29,33;41;146;30;32;05.04;06.09
2023-08;Dubai Hills Estate;Mohammed Bin Rashid;TRUE;616;6633;27,13;40;27;71;65;05.04;06.09
2023-09;Dubai Hills Estate;Mohammed Bin Rashid;TRUE;661;7115;31,29;43;64;25;118;05.04;06.09
2023-10;Dubai Hills Estate;Mohammed Bin Rashid;TRUE;659;7094;30,00;43;39;32;22;05.04;06.09
2023-11;Dubai Hills Estate;Mohammed Bin Rashid;TRUE;651;7006;30,04;42;154;30;103;05.04;06.09
2023-12;Dubai Hills Estate;Mohammed Bin Rashid;TRUE;627;6754;28,13;41;104;46;93;05.04;06.09
2024-01;Dubai Hills Estate;Mohammed Bin Rashid;TRUE;667;7182;30,38;43;138;67;84;05.04;06.09
2024-02;Dubai Hills Estate;Mohammed Bin Rashid;TRUE;671;7221;31,67;44;159;48;113;05.04;06.09
2024-03;Dubai Hills Estate;Mohammed Bin Rashid;TRUE;663;7136;30,79;43;154;7;90;05.04;06.09
2024-04;Dubai Hills Estate;Mohammed Bin Rashid;TRUE;643;6925;30,75;42;93;70;85;05.04;06.09
2024-05;Dubai Hills Estate;Mohammed Bin Rashid;TRUE;646;6959;30,25;42;71;52;92;05.04;06.09
2024-06;Dubai Hills Estate;Mohammed Bin Rashid;TRUE;622;6694;28,13;40;150;53;112;05.04;06.09
2024-07;Dubai Hills Estate;Mohammed Bin Rashid;TRUE;645;6939;30,13;42;39;43;113;0,211805556;06.15
2024-08;Dubai Hills Estate;Mohammed Bin Rashid;TRUE;642;6912;30,88;42;75;59;16;0,211805556;06.15
2024-09;Dubai Hills Estate;Mohammed Bin Rashid;TRUE;683;7352;29,50;44;170;52;101;0,211805556;06.15
2024-10;Dubai Hills Estate;Mohammed Bin Rashid;TRUE;631;6789;28,17;41;20;33;107;0,211805556;06.15
2024-11;Dubai Hills Estate;Mohammed Bin Rashid;TRUE;656;7059;29,96;43;43;31;106;0,211805556;06.15
2024-12;Dubai Hills Estate;Mohammed Bin Rashid;TRUE;607;6535;29,08;39;53;54;16;0,211805556;06.15
2025-01;Dubai Hills Estate;Mohammed Bin Rashid;TRUE;626;6737;28,88;41;173;26;10;0,211805556;06.15
2025-02;Dubai Hills Estate;Mohammed Bin Rashid;TRUE;639;6882;29,63;42;134;7;114;0,211805556;06.15
2025-03;Dubai Hills Estate;Mohammed Bin Rashid;TRUE;625;6725;28,38;41;147;69;43;0,211805556;06.15
2025-04;Dubai Hills Estate;Mohammed Bin Rashid;TRUE;624;6722;28,75;41;105;35;62;0,211805556;06.15
2025-05;Dubai Hills Estate;Mohammed Bin Rashid;TRUE;597;6424;26,63;39;112;57;110;0,211805556;06.15
2025-06;Dubai Hills Estate;Mohammed Bin Rashid;TRUE;605;6512;28,29;39;143;45;33;0,211805556;06.15
2025-07;Dubai Hills Estate;Mohammed Bin Rashid;TRUE;589;6340;26,58;38;148;55;81;04.00;05.05
2025-08;Dubai Hills Estate;Mohammed Bin Rashid;TRUE;608;6540;29,42;39;81;71;68;04.00;05.05
2025-09;Dubai Hills Estate;Mohammed Bin Rashid;TRUE;614;6614;27,67;40;179;16;59;04.00;05.05
2025-10;Dubai Hills Estate;Mohammed Bin Rashid;TRUE;627;6744;28,79;41;34;59;115;04.00;05.05
2025-11;Dubai Hills Estate;Mohammed Bin Rashid;TRUE;621;6687;27,96;40;122;53;76;04.00;05.05
2025-12;Dubai Hills Estate;Mohammed Bin Rashid;TRUE;634;6825;30,17;41;58;33;87;04.00;05.05
2026-01;Dubai Hills Estate;Mohammed Bin Rashid;TRUE;610;6571;28,04;40;82;7;78;04.00;05.05
2026-02;Dubai Hills Estate;Mohammed Bin Rashid;TRUE;636;6846;28,63;41;74;31;65;04.00;05.05
2026-03;Dubai Hills Estate;Mohammed Bin Rashid;TRUE;647;6963;30,75;42;95;28;31;04.00;05.05
2026-04;Dubai Hills Estate;Mohammed Bin Rashid;TRUE;638;6870;28,88;41;151;61;12;04.00;05.05
2020-01;Mohammed Bin Rashid City;Mohammed Bin Rashid;TRUE;391;4211;17,50;25;63;22;60;01.05;03.00
2020-02;Mohammed Bin Rashid City;Mohammed Bin Rashid;TRUE;402;4325;17,71;26;148;39;93;01.05;03.00
2020-03;Mohammed Bin Rashid City;Mohammed Bin Rashid;TRUE;382;4108;17,75;25;89;74;104;01.05;03.00
2020-04;Mohammed Bin Rashid City;Mohammed Bin Rashid;TRUE;398;4285;18,08;26;139;34;64;00.04;01.09
2020-05;Mohammed Bin Rashid City;Mohammed Bin Rashid;TRUE;382;4107;17,38;25;60;37;33;00.04;01.09
2020-06;Mohammed Bin Rashid City;Mohammed Bin Rashid;TRUE;380;4087;17,71;25;111;70;66;00.04;01.09
2020-07;Mohammed Bin Rashid City;Mohammed Bin Rashid;TRUE;382;4117;17,88;25;63;50;34;00.04;01.09
2020-08;Mohammed Bin Rashid City;Mohammed Bin Rashid;TRUE;380;4086;17,00;25;81;39;62;00.04;01.09
2020-09;Mohammed Bin Rashid City;Mohammed Bin Rashid;TRUE;384;4136;18,42;25;167;68;59;00.04;01.09
2020-10;Mohammed Bin Rashid City;Mohammed Bin Rashid;TRUE;369;3970;17,92;24;77;47;20;00.04;01.09
2020-11;Mohammed Bin Rashid City;Mohammed Bin Rashid;TRUE;362;3897;15,96;24;163;50;18;00.04;01.09
2020-12;Mohammed Bin Rashid City;Mohammed Bin Rashid;TRUE;395;4255;18,17;26;34;55;39;00.04;01.09
2021-01;Mohammed Bin Rashid City;Mohammed Bin Rashid;TRUE;383;4125;18,25;25;64;23;102;00.04;01.09
2021-02;Mohammed Bin Rashid City;Mohammed Bin Rashid;TRUE;400;4303;18,79;26;68;42;54;00.04;01.09
2021-03;Mohammed Bin Rashid City;Mohammed Bin Rashid;TRUE;397;4270;18,42;26;27;15;45;00.04;01.09
2021-04;Mohammed Bin Rashid City;Mohammed Bin Rashid;TRUE;414;4455;18,42;27;124;43;81;00.04;01.09
2021-05;Mohammed Bin Rashid City;Mohammed Bin Rashid;TRUE;422;4547;19,54;27;122;72;93;00.04;01.09
2021-06;Mohammed Bin Rashid City;Mohammed Bin Rashid;TRUE;424;4568;18,88;28;114;26;25;00.04;01.09
2021-07;Mohammed Bin Rashid City;Mohammed Bin Rashid;TRUE;423;4550;19,04;27;138;6;68;00.04;01.09
2021-08;Mohammed Bin Rashid City;Mohammed Bin Rashid;TRUE;435;4686;19,08;28;49;53;104;00.04;01.09
2021-09;Mohammed Bin Rashid City;Mohammed Bin Rashid;TRUE;442;4753;20,38;29;33;68;74;00.04;01.09
2021-10;Mohammed Bin Rashid City;Mohammed Bin Rashid;TRUE;442;4759;20,42;29;45;30;59;00.04;01.09
2021-11;Mohammed Bin Rashid City;Mohammed Bin Rashid;TRUE;474;5106;21,42;31;126;75;43;00.04;01.09
2021-12;Mohammed Bin Rashid City;Mohammed Bin Rashid;TRUE;444;4784;21,04;29;24;49;60;00.04;01.09
2022-01;Mohammed Bin Rashid City;Mohammed Bin Rashid;TRUE;483;5202;22,46;31;36;65;31;00.04;01.09
2022-02;Mohammed Bin Rashid City;Mohammed Bin Rashid;TRUE;515;5543;24,04;33;65;79;53;00.04;01.09
2022-03;Mohammed Bin Rashid City;Mohammed Bin Rashid;TRUE;509;5480;23,25;33;143;11;62;00.04;01.09
2022-04;Mohammed Bin Rashid City;Mohammed Bin Rashid;TRUE;528;5681;23,54;34;58;55;21;01.04;02.09
2022-05;Mohammed Bin Rashid City;Mohammed Bin Rashid;TRUE;523;5628;23,42;34;94;77;70;01.04;02.09
2022-06;Mohammed Bin Rashid City;Mohammed Bin Rashid;TRUE;539;5806;26,04;35;43;23;19;01.04;02.09
2022-07;Mohammed Bin Rashid City;Mohammed Bin Rashid;TRUE;549;5914;25,63;36;68;61;78;01.04;02.09
2022-08;Mohammed Bin Rashid City;Mohammed Bin Rashid;TRUE;570;6140;26,54;37;18;47;58;01.04;02.09
2022-09;Mohammed Bin Rashid City;Mohammed Bin Rashid;TRUE;566;6095;25,54;37;162;49;61;01.04;02.09
2022-10;Mohammed Bin Rashid City;Mohammed Bin Rashid;TRUE;555;5977;24,92;36;62;38;58;04.04;05.09
2022-11;Mohammed Bin Rashid City;Mohammed Bin Rashid;TRUE;605;6509;26,63;39;62;68;49;04.04;05.09
2022-12;Mohammed Bin Rashid City;Mohammed Bin Rashid;TRUE;604;6501;28,88;39;115;23;101;04.04;05.09
2023-01;Mohammed Bin Rashid City;Mohammed Bin Rashid;TRUE;621;6683;27,33;40;159;37;25;04.04;05.09
2023-02;Mohammed Bin Rashid City;Mohammed Bin Rashid;TRUE;627;6750;29,00;41;124;21;56;04.04;05.09
2023-03;Mohammed Bin Rashid City;Mohammed Bin Rashid;TRUE;615;6617;27,13;40;139;62;17;04.04;05.09
2023-04;Mohammed Bin Rashid City;Mohammed Bin Rashid;TRUE;634;6821;29,21;41;141;22;111;04.04;05.09
2023-05;Mohammed Bin Rashid City;Mohammed Bin Rashid;TRUE;683;7348;31,33;44;42;59;96;04.04;05.09
2023-06;Mohammed Bin Rashid City;Mohammed Bin Rashid;TRUE;674;7259;30,79;44;123;26;56;04.04;05.09
2023-07;Mohammed Bin Rashid City;Mohammed Bin Rashid;TRUE;682;7341;31,67;44;31;45;96;05.04;06.09
2023-08;Mohammed Bin Rashid City;Mohammed Bin Rashid;TRUE;689;7421;31,88;45;27;76;53;05.04;06.09
2023-09;Mohammed Bin Rashid City;Mohammed Bin Rashid;TRUE;677;7290;32,33;44;157;75;99;05.04;06.09
2023-10;Mohammed Bin Rashid City;Mohammed Bin Rashid;TRUE;708;7622;31,25;46;179;57;11;05.04;06.09
2023-11;Mohammed Bin Rashid City;Mohammed Bin Rashid;TRUE;690;7430;32,54;45;101;43;78;05.04;06.09
2023-12;Mohammed Bin Rashid City;Mohammed Bin Rashid;TRUE;715;7697;33,50;46;16;46;71;05.04;06.09
2024-01;Mohammed Bin Rashid City;Mohammed Bin Rashid;TRUE;674;7255;29,67;44;171;41;111;05.04;06.09
2024-02;Mohammed Bin Rashid City;Mohammed Bin Rashid;TRUE;726;7817;32,54;47;83;70;19;05.04;06.09
2024-03;Mohammed Bin Rashid City;Mohammed Bin Rashid;TRUE;705;7584;33,13;46;68;37;17;05.04;06.09
2024-04;Mohammed Bin Rashid City;Mohammed Bin Rashid;TRUE;712;7661;32,96;46;158;72;13;05.04;06.09
2024-05;Mohammed Bin Rashid City;Mohammed Bin Rashid;TRUE;726;7816;32,88;47;88;53;33;05.04;06.09
2024-06;Mohammed Bin Rashid City;Mohammed Bin Rashid;TRUE;687;7391;31,17;45;126;18;78;05.04;06.09
2024-07;Mohammed Bin Rashid City;Mohammed Bin Rashid;TRUE;677;7288;31,25;44;20;61;39;0,211805556;06.15
2024-08;Mohammed Bin Rashid City;Mohammed Bin Rashid;TRUE;683;7356;32,63;44;141;29;93;0,211805556;06.15
2024-09;Mohammed Bin Rashid City;Mohammed Bin Rashid;TRUE;708;7617;33,38;46;17;43;21;0,211805556;06.15
2024-10;Mohammed Bin Rashid City;Mohammed Bin Rashid;TRUE;698;7515;31,42;45;24;34;36;0,211805556;06.15
2024-11;Mohammed Bin Rashid City;Mohammed Bin Rashid;TRUE;669;7204;31,50;44;88;23;106;0,211805556;06.15
2024-12;Mohammed Bin Rashid City;Mohammed Bin Rashid;TRUE;673;7242;31,67;44;16;24;25;0,211805556;06.15
2025-01;Mohammed Bin Rashid City;Mohammed Bin Rashid;TRUE;698;7518;31,17;45;157;71;10;0,211805556;06.15
2025-02;Mohammed Bin Rashid City;Mohammed Bin Rashid;TRUE;702;7556;31,33;46;134;22;48;0,211805556;06.15
2025-03;Mohammed Bin Rashid City;Mohammed Bin Rashid;TRUE;682;7339;30,42;44;161;72;65;0,211805556;06.15
2025-04;Mohammed Bin Rashid City;Mohammed Bin Rashid;TRUE;703;7566;33,38;46;142;75;33;0,211805556;06.15
2025-05;Mohammed Bin Rashid City;Mohammed Bin Rashid;TRUE;659;7096;30,25;43;149;69;77;0,211805556;06.15
2025-06;Mohammed Bin Rashid City;Mohammed Bin Rashid;TRUE;681;7333;30,33;44;83;19;61;0,211805556;06.15
2025-07;Mohammed Bin Rashid City;Mohammed Bin Rashid;TRUE;680;7314;32,21;44;101;11;15;04.00;05.05
2025-08;Mohammed Bin Rashid City;Mohammed Bin Rashid;TRUE;629;6774;28,83;41;142;33;54;04.00;05.05
2025-09;Mohammed Bin Rashid City;Mohammed Bin Rashid;TRUE;665;7155;30,08;43;32;42;45;04.00;05.05
2025-10;Mohammed Bin Rashid City;Mohammed Bin Rashid;TRUE;691;7441;32,54;45;124;77;74;04.00;05.05
2025-11;Mohammed Bin Rashid City;Mohammed Bin Rashid;TRUE;684;7358;30,29;44;70;34;65;04.00;05.05
2025-12;Mohammed Bin Rashid City;Mohammed Bin Rashid;TRUE;681;7329;31,25;44;50;57;19;04.00;05.05
2026-01;Mohammed Bin Rashid City;Mohammed Bin Rashid;TRUE;653;7033;30,00;42;96;54;111;04.00;05.05
2026-02;Mohammed Bin Rashid City;Mohammed Bin Rashid;TRUE;641;6900;29,75;42;58;13;69;04.00;05.05
2026-03;Mohammed Bin Rashid City;Mohammed Bin Rashid;TRUE;702;7561;32,63;46;21;61;44;04.00;05.05
2026-04;Mohammed Bin Rashid City;Mohammed Bin Rashid;TRUE;680;7325;31,33;44;173;39;115;04.00;05.05
2020-01;Dubai Sports City;Dubai Sports City;TRUE;166;1783;7,38;11;167;76;96;01.05;03.00
2020-02;Dubai Sports City;Dubai Sports City;TRUE;174;1868;7,83;11;36;75;90;01.05;03.00
2020-03;Dubai Sports City;Dubai Sports City;TRUE;168;1808;7,83;11;114;71;80;01.05;03.00
2020-04;Dubai Sports City;Dubai Sports City;TRUE;176;1891;7,79;11;108;68;58;00.04;01.09
2020-05;Dubai Sports City;Dubai Sports City;TRUE;164;1768;7,75;11;106;8;89;00.04;01.09
2020-06;Dubai Sports City;Dubai Sports City;TRUE;169;1818;7,33;11;38;11;68;00.04;01.09
2020-07;Dubai Sports City;Dubai Sports City;TRUE;162;1748;7,29;11;24;12;42;00.04;01.09
2020-08;Dubai Sports City;Dubai Sports City;TRUE;153;1645;7,21;10;36;78;118;00.04;01.09
2020-09;Dubai Sports City;Dubai Sports City;TRUE;161;1737;7,33;10;117;28;28;00.04;01.09
2020-10;Dubai Sports City;Dubai Sports City;TRUE;160;1722;7,33;10;169;22;41;00.04;01.09
2020-11;Dubai Sports City;Dubai Sports City;TRUE;163;1754;7,58;11;19;39;59;00.04;01.09
2020-12;Dubai Sports City;Dubai Sports City;TRUE;166;1791;7,71;11;15;50;90;00.04;01.09
2021-01;Dubai Sports City;Dubai Sports City;TRUE;160;1724;7,54;10;132;7;24;00.04;01.09
2021-02;Dubai Sports City;Dubai Sports City;TRUE;175;1889;8,08;11;62;58;114;00.04;01.09
2021-03;Dubai Sports City;Dubai Sports City;TRUE;173;1857;8,38;11;128;78;82;00.04;01.09
2021-04;Dubai Sports City;Dubai Sports City;TRUE;177;1902;8,00;11;138;69;65;00.04;01.09
2021-05;Dubai Sports City;Dubai Sports City;TRUE;172;1847;7,63;11;29;8;108;00.04;01.09
2021-06;Dubai Sports City;Dubai Sports City;TRUE;185;1991;8,13;12;94;63;111;00.04;01.09
2021-07;Dubai Sports City;Dubai Sports City;TRUE;184;1982;8,25;12;168;16;76;00.04;01.09
2021-08;Dubai Sports City;Dubai Sports City;TRUE;191;2057;8,75;12;73;17;58;00.04;01.09
2021-09;Dubai Sports City;Dubai Sports City;TRUE;189;2039;8,92;12;49;37;26;00.04;01.09
2021-10;Dubai Sports City;Dubai Sports City;TRUE;189;2037;8,46;12;28;10;58;00.04;01.09
2021-11;Dubai Sports City;Dubai Sports City;TRUE;204;2192;9,25;13;155;71;75;00.04;01.09
2021-12;Dubai Sports City;Dubai Sports City;TRUE;205;2205;9,04;13;17;8;106;00.04;01.09
2022-01;Dubai Sports City;Dubai Sports City;TRUE;213;2297;9,96;14;88;71;38;00.04;01.09
2022-02;Dubai Sports City;Dubai Sports City;TRUE;220;2373;9,92;14;45;49;49;00.04;01.09
2022-03;Dubai Sports City;Dubai Sports City;TRUE;217;2335;9,83;14;88;64;24;00.04;01.09
2022-04;Dubai Sports City;Dubai Sports City;TRUE;228;2452;9,88;15;84;52;44;01.04;02.09
2022-05;Dubai Sports City;Dubai Sports City;TRUE;235;2528;10,75;15;69;46;104;01.04;02.09
2022-06;Dubai Sports City;Dubai Sports City;TRUE;227;2443;9,54;15;87;12;25;01.04;02.09
2022-07;Dubai Sports City;Dubai Sports City;TRUE;242;2609;11,33;16;141;50;44;01.04;02.09
2022-08;Dubai Sports City;Dubai Sports City;TRUE;234;2516;10,42;15;116;10;16;01.04;02.09
2022-09;Dubai Sports City;Dubai Sports City;TRUE;239;2570;10,63;16;35;22;60;01.04;02.09
2022-10;Dubai Sports City;Dubai Sports City;TRUE;245;2636;11,46;16;47;40;16;04.04;05.09
2022-11;Dubai Sports City;Dubai Sports City;TRUE;241;2592;11,13;16;125;74;63;04.04;05.09
2022-12;Dubai Sports City;Dubai Sports City;TRUE;255;2742;11,38;17;123;21;49;04.04;05.09
2023-01;Dubai Sports City;Dubai Sports City;TRUE;254;2738;11,79;17;161;28;80;04.04;05.09
2023-02;Dubai Sports City;Dubai Sports City;TRUE;266;2859;12,04;17;98;79;29;04.04;05.09
2023-03;Dubai Sports City;Dubai Sports City;TRUE;276;2974;13,04;18;108;30;26;04.04;05.09
2023-04;Dubai Sports City;Dubai Sports City;TRUE;278;2992;12,71;18;77;35;31;04.04;05.09
2023-05;Dubai Sports City;Dubai Sports City;TRUE;275;2956;12,67;18;58;70;65;04.04;05.09
2023-06;Dubai Sports City;Dubai Sports City;TRUE;292;3147;13,08;19;115;68;111;04.04;05.09
2023-07;Dubai Sports City;Dubai Sports City;TRUE;297;3196;14,21;19;48;57;60;05.04;06.09
2023-08;Dubai Sports City;Dubai Sports City;TRUE;287;3091;12,83;19;140;52;75;05.04;06.09
2023-09;Dubai Sports City;Dubai Sports City;TRUE;300;3224;13,92;19;15;20;25;05.04;06.09
2023-10;Dubai Sports City;Dubai Sports City;TRUE;300;3224;13,92;19;138;71;91;05.04;06.09
2023-11;Dubai Sports City;Dubai Sports City;TRUE;316;3402;14,63;21;136;66;37;05.04;06.09
2023-12;Dubai Sports City;Dubai Sports City;TRUE;317;3411;15,00;21;61;48;108;05.04;06.09
2024-01;Dubai Sports City;Dubai Sports City;TRUE;298;3202;14,17;19;143;79;102;05.04;06.09
2024-02;Dubai Sports City;Dubai Sports City;TRUE;297;3198;13,38;19;161;13;100;05.04;06.09
2024-03;Dubai Sports City;Dubai Sports City;TRUE;310;3332;13,63;20;31;15;12;05.04;06.09
2024-04;Dubai Sports City;Dubai Sports City;TRUE;301;3238;13,58;20;88;47;35;05.04;06.09
2024-05;Dubai Sports City;Dubai Sports City;TRUE;286;3075;12,58;19;143;40;88;05.04;06.09
2024-06;Dubai Sports City;Dubai Sports City;TRUE;289;3112;13,04;19;33;72;36;05.04;06.09
2024-07;Dubai Sports City;Dubai Sports City;TRUE;292;3143;14,21;19;115;13;86;0,211805556;06.15
2024-08;Dubai Sports City;Dubai Sports City;TRUE;306;3298;13,83;20;30;28;51;0,211805556;06.15
2024-09;Dubai Sports City;Dubai Sports City;TRUE;295;3172;13,88;19;107;46;22;0,211805556;06.15
2024-10;Dubai Sports City;Dubai Sports City;TRUE;296;3191;13,67;19;16;55;106;0,211805556;06.15
2024-11;Dubai Sports City;Dubai Sports City;TRUE;302;3252;13,21;20;63;74;88;0,211805556;06.15
2024-12;Dubai Sports City;Dubai Sports City;TRUE;294;3163;13,13;19;93;58;57;0,211805556;06.15
2025-01;Dubai Sports City;Dubai Sports City;TRUE;300;3225;13,63;19;158;23;85;0,211805556;06.15
2025-02;Dubai Sports City;Dubai Sports City;TRUE;292;3139;12,75;19;110;52;24;0,211805556;06.15
2025-03;Dubai Sports City;Dubai Sports City;TRUE;285;3065;13,33;19;36;7;22;0,211805556;06.15
2025-04;Dubai Sports City;Dubai Sports City;TRUE;307;3309;13,96;20;146;20;113;0,211805556;06.15
2025-05;Dubai Sports City;Dubai Sports City;TRUE;289;3105;13,25;19;141;78;96;0,211805556;06.15
2025-06;Dubai Sports City;Dubai Sports City;TRUE;294;3163;13,33;19;86;57;106;0,211805556;06.15
2025-07;Dubai Sports City;Dubai Sports City;TRUE;290;3120;13,67;19;138;61;59;04.00;05.05
2025-08;Dubai Sports City;Dubai Sports City;TRUE;294;3169;13,96;19;20;53;119;04.00;05.05
2025-09;Dubai Sports City;Dubai Sports City;TRUE;291;3132;14,17;19;161;25;23;04.00;05.05
2025-10;Dubai Sports City;Dubai Sports City;TRUE;281;3029;12,88;18;93;17;106;04.00;05.05
2025-11;Dubai Sports City;Dubai Sports City;TRUE;279;3000;12,83;18;90;64;31;04.00;05.05
2025-12;Dubai Sports City;Dubai Sports City;TRUE;294;3167;14,04;19;79;26;70;04.00;05.05
2026-01;Dubai Sports City;Dubai Sports City;TRUE;290;3117;13,08;19;111;15;11;04.00;05.05
2026-02;Dubai Sports City;Dubai Sports City;TRUE;293;3151;13,50;19;97;43;93;04.00;05.05
2026-03;Dubai Sports City;Dubai Sports City;TRUE;295;3171;13,58;19;113;69;26;04.00;05.05
2026-04;Dubai Sports City;Dubai Sports City;TRUE;293;3149;13,58;19;147;5;97;04.00;05.05
2020-01;Motor City;Motor City;TRUE;203;2190;9,21;13;44;32;73;01.05;03.00
2020-02;Motor City;Motor City;TRUE;203;2182;9,08;13;119;79;102;01.05;03.00
2020-03;Motor City;Motor City;TRUE;208;2234;9,50;13;83;23;101;01.05;03.00
2020-04;Motor City;Motor City;TRUE;204;2197;9,29;13;115;48;11;00.04;01.09
2020-05;Motor City;Motor City;TRUE;206;2220;9,50;13;169;55;89;00.04;01.09
2020-06;Motor City;Motor City;TRUE;190;2043;8,63;12;58;29;67;00.04;01.09
2020-07;Motor City;Motor City;TRUE;194;2083;8,42;13;116;59;60;00.04;01.09
2020-08;Motor City;Motor City;TRUE;199;2145;9,25;13;37;24;82;00.04;01.09
2020-09;Motor City;Motor City;TRUE;193;2075;8,83;13;125;77;74;00.04;01.09
2020-10;Motor City;Motor City;TRUE;182;1962;8,13;12;64;47;11;00.04;01.09
2020-11;Motor City;Motor City;TRUE;192;2072;8,75;13;149;46;14;00.04;01.09
2020-12;Motor City;Motor City;TRUE;199;2145;9,13;13;151;54;40;00.04;01.09
2021-01;Motor City;Motor City;TRUE;205;2204;9,08;13;118;71;77;00.04;01.09
2021-02;Motor City;Motor City;TRUE;203;2180;9,25;13;164;36;13;00.04;01.09
2021-03;Motor City;Motor City;TRUE;219;2354;9,83;14;149;6;79;00.04;01.09
2021-04;Motor City;Motor City;TRUE;215;2309;9,50;14;94;12;88;00.04;01.09
2021-05;Motor City;Motor City;TRUE;217;2341;10,04;14;126;28;102;00.04;01.09
2021-06;Motor City;Motor City;TRUE;220;2365;10,17;14;159;7;76;00.04;01.09
2021-07;Motor City;Motor City;TRUE;217;2338;10,04;14;63;24;58;00.04;01.09
2021-08;Motor City;Motor City;TRUE;221;2374;9,83;14;108;40;45;00.04;01.09
2021-09;Motor City;Motor City;TRUE;233;2503;10,83;15;31;6;107;00.04;01.09
2021-10;Motor City;Motor City;TRUE;237;2547;10,58;15;94;52;11;00.04;01.09
2021-11;Motor City;Motor City;TRUE;234;2519;10,54;15;137;50;60;00.04;01.09
2021-12;Motor City;Motor City;TRUE;261;2812;11,79;17;155;43;66;00.04;01.09
2022-01;Motor City;Motor City;TRUE;252;2713;11,42;16;17;30;91;00.04;01.09
2022-02;Motor City;Motor City;TRUE;251;2705;11,71;16;45;25;99;00.04;01.09
2022-03;Motor City;Motor City;TRUE;275;2962;12,96;18;15;56;85;00.04;01.09
2022-04;Motor City;Motor City;TRUE;273;2935;12,29;18;47;48;100;01.04;02.09
2022-05;Motor City;Motor City;TRUE;284;3055;12,79;18;68;36;18;01.04;02.09
2022-06;Motor City;Motor City;TRUE;276;2973;12,75;18;36;47;51;01.04;02.09
2022-07;Motor City;Motor City;TRUE;296;3181;13,92;19;15;66;71;01.04;02.09
2022-08;Motor City;Motor City;TRUE;294;3168;12,96;19;26;23;87;01.04;02.09
2022-09;Motor City;Motor City;TRUE;298;3203;13,96;19;166;70;38;01.04;02.09
2022-10;Motor City;Motor City;TRUE;305;3281;13,67;20;49;53;83;04.04;05.09
2022-11;Motor City;Motor City;TRUE;311;3347;14,17;20;105;8;26;04.04;05.09
2022-12;Motor City;Motor City;TRUE;324;3486;15,21;21;146;61;111;04.04;05.09
2023-01;Motor City;Motor City;TRUE;324;3489;14,88;21;140;39;91;04.04;05.09
2023-02;Motor City;Motor City;TRUE;333;3582;15,08;22;123;61;29;04.04;05.09
2023-03;Motor City;Motor City;TRUE;327;3520;15,25;21;122;66;16;04.04;05.09
2023-04;Motor City;Motor City;TRUE;342;3676;16,38;22;118;70;11;04.04;05.09
2023-05;Motor City;Motor City;TRUE;351;3781;15,71;23;90;10;69;04.04;05.09
2023-06;Motor City;Motor City;TRUE;364;3920;16,42;24;104;41;68;04.04;05.09
2023-07;Motor City;Motor City;TRUE;358;3850;16,71;23;178;54;28;05.04;06.09
2023-08;Motor City;Motor City;TRUE;364;3922;17,29;24;101;33;47;05.04;06.09
2023-09;Motor City;Motor City;TRUE;364;3921;16,75;24;176;13;49;05.04;06.09
2023-10;Motor City;Motor City;TRUE;360;3873;17,08;23;80;74;79;05.04;06.09
2023-11;Motor City;Motor City;TRUE;370;3982;17,00;24;124;44;81;05.04;06.09
2023-12;Motor City;Motor City;TRUE;371;3991;17,46;24;121;18;106;05.04;06.09
2024-01;Motor City;Motor City;TRUE;373;4010;16,92;24;146;57;108;05.04;06.09
2024-02;Motor City;Motor City;TRUE;372;4006;17,00;24;118;72;11;05.04;06.09
2024-03;Motor City;Motor City;TRUE;376;4044;16,71;24;149;43;50;05.04;06.09
2024-04;Motor City;Motor City;TRUE;372;4002;16,75;24;176;73;17;05.04;06.09
2024-05;Motor City;Motor City;TRUE;352;3790;16,08;23;146;45;100;05.04;06.09
2024-06;Motor City;Motor City;TRUE;364;3920;16,92;24;74;68;69;05.04;06.09
2024-07;Motor City;Motor City;TRUE;357;3848;16,88;23;110;65;19;0,211805556;06.15
2024-08;Motor City;Motor City;TRUE;357;3841;16,54;23;49;21;66;0,211805556;06.15
2024-09;Motor City;Motor City;TRUE;370;3979;16,63;24;112;71;54;0,211805556;06.15
2024-10;Motor City;Motor City;TRUE;358;3848;16,54;23;98;67;16;0,211805556;06.15
2024-11;Motor City;Motor City;TRUE;356;3832;16,33;23;126;56;41;0,211805556;06.15
2024-12;Motor City;Motor City;TRUE;355;3826;16,33;23;123;42;51;0,211805556;06.15
2025-01;Motor City;Motor City;TRUE;351;3777;16,04;23;165;77;117;0,211805556;06.15
2025-02;Motor City;Motor City;TRUE;347;3736;16,33;23;141;25;68;0,211805556;06.15
2025-03;Motor City;Motor City;TRUE;349;3754;16,21;23;148;79;16;0,211805556;06.15
2025-04;Motor City;Motor City;TRUE;348;3751;15,71;23;97;40;102;0,211805556;06.15
2025-05;Motor City;Motor City;TRUE;377;4063;17,63;25;20;8;77;0,211805556;06.15
2025-06;Motor City;Motor City;TRUE;368;3958;16,88;24;177;12;76;0,211805556;06.15
2025-07;Motor City;Motor City;TRUE;361;3882;16,38;23;121;15;30;04.00;05.05
2025-08;Motor City;Motor City;TRUE;344;3706;16,08;22;99;6;19;04.00;05.05
2025-09;Motor City;Motor City;TRUE;367;3952;17,08;24;170;40;16;04.00;05.05
2025-10;Motor City;Motor City;TRUE;344;3701;15,58;22;88;69;91;04.00;05.05
2025-11;Motor City;Motor City;TRUE;357;3838;15,75;23;31;61;92;04.00;05.05
2025-12;Motor City;Motor City;TRUE;361;3885;16,29;23;130;32;86;04.00;05.05
2026-01;Motor City;Motor City;TRUE;370;3985;17,17;24;172;27;99;04.00;05.05
2026-02;Motor City;Motor City;TRUE;347;3737;15,75;23;136;56;116;04.00;05.05
2026-03;Motor City;Motor City;TRUE;353;3804;16,46;23;64;78;105;04.00;05.05
2026-04;Motor City;Motor City;TRUE;354;3812;16,21;23;82;14;17;04.00;05.05
2020-01;Dubai Studio City;Dubai Studio City;TRUE;159;1713;7,54;10;33;29;28;01.05;03.00
2020-02;Dubai Studio City;Dubai Studio City;TRUE;164;1770;7,67;11;85;63;32;01.05;03.00
2020-03;Dubai Studio City;Dubai Studio City;TRUE;160;1719;7,00;10;98;23;44;01.05;03.00
2020-04;Dubai Studio City;Dubai Studio City;TRUE;164;1762;7,54;11;52;67;33;00.04;01.09
2020-05;Dubai Studio City;Dubai Studio City;TRUE;166;1792;7,50;11;151;5;83;00.04;01.09
2020-06;Dubai Studio City;Dubai Studio City;TRUE;154;1663;6,92;10;143;43;37;00.04;01.09
2020-07;Dubai Studio City;Dubai Studio City;TRUE;154;1655;6,58;10;78;32;85;00.04;01.09
2020-08;Dubai Studio City;Dubai Studio City;TRUE;154;1662;6,83;10;86;20;25;00.04;01.09
2020-09;Dubai Studio City;Dubai Studio City;TRUE;154;1662;7,29;10;110;55;79;00.04;01.09
2020-10;Dubai Studio City;Dubai Studio City;TRUE;149;1606;6,88;10;36;50;61;00.04;01.09
2020-11;Dubai Studio City;Dubai Studio City;TRUE;155;1671;7,38;10;113;36;113;00.04;01.09
2020-12;Dubai Studio City;Dubai Studio City;TRUE;149;1601;6,96;10;16;51;83;00.04;01.09
2021-01;Dubai Studio City;Dubai Studio City;TRUE;163;1756;7,67;11;88;20;119;00.04;01.09
2021-02;Dubai Studio City;Dubai Studio City;TRUE;158;1702;7,21;10;29;44;21;00.04;01.09
2021-03;Dubai Studio City;Dubai Studio City;TRUE;162;1739;7,71;11;177;69;28;00.04;01.09
2021-04;Dubai Studio City;Dubai Studio City;TRUE;170;1830;8,08;11;44;60;57;00.04;01.09
2021-05;Dubai Studio City;Dubai Studio City;TRUE;170;1826;7,63;11;164;5;114;00.04;01.09
2021-06;Dubai Studio City;Dubai Studio City;TRUE;171;1845;8,13;11;80;41;12;00.04;01.09
2021-07;Dubai Studio City;Dubai Studio City;TRUE;173;1860;7,83;11;138;59;64;00.04;01.09
2021-08;Dubai Studio City;Dubai Studio City;TRUE;174;1869;7,83;11;118;18;39;00.04;01.09
2021-09;Dubai Studio City;Dubai Studio City;TRUE;185;1991;8,79;12;24;48;87;00.04;01.09
2021-10;Dubai Studio City;Dubai Studio City;TRUE;190;2042;8,58;12;172;8;71;00.04;01.09
2021-11;Dubai Studio City;Dubai Studio City;TRUE;185;1986;8,71;12;170;53;106;00.04;01.09
2021-12;Dubai Studio City;Dubai Studio City;TRUE;187;2011;8,63;12;100;21;119;00.04;01.09
2022-01;Dubai Studio City;Dubai Studio City;TRUE;198;2128;9,17;13;118;46;95;00.04;01.09
2022-02;Dubai Studio City;Dubai Studio City;TRUE;207;2225;9,21;13;165;10;21;00.04;01.09
2022-03;Dubai Studio City;Dubai Studio City;TRUE;206;2219;9,58;13;17;75;10;00.04;01.09
2022-04;Dubai Studio City;Dubai Studio City;TRUE;217;2341;10,54;14;104;54;34;01.04;02.09
2022-05;Dubai Studio City;Dubai Studio City;TRUE;218;2347;10,21;14;151;26;97;01.04;02.09
2022-06;Dubai Studio City;Dubai Studio City;TRUE;225;2418;10,13;15;83;31;47;01.04;02.09
2022-07;Dubai Studio City;Dubai Studio City;TRUE;231;2487;10,58;15;131;74;27;01.04;02.09
2022-08;Dubai Studio City;Dubai Studio City;TRUE;237;2555;11,13;15;117;7;107;01.04;02.09
2022-09;Dubai Studio City;Dubai Studio City;TRUE;240;2579;11,00;16;115;45;35;01.04;02.09
2022-10;Dubai Studio City;Dubai Studio City;TRUE;231;2486;10,46;15;155;35;34;04.04;05.09
2022-11;Dubai Studio City;Dubai Studio City;TRUE;238;2567;11,17;15;101;7;19;04.04;05.09
2022-12;Dubai Studio City;Dubai Studio City;TRUE;241;2595;11,21;16;146;75;82;04.04;05.09
2023-01;Dubai Studio City;Dubai Studio City;TRUE;243;2613;11,67;16;137;68;116;04.04;05.09
2023-02;Dubai Studio City;Dubai Studio City;TRUE;258;2782;11,75;17;116;11;14;04.04;05.09
2023-03;Dubai Studio City;Dubai Studio City;TRUE;255;2748;11,67;17;156;24;59;04.04;05.09
2023-04;Dubai Studio City;Dubai Studio City;TRUE;259;2791;12,17;17;78;42;85;04.04;05.09
2023-05;Dubai Studio City;Dubai Studio City;TRUE;265;2847;12,33;17;127;23;40;04.04;05.09
2023-06;Dubai Studio City;Dubai Studio City;TRUE;276;2970;12,96;18;49;19;67;04.04;05.09
2023-07;Dubai Studio City;Dubai Studio City;TRUE;284;3060;12,79;18;125;64;106;05.04;06.09
2023-08;Dubai Studio City;Dubai Studio City;TRUE;286;3073;12,92;19;165;39;86;05.04;06.09
2023-09;Dubai Studio City;Dubai Studio City;TRUE;279;3004;12,71;18;136;6;115;05.04;06.09
2023-10;Dubai Studio City;Dubai Studio City;TRUE;288;3099;13,63;19;149;26;76;05.04;06.09
2023-11;Dubai Studio City;Dubai Studio City;TRUE;301;3237;13,83;20;36;56;30;05.04;06.09
2023-12;Dubai Studio City;Dubai Studio City;TRUE;293;3154;13,75;19;68;6;17;05.04;06.09
2024-01;Dubai Studio City;Dubai Studio City;TRUE;277;2986;13,08;18;79;14;12;05.04;06.09
2024-02;Dubai Studio City;Dubai Studio City;TRUE;290;3121;13,04;19;115;78;73;05.04;06.09
2024-03;Dubai Studio City;Dubai Studio City;TRUE;281;3027;13,17;18;47;76;63;05.04;06.09
2024-04;Dubai Studio City;Dubai Studio City;TRUE;281;3030;12,92;18;124;7;75;05.04;06.09
2024-05;Dubai Studio City;Dubai Studio City;TRUE;286;3084;12,88;19;163;50;16;05.04;06.09
2024-06;Dubai Studio City;Dubai Studio City;TRUE;276;2971;12,88;18;89;40;90;05.04;06.09
2024-07;Dubai Studio City;Dubai Studio City;TRUE;269;2900;12,71;18;50;60;16;0,211805556;06.15
2024-08;Dubai Studio City;Dubai Studio City;TRUE;292;3145;13,38;19;147;48;87;0,211805556;06.15
2024-09;Dubai Studio City;Dubai Studio City;TRUE;271;2916;12,08;18;33;48;16;0,211805556;06.15
2024-10;Dubai Studio City;Dubai Studio City;TRUE;282;3034;12,67;18;81;59;20;0,211805556;06.15
2024-11;Dubai Studio City;Dubai Studio City;TRUE;265;2853;12,79;17;97;62;112;0,211805556;06.15
2024-12;Dubai Studio City;Dubai Studio City;TRUE;298;3209;13,00;19;48;9;112;0,211805556;06.15
2025-01;Dubai Studio City;Dubai Studio City;TRUE;280;3009;12,75;18;78;53;51;0,211805556;06.15
2025-02;Dubai Studio City;Dubai Studio City;TRUE;271;2913;12,46;18;37;75;32;0,211805556;06.15
2025-03;Dubai Studio City;Dubai Studio City;TRUE;283;3042;12,75;18;114;58;68;0,211805556;06.15
2025-04;Dubai Studio City;Dubai Studio City;TRUE;285;3065;13,00;19;32;7;16;0,211805556;06.15
2025-05;Dubai Studio City;Dubai Studio City;TRUE;289;3109;12,71;19;120;44;12;0,211805556;06.15
2025-06;Dubai Studio City;Dubai Studio City;TRUE;291;3132;14,04;19;136;78;54;0,211805556;06.15
2025-07;Dubai Studio City;Dubai Studio City;TRUE;294;3161;14,13;19;66;50;31;04.00;05.05
2025-08;Dubai Studio City;Dubai Studio City;TRUE;284;3060;12,96;18;65;31;63;04.00;05.05
2025-09;Dubai Studio City;Dubai Studio City;TRUE;273;2934;11,79;18;41;79;52;04.00;05.05
2025-10;Dubai Studio City;Dubai Studio City;TRUE;287;3089;12,58;19;127;5;58;04.00;05.05
2025-11;Dubai Studio City;Dubai Studio City;TRUE;274;2952;12,54;18;107;53;117;04.00;05.05
2025-12;Dubai Studio City;Dubai Studio City;TRUE;285;3069;13,08;19;175;5;38;04.00;05.05
2026-01;Dubai Studio City;Dubai Studio City;TRUE;282;3033;12,54;18;96;53;42;04.00;05.05
2026-02;Dubai Studio City;Dubai Studio City;TRUE;271;2916;12,67;18;34;33;56;04.00;05.05
2026-03;Dubai Studio City;Dubai Studio City;TRUE;281;3028;12,38;18;174;12;109;04.00;05.05
2026-04;Dubai Studio City;Dubai Studio City;TRUE;280;3015;12,63;18;108;62;60;04.00;05.05
2020-01;Dubai Production City;IMPZ;TRUE;152;1637;7,00;10;85;53;83;01.05;03.00
2020-02;Dubai Production City;IMPZ;TRUE;160;1727;6,92;10;27;56;101;01.05;03.00
2020-03;Dubai Production City;IMPZ;TRUE;157;1689;7,25;10;177;43;61;01.05;03.00
2020-04;Dubai Production City;IMPZ;TRUE;152;1639;7,08;10;144;75;72;00.04;01.09
2020-05;Dubai Production City;IMPZ;TRUE;155;1665;7,08;10;18;37;119;00.04;01.09
2020-06;Dubai Production City;IMPZ;TRUE;148;1598;6,67;10;145;36;74;00.04;01.09
2020-07;Dubai Production City;IMPZ;TRUE;154;1654;7,08;10;62;37;114;00.04;01.09
2020-08;Dubai Production City;IMPZ;TRUE;142;1529;6,58;9;105;54;79;00.04;01.09
2020-09;Dubai Production City;IMPZ;TRUE;143;1544;6,58;9;147;62;68;00.04;01.09
2020-10;Dubai Production City;IMPZ;TRUE;145;1566;6,58;9;126;27;17;00.04;01.09
2020-11;Dubai Production City;IMPZ;TRUE;146;1574;6,58;10;177;32;76;00.04;01.09
2020-12;Dubai Production City;IMPZ;TRUE;149;1604;7,17;10;49;72;73;00.04;01.09
2021-01;Dubai Production City;IMPZ;TRUE;148;1588;6,92;10;81;47;49;00.04;01.09
2021-02;Dubai Production City;IMPZ;TRUE;157;1691;7,38;10;69;38;48;00.04;01.09
2021-03;Dubai Production City;IMPZ;TRUE;156;1676;7,17;10;75;56;58;00.04;01.09
2021-04;Dubai Production City;IMPZ;TRUE;160;1720;7,38;10;142;64;46;00.04;01.09
2021-05;Dubai Production City;IMPZ;TRUE;160;1720;7,21;10;61;52;70;00.04;01.09
2021-06;Dubai Production City;IMPZ;TRUE;160;1723;7,13;10;172;52;19;00.04;01.09
2021-07;Dubai Production City;IMPZ;TRUE;168;1808;7,33;11;128;77;76;00.04;01.09
2021-08;Dubai Production City;IMPZ;TRUE;166;1790;7,71;11;169;29;110;00.04;01.09
2021-09;Dubai Production City;IMPZ;TRUE;170;1827;8,00;11;71;53;41;00.04;01.09
2021-10;Dubai Production City;IMPZ;TRUE;165;1778;7,29;11;62;71;61;00.04;01.09
2021-11;Dubai Production City;IMPZ;TRUE;176;1894;8,29;11;30;40;100;00.04;01.09
2021-12;Dubai Production City;IMPZ;TRUE;191;2051;9,13;12;87;26;96;00.04;01.09
2022-01;Dubai Production City;IMPZ;TRUE;190;2043;8,96;12;47;54;73;00.04;01.09
2022-02;Dubai Production City;IMPZ;TRUE;188;2019;8,29;12;74;53;108;00.04;01.09
2022-03;Dubai Production City;IMPZ;TRUE;200;2157;9,25;13;77;74;114;00.04;01.09
2022-04;Dubai Production City;IMPZ;TRUE;204;2199;9,63;13;101;48;97;01.04;02.09
2022-05;Dubai Production City;IMPZ;TRUE;212;2283;10,00;14;49;37;107;01.04;02.09
2022-06;Dubai Production City;IMPZ;TRUE;218;2349;10,17;14;70;51;119;01.04;02.09
2022-07;Dubai Production City;IMPZ;TRUE;220;2367;10,13;14;22;65;71;01.04;02.09
2022-08;Dubai Production City;IMPZ;TRUE;225;2425;9,96;15;146;23;33;01.04;02.09
2022-09;Dubai Production City;IMPZ;TRUE;214;2301;10,08;14;139;77;21;01.04;02.09
2022-10;Dubai Production City;IMPZ;TRUE;215;2313;9,75;14;41;42;77;04.04;05.09
2022-11;Dubai Production City;IMPZ;TRUE;226;2433;10,58;15;175;55;43;04.04;05.09
2022-12;Dubai Production City;IMPZ;TRUE;234;2515;10,21;15;141;74;111;04.04;05.09
2023-01;Dubai Production City;IMPZ;TRUE;234;2518;11,08;15;91;6;63;04.04;05.09
2023-02;Dubai Production City;IMPZ;TRUE;237;2555;10,67;15;127;67;94;04.04;05.09
2023-03;Dubai Production City;IMPZ;TRUE;248;2665;11,42;16;24;34;78;04.04;05.09
2023-04;Dubai Production City;IMPZ;TRUE;261;2812;11,88;17;170;73;115;04.04;05.09
2023-05;Dubai Production City;IMPZ;TRUE;256;2750;11,63;17;21;69;99;04.04;05.09
2023-06;Dubai Production City;IMPZ;TRUE;247;2657;11,25;16;27;75;106;04.04;05.09
2023-07;Dubai Production City;IMPZ;TRUE;269;2901;12,29;18;92;18;87;05.04;06.09
2023-08;Dubai Production City;IMPZ;TRUE;269;2897;12,58;17;142;36;116;05.04;06.09
2023-09;Dubai Production City;IMPZ;TRUE;264;2838;12,08;17;22;61;96;05.04;06.09
2023-10;Dubai Production City;IMPZ;TRUE;281;3026;13,42;18;138;24;70;05.04;06.09
2023-11;Dubai Production City;IMPZ;TRUE;281;3026;13,33;18;159;69;43;05.04;06.09
2023-12;Dubai Production City;IMPZ;TRUE;277;2978;12,38;18;115;44;70;05.04;06.09
2024-01;Dubai Production City;IMPZ;TRUE;275;2965;12,67;18;29;52;53;05.04;06.09
2024-02;Dubai Production City;IMPZ;TRUE;280;3018;12,50;18;117;56;59;05.04;06.09
2024-03;Dubai Production City;IMPZ;TRUE;273;2940;12,54;18;123;47;96;05.04;06.09
2024-04;Dubai Production City;IMPZ;TRUE;270;2911;12,29;18;118;43;74;05.04;06.09
2024-05;Dubai Production City;IMPZ;TRUE;264;2839;12,25;17;91;24;97;05.04;06.09
2024-06;Dubai Production City;IMPZ;TRUE;282;3039;12,63;18;101;18;20;05.04;06.09
2024-07;Dubai Production City;IMPZ;TRUE;272;2931;12,42;18;116;73;55;0,211805556;06.15
2024-08;Dubai Production City;IMPZ;TRUE;275;2959;12,58;18;56;25;87;0,211805556;06.15
2024-09;Dubai Production City;IMPZ;TRUE;258;2776;11,42;17;145;71;59;0,211805556;06.15
2024-10;Dubai Production City;IMPZ;TRUE;259;2793;12,29;17;25;75;80;0,211805556;06.15
2024-11;Dubai Production City;IMPZ;TRUE;268;2882;12,63;17;25;35;38;0,211805556;06.15
2024-12;Dubai Production City;IMPZ;TRUE;263;2836;12,21;17;114;5;113;0,211805556;06.15
2025-01;Dubai Production City;IMPZ;TRUE;263;2830;12,17;17;176;11;78;0,211805556;06.15
2025-02;Dubai Production City;IMPZ;TRUE;258;2772;11,58;17;16;75;104;0,211805556;06.15
2025-03;Dubai Production City;IMPZ;TRUE;268;2880;12,00;17;92;27;17;0,211805556;06.15
2025-04;Dubai Production City;IMPZ;TRUE;267;2876;12,25;17;83;68;110;0,211805556;06.15
2025-05;Dubai Production City;IMPZ;TRUE;276;2976;12,46;18;30;16;118;0,211805556;06.15
2025-06;Dubai Production City;IMPZ;TRUE;262;2817;12,29;17;98;78;50;0,211805556;06.15
2025-07;Dubai Production City;IMPZ;TRUE;272;2928;12,33;18;99;75;40;04.00;05.05
2025-08;Dubai Production City;IMPZ;TRUE;269;2901;12,33;18;120;16;39;04.00;05.05
2025-09;Dubai Production City;IMPZ;TRUE;266;2866;12,17;17;64;29;91;04.00;05.05
2025-10;Dubai Production City;IMPZ;TRUE;267;2876;12,50;17;107;27;70;04.00;05.05
2025-11;Dubai Production City;IMPZ;TRUE;269;2899;12,33;18;23;48;77;04.00;05.05
2025-12;Dubai Production City;IMPZ;TRUE;262;2817;12,04;17;119;63;10;04.00;05.05
2026-01;Dubai Production City;IMPZ;TRUE;264;2844;12,04;17;37;68;61;04.00;05.05
2026-02;Dubai Production City;IMPZ;TRUE;266;2864;12,33;17;115;14;32;04.00;05.05
2026-03;Dubai Production City;IMPZ;TRUE;270;2901;11,83;18;125;73;38;04.00;05.05
2026-04;Dubai Production City;IMPZ;TRUE;277;2981;13,04;18;32;7;61;04.00;05.05
2020-01;Dubai Silicon Oasis;Dubai Silicon Oasis;TRUE;174;1870;7,88;11;125;24;30;01.05;03.00
2020-02;Dubai Silicon Oasis;Dubai Silicon Oasis;TRUE;172;1854;7,88;11;84;10;18;01.05;03.00
2020-03;Dubai Silicon Oasis;Dubai Silicon Oasis;TRUE;169;1814;7,88;11;128;5;97;01.05;03.00
2020-04;Dubai Silicon Oasis;Dubai Silicon Oasis;TRUE;168;1810;7,88;11;169;74;73;00.04;01.09
2020-05;Dubai Silicon Oasis;Dubai Silicon Oasis;TRUE;168;1811;7,63;11;62;73;110;00.04;01.09
2020-06;Dubai Silicon Oasis;Dubai Silicon Oasis;TRUE;164;1770;7,54;11;68;76;96;00.04;01.09
2020-07;Dubai Silicon Oasis;Dubai Silicon Oasis;TRUE;164;1762;7,58;11;146;35;89;00.04;01.09
2020-08;Dubai Silicon Oasis;Dubai Silicon Oasis;TRUE;170;1827;8,00;11;150;12;72;00.04;01.09
2020-09;Dubai Silicon Oasis;Dubai Silicon Oasis;TRUE;160;1719;7,42;10;97;69;56;00.04;01.09
2020-10;Dubai Silicon Oasis;Dubai Silicon Oasis;TRUE;156;1681;7,21;10;110;66;81;00.04;01.09
2020-11;Dubai Silicon Oasis;Dubai Silicon Oasis;TRUE;159;1707;7,17;10;98;58;16;00.04;01.09
2020-12;Dubai Silicon Oasis;Dubai Silicon Oasis;TRUE;165;1777;7,33;11;139;72;99;00.04;01.09
2021-01;Dubai Silicon Oasis;Dubai Silicon Oasis;TRUE;168;1805;7,83;11;117;66;41;00.04;01.09
2021-02;Dubai Silicon Oasis;Dubai Silicon Oasis;TRUE;167;1801;7,83;11;153;68;45;00.04;01.09
2021-03;Dubai Silicon Oasis;Dubai Silicon Oasis;TRUE;170;1834;7,42;11;142;32;111;00.04;01.09
2021-04;Dubai Silicon Oasis;Dubai Silicon Oasis;TRUE;174;1873;7,83;11;17;49;83;00.04;01.09
2021-05;Dubai Silicon Oasis;Dubai Silicon Oasis;TRUE;189;2031;8,29;12;70;48;40;00.04;01.09
2021-06;Dubai Silicon Oasis;Dubai Silicon Oasis;TRUE;175;1884;8,13;11;110;11;23;00.04;01.09
2021-07;Dubai Silicon Oasis;Dubai Silicon Oasis;TRUE;184;1981;8,25;12;150;47;77;00.04;01.09
2021-08;Dubai Silicon Oasis;Dubai Silicon Oasis;TRUE;188;2020;8,33;12;131;54;21;00.04;01.09
2021-09;Dubai Silicon Oasis;Dubai Silicon Oasis;TRUE;191;2052;8,79;12;112;56;57;00.04;01.09
2021-10;Dubai Silicon Oasis;Dubai Silicon Oasis;TRUE;192;2070;8,38;12;24;45;71;00.04;01.09
2021-11;Dubai Silicon Oasis;Dubai Silicon Oasis;TRUE;215;2319;10,00;14;60;14;51;00.04;01.09
2021-12;Dubai Silicon Oasis;Dubai Silicon Oasis;TRUE;189;2037;8,67;12;129;74;103;00.04;01.09
2022-01;Dubai Silicon Oasis;Dubai Silicon Oasis;TRUE;211;2267;9,71;14;34;16;117;00.04;01.09
2022-02;Dubai Silicon Oasis;Dubai Silicon Oasis;TRUE;209;2254;9,71;14;50;78;80;00.04;01.09
2022-03;Dubai Silicon Oasis;Dubai Silicon Oasis;TRUE;217;2338;10,25;14;111;26;79;00.04;01.09
2022-04;Dubai Silicon Oasis;Dubai Silicon Oasis;TRUE;228;2451;10,46;15;82;77;105;01.04;02.09
2022-05;Dubai Silicon Oasis;Dubai Silicon Oasis;TRUE;225;2421;10,29;15;125;72;87;01.04;02.09
2022-06;Dubai Silicon Oasis;Dubai Silicon Oasis;TRUE;237;2552;11,21;15;43;37;92;01.04;02.09
2022-07;Dubai Silicon Oasis;Dubai Silicon Oasis;TRUE;231;2489;10,75;15;141;25;95;01.04;02.09
2022-08;Dubai Silicon Oasis;Dubai Silicon Oasis;TRUE;226;2435;10,33;15;81;21;83;01.04;02.09
2022-09;Dubai Silicon Oasis;Dubai Silicon Oasis;TRUE;243;2613;11,00;16;172;65;80;01.04;02.09
2022-10;Dubai Silicon Oasis;Dubai Silicon Oasis;TRUE;245;2632;11,17;16;164;65;48;04.04;05.09
2022-11;Dubai Silicon Oasis;Dubai Silicon Oasis;TRUE;249;2679;11,33;16;179;26;101;04.04;05.09
2022-12;Dubai Silicon Oasis;Dubai Silicon Oasis;TRUE;262;2820;11,50;17;159;42;37;04.04;05.09
2023-01;Dubai Silicon Oasis;Dubai Silicon Oasis;TRUE;261;2808;12,08;17;39;34;67;04.04;05.09
2023-02;Dubai Silicon Oasis;Dubai Silicon Oasis;TRUE;267;2875;12,33;17;82;31;34;04.04;05.09
2023-03;Dubai Silicon Oasis;Dubai Silicon Oasis;TRUE;271;2915;12,08;18;92;50;46;04.04;05.09
2023-04;Dubai Silicon Oasis;Dubai Silicon Oasis;TRUE;267;2876;11,92;17;55;67;80;04.04;05.09
2023-05;Dubai Silicon Oasis;Dubai Silicon Oasis;TRUE;276;2975;12,88;18;22;57;116;04.04;05.09
2023-06;Dubai Silicon Oasis;Dubai Silicon Oasis;TRUE;276;2970;12,71;18;28;57;20;04.04;05.09
2023-07;Dubai Silicon Oasis;Dubai Silicon Oasis;TRUE;285;3069;13,33;19;149;27;38;05.04;06.09
2023-08;Dubai Silicon Oasis;Dubai Silicon Oasis;TRUE;300;3232;13,92;20;92;7;29;05.04;06.09
2023-09;Dubai Silicon Oasis;Dubai Silicon Oasis;TRUE;292;3148;13,29;19;88;75;118;05.04;06.09
2023-10;Dubai Silicon Oasis;Dubai Silicon Oasis;TRUE;304;3271;14,25;20;97;34;17;05.04;06.09
2023-11;Dubai Silicon Oasis;Dubai Silicon Oasis;TRUE;305;3279;13,83;20;108;30;80;05.04;06.09
2023-12;Dubai Silicon Oasis;Dubai Silicon Oasis;TRUE;303;3258;13,63;20;113;55;23;05.04;06.09
2024-01;Dubai Silicon Oasis;Dubai Silicon Oasis;TRUE;294;3166;13,63;19;177;22;18;05.04;06.09
2024-02;Dubai Silicon Oasis;Dubai Silicon Oasis;TRUE;297;3200;13,58;19;119;61;42;05.04;06.09
2024-03;Dubai Silicon Oasis;Dubai Silicon Oasis;TRUE;295;3172;13,13;19;47;24;78;05.04;06.09
2024-04;Dubai Silicon Oasis;Dubai Silicon Oasis;TRUE;295;3172;13,54;19;141;19;24;05.04;06.09
2024-05;Dubai Silicon Oasis;Dubai Silicon Oasis;TRUE;296;3191;12,88;19;51;21;96;05.04;06.09
2024-06;Dubai Silicon Oasis;Dubai Silicon Oasis;TRUE;291;3132;13,58;19;100;74;85;05.04;06.09
2024-07;Dubai Silicon Oasis;Dubai Silicon Oasis;TRUE;301;3236;12,92;20;120;32;93;0,211805556;06.15
2024-08;Dubai Silicon Oasis;Dubai Silicon Oasis;TRUE;305;3282;13,33;20;25;46;48;0,211805556;06.15
2024-09;Dubai Silicon Oasis;Dubai Silicon Oasis;TRUE;296;3181;13,63;19;54;51;38;0,211805556;06.15
2024-10;Dubai Silicon Oasis;Dubai Silicon Oasis;TRUE;299;3215;13,96;19;44;27;100;0,211805556;06.15
2024-11;Dubai Silicon Oasis;Dubai Silicon Oasis;TRUE;293;3149;13,33;19;24;64;73;0,211805556;06.15
2024-12;Dubai Silicon Oasis;Dubai Silicon Oasis;TRUE;295;3177;13,46;19;163;6;12;0,211805556;06.15
2025-01;Dubai Silicon Oasis;Dubai Silicon Oasis;TRUE;289;3115;13,04;19;99;69;91;0,211805556;06.15
2025-02;Dubai Silicon Oasis;Dubai Silicon Oasis;TRUE;293;3152;13,33;19;177;55;79;0,211805556;06.15
2025-03;Dubai Silicon Oasis;Dubai Silicon Oasis;TRUE;296;3189;13,50;19;155;49;44;0,211805556;06.15
2025-04;Dubai Silicon Oasis;Dubai Silicon Oasis;TRUE;292;3146;13,88;19;22;42;33;0,211805556;06.15
2025-05;Dubai Silicon Oasis;Dubai Silicon Oasis;TRUE;291;3132;13,71;19;126;39;94;0,211805556;06.15
2025-06;Dubai Silicon Oasis;Dubai Silicon Oasis;TRUE;276;2972;12,88;18;35;12;31;0,211805556;06.15
2025-07;Dubai Silicon Oasis;Dubai Silicon Oasis;TRUE;292;3140;13,29;19;102;5;68;04.00;05.05
2025-08;Dubai Silicon Oasis;Dubai Silicon Oasis;TRUE;302;3255;13,54;20;123;8;109;04.00;05.05
2025-09;Dubai Silicon Oasis;Dubai Silicon Oasis;TRUE;296;3181;13,71;19;71;39;90;04.00;05.05
2025-10;Dubai Silicon Oasis;Dubai Silicon Oasis;TRUE;292;3145;12,88;19;82;75;30;04.00;05.05
2025-11;Dubai Silicon Oasis;Dubai Silicon Oasis;TRUE;289;3107;13,21;19;131;38;34;04.00;05.05
2025-12;Dubai Silicon Oasis;Dubai Silicon Oasis;TRUE;314;3378;14,79;20;35;46;12;04.00;05.05
2026-01;Dubai Silicon Oasis;Dubai Silicon Oasis;TRUE;290;3125;13,46;19;66;55;49;04.00;05.05
2026-02;Dubai Silicon Oasis;Dubai Silicon Oasis;TRUE;283;3050;12,58;18;124;73;69;04.00;05.05
2026-03;Dubai Silicon Oasis;Dubai Silicon Oasis;TRUE;296;3182;13,54;19;145;75;74;04.00;05.05
2026-04;Dubai Silicon Oasis;Dubai Silicon Oasis;TRUE;295;3179;13,42;19;104;51;29;04.00;05.05
2020-01;Al Barsha;Al Barsha;FALSE;221;2374;;14;48;0;84;01.05;03.00
2020-02;Al Barsha;Al Barsha;FALSE;224;2411;;15;125;0;112;01.05;03.00
2020-03;Al Barsha;Al Barsha;FALSE;220;2366;;14;157;0;101;01.05;03.00
2020-04;Al Barsha;Al Barsha;FALSE;224;2411;;15;173;0;44;00.04;01.09
2020-05;Al Barsha;Al Barsha;FALSE;217;2339;;14;16;0;41;00.04;01.09
2020-06;Al Barsha;Al Barsha;FALSE;210;2262;;14;43;0;114;00.04;01.09
2020-07;Al Barsha;Al Barsha;FALSE;213;2288;;14;21;0;87;00.04;01.09
2020-08;Al Barsha;Al Barsha;FALSE;217;2331;;14;130;0;117;00.04;01.09
2020-09;Al Barsha;Al Barsha;FALSE;219;2362;;14;33;0;117;00.04;01.09
2020-10;Al Barsha;Al Barsha;FALSE;208;2239;;14;15;0;15;00.04;01.09
2020-11;Al Barsha;Al Barsha;FALSE;207;2232;;13;101;0;83;00.04;01.09
2020-12;Al Barsha;Al Barsha;FALSE;210;2259;;14;41;0;61;00.04;01.09
2021-01;Al Barsha;Al Barsha;FALSE;223;2404;;15;137;0;80;00.04;01.09
2021-02;Al Barsha;Al Barsha;FALSE;234;2517;;15;43;0;110;00.04;01.09
2021-03;Al Barsha;Al Barsha;FALSE;226;2428;;15;45;0;91;00.04;01.09
2021-04;Al Barsha;Al Barsha;FALSE;225;2423;;15;98;0;76;00.04;01.09
2021-05;Al Barsha;Al Barsha;FALSE;236;2538;;15;38;0;102;00.04;01.09
2021-06;Al Barsha;Al Barsha;FALSE;229;2461;;15;133;0;94;00.04;01.09
2021-07;Al Barsha;Al Barsha;FALSE;242;2601;;16;91;0;79;00.04;01.09
2021-08;Al Barsha;Al Barsha;FALSE;252;2716;;16;20;0;35;00.04;01.09
2021-09;Al Barsha;Al Barsha;FALSE;248;2673;;16;173;0;15;00.04;01.09
2021-10;Al Barsha;Al Barsha;FALSE;246;2643;;16;84;0;57;00.04;01.09
2021-11;Al Barsha;Al Barsha;FALSE;252;2714;;16;179;0;80;00.04;01.09
2021-12;Al Barsha;Al Barsha;FALSE;269;2893;;17;91;0;112;00.04;01.09
2022-01;Al Barsha;Al Barsha;FALSE;273;2941;;18;19;0;74;00.04;01.09
2022-02;Al Barsha;Al Barsha;FALSE;278;2997;;18;100;0;96;00.04;01.09
2022-03;Al Barsha;Al Barsha;FALSE;282;3036;;18;103;0;102;00.04;01.09
2022-04;Al Barsha;Al Barsha;FALSE;299;3215;;19;93;0;46;01.04;02.09
2022-05;Al Barsha;Al Barsha;FALSE;290;3125;;19;168;0;93;01.04;02.09
2022-06;Al Barsha;Al Barsha;FALSE;305;3287;;20;127;0;111;01.04;02.09
2022-07;Al Barsha;Al Barsha;FALSE;300;3234;;20;67;0;60;01.04;02.09
2022-08;Al Barsha;Al Barsha;FALSE;298;3209;;19;66;0;101;01.04;02.09
2022-09;Al Barsha;Al Barsha;FALSE;310;3332;;20;75;0;67;01.04;02.09
2022-10;Al Barsha;Al Barsha;FALSE;346;3724;;22;138;0;118;04.04;05.09
2022-11;Al Barsha;Al Barsha;FALSE;329;3536;;21;161;0;95;04.04;05.09
2022-12;Al Barsha;Al Barsha;FALSE;342;3685;;22;125;0;76;04.04;05.09
2023-01;Al Barsha;Al Barsha;FALSE;332;3578;;22;129;0;111;04.04;05.09
2023-02;Al Barsha;Al Barsha;FALSE;348;3741;;23;92;0;75;04.04;05.09
2023-03;Al Barsha;Al Barsha;FALSE;354;3807;;23;118;0;35;04.04;05.09
2023-04;Al Barsha;Al Barsha;FALSE;366;3937;;24;19;0;78;04.04;05.09
2023-05;Al Barsha;Al Barsha;FALSE;338;3635;;22;46;0;118;04.04;05.09
2023-06;Al Barsha;Al Barsha;FALSE;377;4061;;25;175;0;60;04.04;05.09
2023-07;Al Barsha;Al Barsha;FALSE;373;4013;;24;33;0;43;05.04;06.09
2023-08;Al Barsha;Al Barsha;FALSE;381;4105;;25;91;0;51;05.04;06.09
2023-09;Al Barsha;Al Barsha;FALSE;385;4146;;25;63;0;118;05.04;06.09
2023-10;Al Barsha;Al Barsha;FALSE;396;4258;;26;28;0;29;05.04;06.09
2023-11;Al Barsha;Al Barsha;FALSE;400;4305;;26;132;0;50;05.04;06.09
2023-12;Al Barsha;Al Barsha;FALSE;383;4125;;25;75;0;49;05.04;06.09
2024-01;Al Barsha;Al Barsha;FALSE;392;4218;;25;178;0;17;05.04;06.09
2024-02;Al Barsha;Al Barsha;FALSE;388;4176;;25;41;0;57;05.04;06.09
2024-03;Al Barsha;Al Barsha;FALSE;384;4131;;25;58;0;11;05.04;06.09
2024-04;Al Barsha;Al Barsha;FALSE;399;4292;;26;162;0;116;05.04;06.09
2024-05;Al Barsha;Al Barsha;FALSE;400;4305;;26;105;0;40;05.04;06.09
2024-06;Al Barsha;Al Barsha;FALSE;388;4179;;25;63;0;107;05.04;06.09
2024-07;Al Barsha;Al Barsha;FALSE;403;4342;;26;132;0;99;0,211805556;06.15
2024-08;Al Barsha;Al Barsha;FALSE;404;4348;;26;89;0;30;0,211805556;06.15
2024-09;Al Barsha;Al Barsha;FALSE;388;4177;;25;179;0;56;0,211805556;06.15
2024-10;Al Barsha;Al Barsha;FALSE;392;4221;;25;53;0;48;0,211805556;06.15
2024-11;Al Barsha;Al Barsha;FALSE;386;4151;;25;142;0;81;0,211805556;06.15
2024-12;Al Barsha;Al Barsha;FALSE;387;4167;;25;31;0;18;0,211805556;06.15
2025-01;Al Barsha;Al Barsha;FALSE;407;4379;;26;151;0;119;0,211805556;06.15
2025-02;Al Barsha;Al Barsha;FALSE;371;3992;;24;55;0;25;0,211805556;06.15
2025-03;Al Barsha;Al Barsha;FALSE;377;4061;;25;86;0;13;0,211805556;06.15
2025-04;Al Barsha;Al Barsha;FALSE;380;4094;;25;77;0;54;0,211805556;06.15
2025-05;Al Barsha;Al Barsha;FALSE;375;4032;;24;154;0;48;0,211805556;06.15
2025-06;Al Barsha;Al Barsha;FALSE;374;4022;;24;46;0;28;0,211805556;06.15
2025-07;Al Barsha;Al Barsha;FALSE;394;4236;;26;129;0;68;04.00;05.05
2025-08;Al Barsha;Al Barsha;FALSE;376;4045;;24;29;0;87;04.00;05.05
2025-09;Al Barsha;Al Barsha;FALSE;384;4131;;25;121;0;112;04.00;05.05
2025-10;Al Barsha;Al Barsha;FALSE;375;4039;;24;118;0;11;04.00;05.05
2025-11;Al Barsha;Al Barsha;FALSE;385;4139;;25;127;0;36;04.00;05.05
2025-12;Al Barsha;Al Barsha;FALSE;372;4002;;24;161;0;107;04.00;05.05
2026-01;Al Barsha;Al Barsha;FALSE;376;4045;;24;82;0;52;04.00;05.05
2026-02;Al Barsha;Al Barsha;FALSE;378;4069;;25;59;0;54;04.00;05.05
2026-03;Al Barsha;Al Barsha;FALSE;384;4138;;25;50;0;65;04.00;05.05
2026-04;Al Barsha;Al Barsha;FALSE;384;4131;;25;61;0;30;04.00;05.05
2020-01;Al Barsha South;Al Barsha;TRUE;210;2258;9,63;14;65;70;15;01.05;03.00
2020-02;Al Barsha South;Al Barsha;TRUE;202;2170;9,17;13;56;34;30;01.05;03.00
2020-03;Al Barsha South;Al Barsha;TRUE;212;2279;9,92;14;24;16;18;01.05;03.00
2020-04;Al Barsha South;Al Barsha;TRUE;207;2227;9,58;13;175;48;32;00.04;01.09
2020-05;Al Barsha South;Al Barsha;TRUE;198;2133;9,21;13;22;6;63;00.04;01.09
2020-06;Al Barsha South;Al Barsha;TRUE;209;2250;9,29;14;145;20;116;00.04;01.09
2020-07;Al Barsha South;Al Barsha;TRUE;202;2170;9,54;13;85;52;12;00.04;01.09
2020-08;Al Barsha South;Al Barsha;TRUE;204;2192;9,46;13;94;65;116;00.04;01.09
2020-09;Al Barsha South;Al Barsha;TRUE;194;2091;8,83;13;111;73;75;00.04;01.09
2020-10;Al Barsha South;Al Barsha;TRUE;194;2088;9,29;13;127;51;105;00.04;01.09
2020-11;Al Barsha South;Al Barsha;TRUE;191;2056;8,67;12;19;76;29;00.04;01.09
2020-12;Al Barsha South;Al Barsha;TRUE;201;2162;9,29;13;135;35;73;00.04;01.09
2021-01;Al Barsha South;Al Barsha;TRUE;204;2200;9,25;13;111;6;88;00.04;01.09
2021-02;Al Barsha South;Al Barsha;TRUE;198;2131;9,21;13;67;71;30;00.04;01.09
2021-03;Al Barsha South;Al Barsha;TRUE;206;2219;9,58;13;19;62;61;00.04;01.09
2021-04;Al Barsha South;Al Barsha;TRUE;208;2235;9,63;13;86;56;82;00.04;01.09
2021-05;Al Barsha South;Al Barsha;TRUE;220;2369;9,96;14;29;31;19;00.04;01.09
2021-06;Al Barsha South;Al Barsha;TRUE;222;2391;10,13;14;134;20;51;00.04;01.09
2021-07;Al Barsha South;Al Barsha;TRUE;228;2453;10,79;15;29;17;75;00.04;01.09
2021-08;Al Barsha South;Al Barsha;TRUE;237;2556;10,50;15;70;20;35;00.04;01.09
2021-09;Al Barsha South;Al Barsha;TRUE;229;2469;10,71;15;132;24;10;00.04;01.09
2021-10;Al Barsha South;Al Barsha;TRUE;238;2567;11,29;16;85;48;83;00.04;01.09
2021-11;Al Barsha South;Al Barsha;TRUE;233;2509;10,88;15;48;43;35;00.04;01.09
2021-12;Al Barsha South;Al Barsha;TRUE;253;2724;11,79;16;150;47;28;00.04;01.09
2022-01;Al Barsha South;Al Barsha;TRUE;259;2790;12,13;17;52;16;94;00.04;01.09
2022-02;Al Barsha South;Al Barsha;TRUE;269;2897;11,88;17;18;59;115;00.04;01.09
2022-03;Al Barsha South;Al Barsha;TRUE;264;2845;12,17;17;116;32;68;00.04;01.09
2022-04;Al Barsha South;Al Barsha;TRUE;266;2861;11,71;17;35;47;61;01.04;02.09
2022-05;Al Barsha South;Al Barsha;TRUE;280;3017;12,50;18;45;58;22;01.04;02.09
2022-06;Al Barsha South;Al Barsha;TRUE;297;3192;13,63;19;100;63;89;01.04;02.09
2022-07;Al Barsha South;Al Barsha;TRUE;291;3130;13,63;19;20;41;116;01.04;02.09
2022-08;Al Barsha South;Al Barsha;TRUE;287;3094;13,04;19;15;65;36;01.04;02.09
2022-09;Al Barsha South;Al Barsha;TRUE;296;3190;14,13;19;29;12;28;01.04;02.09
2022-10;Al Barsha South;Al Barsha;TRUE;305;3284;14,17;20;160;40;102;04.04;05.09
2022-11;Al Barsha South;Al Barsha;TRUE;292;3141;13,21;19;135;70;76;04.04;05.09
2022-12;Al Barsha South;Al Barsha;TRUE;311;3352;14,71;20;66;64;11;04.04;05.09
2023-01;Al Barsha South;Al Barsha;TRUE;327;3518;15,67;21;130;20;77;04.04;05.09
2023-02;Al Barsha South;Al Barsha;TRUE;318;3422;14,29;21;32;31;118;04.04;05.09
2023-03;Al Barsha South;Al Barsha;TRUE;328;3536;15,29;21;101;31;69;04.04;05.09
2023-04;Al Barsha South;Al Barsha;TRUE;327;3521;15,54;21;31;20;97;04.04;05.09
2023-05;Al Barsha South;Al Barsha;TRUE;333;3583;14,92;22;141;5;103;04.04;05.09
2023-06;Al Barsha South;Al Barsha;TRUE;361;3883;16,25;23;57;73;41;04.04;05.09
2023-07;Al Barsha South;Al Barsha;TRUE;371;3989;17,29;24;133;22;79;05.04;06.09
2023-08;Al Barsha South;Al Barsha;TRUE;372;4001;17,46;24;97;39;35;05.04;06.09
2023-09;Al Barsha South;Al Barsha;TRUE;365;3928;16,83;24;69;36;91;05.04;06.09
2023-10;Al Barsha South;Al Barsha;TRUE;351;3780;16,33;23;75;57;14;05.04;06.09
2023-11;Al Barsha South;Al Barsha;TRUE;371;3990;16,58;24;86;14;16;05.04;06.09
2023-12;Al Barsha South;Al Barsha;TRUE;363;3904;16,29;24;175;31;88;05.04;06.09
2024-01;Al Barsha South;Al Barsha;TRUE;373;4016;16,92;24;106;52;14;05.04;06.09
2024-02;Al Barsha South;Al Barsha;TRUE;360;3872;16,79;23;114;21;99;05.04;06.09
2024-03;Al Barsha South;Al Barsha;TRUE;377;4058;18,29;25;119;37;37;05.04;06.09
2024-04;Al Barsha South;Al Barsha;TRUE;360;3877;16,46;23;149;60;104;05.04;06.09
2024-05;Al Barsha South;Al Barsha;TRUE;377;4053;17,17;24;121;78;72;05.04;06.09
2024-06;Al Barsha South;Al Barsha;TRUE;377;4057;17,29;24;104;21;23;05.04;06.09
2024-07;Al Barsha South;Al Barsha;TRUE;366;3939;16,17;24;27;26;10;0,211805556;06.15
2024-08;Al Barsha South;Al Barsha;TRUE;361;3882;16,29;23;70;36;108;0,211805556;06.15
2024-09;Al Barsha South;Al Barsha;TRUE;345;3712;16,04;22;179;24;48;0,211805556;06.15
2024-10;Al Barsha South;Al Barsha;TRUE;366;3935;17,04;24;46;40;63;0,211805556;06.15
2024-11;Al Barsha South;Al Barsha;TRUE;364;3916;17,54;24;99;8;24;0,211805556;06.15
2024-12;Al Barsha South;Al Barsha;TRUE;360;3877;16,08;23;112;72;66;0,211805556;06.15
2025-01;Al Barsha South;Al Barsha;TRUE;366;3941;16,96;24;24;8;68;0,211805556;06.15
2025-02;Al Barsha South;Al Barsha;TRUE;363;3904;16,33;24;109;41;63;0,211805556;06.15
2025-03;Al Barsha South;Al Barsha;TRUE;360;3880;17,08;23;18;58;91;0,211805556;06.15
2025-04;Al Barsha South;Al Barsha;TRUE;360;3872;16,00;23;131;19;35;0,211805556;06.15
2025-05;Al Barsha South;Al Barsha;TRUE;359;3870;16,46;23;41;58;11;0,211805556;06.15
2025-06;Al Barsha South;Al Barsha;TRUE;363;3903;16,71;24;131;9;62;0,211805556;06.15
2025-07;Al Barsha South;Al Barsha;TRUE;365;3932;16,17;24;107;39;113;04.00;05.05
2025-08;Al Barsha South;Al Barsha;TRUE;350;3771;16,00;23;122;13;102;04.00;05.05
2025-09;Al Barsha South;Al Barsha;TRUE;351;3782;16,46;23;167;5;42;04.00;05.05
2025-10;Al Barsha South;Al Barsha;TRUE;358;3853;16,33;23;130;24;98;04.00;05.05
2025-11;Al Barsha South;Al Barsha;TRUE;360;3873;16,21;23;45;49;94;04.00;05.05
2025-12;Al Barsha South;Al Barsha;TRUE;341;3669;15,83;22;124;52;117;04.00;05.05
2026-01;Al Barsha South;Al Barsha;TRUE;358;3851;16,88;23;127;61;32;04.00;05.05
2026-02;Al Barsha South;Al Barsha;TRUE;353;3804;16,21;23;87;19;98;04.00;05.05
2026-03;Al Barsha South;Al Barsha;TRUE;369;3975;15,67;24;64;51;33;04.00;05.05
2026-04;Al Barsha South;Al Barsha;TRUE;358;3851;16,58;23;20;54;98;04.00;05.05
2020-01;Bur Dubai;Bur Dubai;FALSE;170;1827;;11;81;0;95;01.05;03.00
2020-02;Bur Dubai;Bur Dubai;FALSE;179;1928;;12;21;0;105;01.05;03.00
2020-03;Bur Dubai;Bur Dubai;FALSE;172;1851;;11;142;0;78;01.05;03.00
2020-04;Bur Dubai;Bur Dubai;FALSE;172;1847;;11;121;0;52;00.04;01.09
2020-05;Bur Dubai;Bur Dubai;FALSE;164;1767;;11;110;0;81;00.04;01.09
2020-06;Bur Dubai;Bur Dubai;FALSE;170;1825;;11;124;0;74;00.04;01.09
2020-07;Bur Dubai;Bur Dubai;FALSE;169;1821;;11;144;0;97;00.04;01.09
2020-08;Bur Dubai;Bur Dubai;FALSE;164;1767;;11;163;0;85;00.04;01.09
2020-09;Bur Dubai;Bur Dubai;FALSE;168;1811;;11;166;0;79;00.04;01.09
2020-10;Bur Dubai;Bur Dubai;FALSE;165;1777;;11;79;0;13;00.04;01.09
2020-11;Bur Dubai;Bur Dubai;FALSE;163;1750;;11;138;0;18;00.04;01.09
2020-12;Bur Dubai;Bur Dubai;FALSE;169;1823;;11;148;0;92;00.04;01.09
2021-01;Bur Dubai;Bur Dubai;FALSE;172;1853;;11;45;0;111;00.04;01.09
2021-02;Bur Dubai;Bur Dubai;FALSE;169;1821;;11;57;0;51;00.04;01.09
2021-03;Bur Dubai;Bur Dubai;FALSE;170;1828;;11;102;0;100;00.04;01.09
2021-04;Bur Dubai;Bur Dubai;FALSE;170;1831;;11;139;0;95;00.04;01.09
2021-05;Bur Dubai;Bur Dubai;FALSE;183;1973;;12;93;0;111;00.04;01.09
2021-06;Bur Dubai;Bur Dubai;FALSE;190;2044;;12;155;0;47;00.04;01.09
2021-07;Bur Dubai;Bur Dubai;FALSE;179;1931;;12;76;0;106;00.04;01.09
2021-08;Bur Dubai;Bur Dubai;FALSE;190;2050;;12;111;0;97;00.04;01.09
2021-09;Bur Dubai;Bur Dubai;FALSE;181;1952;;12;92;0;41;00.04;01.09
2021-10;Bur Dubai;Bur Dubai;FALSE;193;2081;;13;73;0;108;00.04;01.09
2021-11;Bur Dubai;Bur Dubai;FALSE;207;2232;;13;118;0;74;00.04;01.09
2021-12;Bur Dubai;Bur Dubai;FALSE;195;2101;;13;95;0;34;00.04;01.09
2022-01;Bur Dubai;Bur Dubai;FALSE;214;2301;;14;61;0;38;00.04;01.09
2022-02;Bur Dubai;Bur Dubai;FALSE;223;2401;;14;125;0;42;00.04;01.09
2022-03;Bur Dubai;Bur Dubai;FALSE;227;2446;;15;169;0;112;00.04;01.09
2022-04;Bur Dubai;Bur Dubai;FALSE;231;2489;;15;142;0;29;01.04;02.09
2022-05;Bur Dubai;Bur Dubai;FALSE;227;2440;;15;165;0;23;01.04;02.09
2022-06;Bur Dubai;Bur Dubai;FALSE;231;2488;;15;108;0;22;01.04;02.09
2022-07;Bur Dubai;Bur Dubai;FALSE;239;2569;;16;178;0;46;01.04;02.09
2022-08;Bur Dubai;Bur Dubai;FALSE;247;2653;;16;153;0;71;01.04;02.09
2022-09;Bur Dubai;Bur Dubai;FALSE;250;2687;;16;49;0;117;01.04;02.09
2022-10;Bur Dubai;Bur Dubai;FALSE;249;2684;;16;133;0;102;04.04;05.09
2022-11;Bur Dubai;Bur Dubai;FALSE;266;2868;;17;17;0;113;04.04;05.09
2022-12;Bur Dubai;Bur Dubai;FALSE;252;2710;;16;79;0;76;04.04;05.09
2023-01;Bur Dubai;Bur Dubai;FALSE;269;2896;;17;33;0;44;04.04;05.09
2023-02;Bur Dubai;Bur Dubai;FALSE;279;2999;;18;167;0;73;04.04;05.09
2023-03;Bur Dubai;Bur Dubai;FALSE;275;2962;;18;160;0;77;04.04;05.09
2023-04;Bur Dubai;Bur Dubai;FALSE;286;3074;;19;29;0;112;04.04;05.09
2023-05;Bur Dubai;Bur Dubai;FALSE;290;3117;;19;174;0;57;04.04;05.09
2023-06;Bur Dubai;Bur Dubai;FALSE;299;3214;;19;128;0;82;04.04;05.09
2023-07;Bur Dubai;Bur Dubai;FALSE;289;3107;;19;172;0;39;05.04;06.09
2023-08;Bur Dubai;Bur Dubai;FALSE;298;3204;;19;109;0;83;05.04;06.09
2023-09;Bur Dubai;Bur Dubai;FALSE;299;3218;;19;129;0;115;05.04;06.09
2023-10;Bur Dubai;Bur Dubai;FALSE;312;3359;;20;101;0;117;05.04;06.09
2023-11;Bur Dubai;Bur Dubai;FALSE;310;3332;;20;153;0;89;05.04;06.09
2023-12;Bur Dubai;Bur Dubai;FALSE;306;3290;;20;118;0;26;05.04;06.09
2024-01;Bur Dubai;Bur Dubai;FALSE;306;3291;;20;115;0;107;05.04;06.09
2024-02;Bur Dubai;Bur Dubai;FALSE;319;3431;;21;19;0;49;05.04;06.09
2024-03;Bur Dubai;Bur Dubai;FALSE;305;3284;;20;73;0;16;05.04;06.09
2024-04;Bur Dubai;Bur Dubai;FALSE;313;3374;;20;173;0;105;05.04;06.09
2024-05;Bur Dubai;Bur Dubai;FALSE;310;3332;;20;177;0;67;05.04;06.09
2024-06;Bur Dubai;Bur Dubai;FALSE;307;3305;;20;127;0;54;05.04;06.09
2024-07;Bur Dubai;Bur Dubai;FALSE;306;3289;;20;167;0;117;0,211805556;06.15
2024-08;Bur Dubai;Bur Dubai;FALSE;316;3400;;21;128;0;16;0,211805556;06.15
2024-09;Bur Dubai;Bur Dubai;FALSE;305;3285;;20;84;0;69;0,211805556;06.15
2024-10;Bur Dubai;Bur Dubai;FALSE;300;3227;;19;40;0;96;0,211805556;06.15
2024-11;Bur Dubai;Bur Dubai;FALSE;299;3214;;19;118;0;29;0,211805556;06.15
2024-12;Bur Dubai;Bur Dubai;FALSE;305;3279;;20;151;0;67;0,211805556;06.15
2025-01;Bur Dubai;Bur Dubai;FALSE;303;3262;;20;17;0;17;0,211805556;06.15
2025-02;Bur Dubai;Bur Dubai;FALSE;305;3281;;20;149;0;98;0,211805556;06.15
2025-03;Bur Dubai;Bur Dubai;FALSE;300;3224;;19;80;0;105;0,211805556;06.15
2025-04;Bur Dubai;Bur Dubai;FALSE;301;3242;;20;19;0;27;0,211805556;06.15
2025-05;Bur Dubai;Bur Dubai;FALSE;295;3172;;19;168;0;80;0,211805556;06.15
2025-06;Bur Dubai;Bur Dubai;FALSE;306;3297;;20;162;0;84;0,211805556;06.15
2025-07;Bur Dubai;Bur Dubai;FALSE;286;3079;;19;147;0;66;04.00;05.05
2025-08;Bur Dubai;Bur Dubai;FALSE;303;3259;;20;157;0;86;04.00;05.05
2025-09;Bur Dubai;Bur Dubai;FALSE;304;3274;;20;21;0;94;04.00;05.05
2025-10;Bur Dubai;Bur Dubai;FALSE;302;3250;;20;148;0;84;04.00;05.05
2025-11;Bur Dubai;Bur Dubai;FALSE;297;3193;;19;85;0;50;04.00;05.05
2025-12;Bur Dubai;Bur Dubai;FALSE;289;3106;;19;146;0;20;04.00;05.05
2026-01;Bur Dubai;Bur Dubai;FALSE;282;3041;;18;68;0;61;04.00;05.05
2026-02;Bur Dubai;Bur Dubai;FALSE;310;3335;;20;51;0;117;04.00;05.05
2026-03;Bur Dubai;Bur Dubai;FALSE;298;3213;;19;81;0;60;04.00;05.05
2026-04;Bur Dubai;Bur Dubai;FALSE;298;3206;;19;154;0;69;04.00;05.05
2020-01;Deira;Deira;FALSE;166;1782;;11;98;0;18;01.05;03.00
2020-02;Deira;Deira;FALSE;161;1736;;10;140;0;63;01.05;03.00
2020-03;Deira;Deira;FALSE;173;1859;;11;125;0;60;01.05;03.00
2020-04;Deira;Deira;FALSE;166;1790;;11;42;0;42;00.04;01.09
2020-05;Deira;Deira;FALSE;164;1762;;11;169;0;117;00.04;01.09
2020-06;Deira;Deira;FALSE;160;1719;;10;78;0;70;00.04;01.09
2020-07;Deira;Deira;FALSE;166;1782;;11;175;0;109;00.04;01.09
2020-08;Deira;Deira;FALSE;153;1651;;10;52;0;87;00.04;01.09
2020-09;Deira;Deira;FALSE;158;1703;;10;157;0;108;00.04;01.09
2020-10;Deira;Deira;FALSE;156;1675;;10;116;0;40;00.04;01.09
2020-11;Deira;Deira;FALSE;158;1700;;10;170;0;105;00.04;01.09
2020-12;Deira;Deira;FALSE;158;1700;;10;140;0;76;00.04;01.09
2021-01;Deira;Deira;FALSE;164;1761;;11;74;0;35;00.04;01.09
2021-02;Deira;Deira;FALSE;161;1733;;10;92;0;96;00.04;01.09
2021-03;Deira;Deira;FALSE;164;1763;;11;42;0;66;00.04;01.09
2021-04;Deira;Deira;FALSE;174;1877;;11;154;0;107;00.04;01.09
2021-05;Deira;Deira;FALSE;175;1888;;11;175;0;39;00.04;01.09
2021-06;Deira;Deira;FALSE;174;1868;;11;57;0;85;00.04;01.09
2021-07;Deira;Deira;FALSE;176;1890;;11;151;0;114;00.04;01.09
2021-08;Deira;Deira;FALSE;179;1925;;12;169;0;114;00.04;01.09
2021-09;Deira;Deira;FALSE;183;1965;;12;85;0;33;00.04;01.09
2021-10;Deira;Deira;FALSE;186;2006;;12;109;0;89;00.04;01.09
2021-11;Deira;Deira;FALSE;202;2175;;13;26;0;19;00.04;01.09
2021-12;Deira;Deira;FALSE;200;2157;;13;127;0;54;00.04;01.09
2022-01;Deira;Deira;FALSE;214;2308;;14;52;0;38;00.04;01.09
2022-02;Deira;Deira;FALSE;211;2272;;14;62;0;116;00.04;01.09
2022-03;Deira;Deira;FALSE;220;2370;;14;58;0;113;00.04;01.09
2022-04;Deira;Deira;FALSE;211;2267;;14;177;0;90;01.04;02.09
2022-05;Deira;Deira;FALSE;218;2345;;14;114;0;69;01.04;02.09
2022-06;Deira;Deira;FALSE;218;2344;;14;132;0;55;01.04;02.09
2022-07;Deira;Deira;FALSE;226;2432;;15;91;0;17;01.04;02.09
2022-08;Deira;Deira;FALSE;241;2592;;16;162;0;71;01.04;02.09
2022-09;Deira;Deira;FALSE;242;2604;;16;64;0;101;01.04;02.09
2022-10;Deira;Deira;FALSE;241;2597;;16;102;0;51;04.04;05.09
2022-11;Deira;Deira;FALSE;238;2566;;15;41;0;95;04.04;05.09
2022-12;Deira;Deira;FALSE;247;2655;;16;95;0;48;04.04;05.09
2023-01;Deira;Deira;FALSE;249;2680;;16;39;0;35;04.04;05.09
2023-02;Deira;Deira;FALSE;253;2719;;16;73;0;100;04.04;05.09
2023-03;Deira;Deira;FALSE;265;2847;;17;27;0;95;04.04;05.09
2023-04;Deira;Deira;FALSE;260;2804;;17;15;0;16;04.04;05.09
2023-05;Deira;Deira;FALSE;279;3002;;18;118;0;12;04.04;05.09
2023-06;Deira;Deira;FALSE;269;2892;;17;156;0;94;04.04;05.09
2023-07;Deira;Deira;FALSE;287;3093;;19;147;0;19;05.04;06.09
2023-08;Deira;Deira;FALSE;287;3088;;19;88;0;82;05.04;06.09
2023-09;Deira;Deira;FALSE;291;3133;;19;84;0;101;05.04;06.09
2023-10;Deira;Deira;FALSE;306;3295;;20;104;0;30;05.04;06.09
2023-11;Deira;Deira;FALSE;296;3186;;19;139;0;50;05.04;06.09
2023-12;Deira;Deira;FALSE;301;3241;;20;63;0;72;05.04;06.09
2024-01;Deira;Deira;FALSE;308;3318;;20;92;0;20;05.04;06.09
2024-02;Deira;Deira;FALSE;297;3196;;19;145;0;33;05.04;06.09
2024-03;Deira;Deira;FALSE;291;3131;;19;104;0;39;05.04;06.09
2024-04;Deira;Deira;FALSE;290;3118;;19;154;0;32;05.04;06.09
2024-05;Deira;Deira;FALSE;290;3119;;19;63;0;70;05.04;06.09
2024-06;Deira;Deira;FALSE;289;3110;;19;86;0;91;05.04;06.09
2024-07;Deira;Deira;FALSE;290;3122;;19;96;0;12;0,211805556;06.15
2024-08;Deira;Deira;FALSE;304;3272;;20;67;0;30;0,211805556;06.15
2024-09;Deira;Deira;FALSE;290;3127;;19;23;0;40;0,211805556;06.15
2024-10;Deira;Deira;FALSE;289;3111;;19;76;0;102;0,211805556;06.15
2024-11;Deira;Deira;FALSE;277;2984;;18;116;0;112;0,211805556;06.15
2024-12;Deira;Deira;FALSE;290;3121;;19;52;0;19;0,211805556;06.15
2025-01;Deira;Deira;FALSE;290;3122;;19;44;0;71;0,211805556;06.15
2025-02;Deira;Deira;FALSE;290;3123;;19;40;0;22;0,211805556;06.15
2025-03;Deira;Deira;FALSE;285;3070;;19;29;0;82;0,211805556;06.15
2025-04;Deira;Deira;FALSE;294;3168;;19;39;0;41;0,211805556;06.15
2025-05;Deira;Deira;FALSE;290;3124;;19;131;0;47;0,211805556;06.15
2025-06;Deira;Deira;FALSE;279;3001;;18;98;0;60;0,211805556;06.15
2025-07;Deira;Deira;FALSE;291;3137;;19;115;0;103;04.00;05.05
2025-08;Deira;Deira;FALSE;293;3157;;19;157;0;67;04.00;05.05
2025-09;Deira;Deira;FALSE;287;3093;;19;125;0;65;04.00;05.05
2025-10;Deira;Deira;FALSE;288;3101;;19;67;0;75;04.00;05.05
2025-11;Deira;Deira;FALSE;288;3096;;19;36;0;102;04.00;05.05
2025-12;Deira;Deira;FALSE;288;3102;;19;100;0;45;04.00;05.05
2026-01;Deira;Deira;FALSE;285;3066;;19;76;0;52;04.00;05.05
2026-02;Deira;Deira;FALSE;290;3125;;19;140;0;60;04.00;05.05
2026-03;Deira;Deira;FALSE;298;3206;;19;155;0;101;04.00;05.05
2026-04;Deira;Deira;FALSE;282;3032;;18;40;0;19;04.00;05.05
2020-01;Karama;Bur Dubai;FALSE;176;1890;;11;81;0;58;01.05;03.00
2020-02;Karama;Bur Dubai;FALSE;179;1925;;12;48;0;110;01.05;03.00
2020-03;Karama;Bur Dubai;FALSE;180;1935;;12;163;0;77;01.05;03.00
2020-04;Karama;Bur Dubai;FALSE;171;1840;;11;56;0;39;00.04;01.09
2020-05;Karama;Bur Dubai;FALSE;190;2047;;12;66;0;32;00.04;01.09
2020-06;Karama;Bur Dubai;FALSE;180;1942;;12;70;0;74;00.04;01.09
2020-07;Karama;Bur Dubai;FALSE;176;1890;;11;130;0;87;00.04;01.09
2020-08;Karama;Bur Dubai;FALSE;163;1752;;11;16;0;31;00.04;01.09
2020-09;Karama;Bur Dubai;FALSE;171;1839;;11;30;0;17;00.04;01.09
2020-10;Karama;Bur Dubai;FALSE;177;1904;;11;34;0;19;00.04;01.09
2020-11;Karama;Bur Dubai;FALSE;175;1886;;11;43;0;33;00.04;01.09
2020-12;Karama;Bur Dubai;FALSE;167;1802;;11;36;0;11;00.04;01.09
2021-01;Karama;Bur Dubai;FALSE;168;1810;;11;170;0;116;00.04;01.09
2021-02;Karama;Bur Dubai;FALSE;189;2031;;12;175;0;68;00.04;01.09
2021-03;Karama;Bur Dubai;FALSE;184;1979;;12;21;0;64;00.04;01.09
2021-04;Karama;Bur Dubai;FALSE;183;1968;;12;145;0;62;00.04;01.09
2021-05;Karama;Bur Dubai;FALSE;187;2008;;12;142;0;109;00.04;01.09
2021-06;Karama;Bur Dubai;FALSE;187;2010;;12;49;0;111;00.04;01.09
2021-07;Karama;Bur Dubai;FALSE;200;2158;;13;99;0;50;00.04;01.09
2021-08;Karama;Bur Dubai;FALSE;194;2091;;13;104;0;115;00.04;01.09
2021-09;Karama;Bur Dubai;FALSE;202;2170;;13;55;0;117;00.04;01.09
2021-10;Karama;Bur Dubai;FALSE;210;2259;;14;56;0;110;00.04;01.09
2021-11;Karama;Bur Dubai;FALSE;213;2289;;14;24;0;115;00.04;01.09
2021-12;Karama;Bur Dubai;FALSE;218;2342;;14;77;0;42;00.04;01.09
2022-01;Karama;Bur Dubai;FALSE;221;2377;;14;105;0;49;00.04;01.09
2022-02;Karama;Bur Dubai;FALSE;227;2445;;15;90;0;18;00.04;01.09
2022-03;Karama;Bur Dubai;FALSE;234;2519;;15;91;0;18;00.04;01.09
2022-04;Karama;Bur Dubai;FALSE;238;2558;;15;42;0;48;01.04;02.09
2022-05;Karama;Bur Dubai;FALSE;244;2628;;16;65;0;97;01.04;02.09
2022-06;Karama;Bur Dubai;FALSE;238;2557;;15;108;0;117;01.04;02.09
2022-07;Karama;Bur Dubai;FALSE;258;2778;;17;150;0;46;01.04;02.09
2022-08;Karama;Bur Dubai;FALSE;256;2760;;17;161;0;68;01.04;02.09
2022-09;Karama;Bur Dubai;FALSE;257;2765;;17;47;0;107;01.04;02.09
2022-10;Karama;Bur Dubai;FALSE;272;2926;;18;162;0;49;04.04;05.09
2022-11;Karama;Bur Dubai;FALSE;269;2892;;17;33;0;16;04.04;05.09
2022-12;Karama;Bur Dubai;FALSE;274;2950;;18;18;0;92;04.04;05.09
2023-01;Karama;Bur Dubai;FALSE;276;2976;;18;157;0;46;04.04;05.09
2023-02;Karama;Bur Dubai;FALSE;280;3011;;18;43;0;67;04.04;05.09
2023-03;Karama;Bur Dubai;FALSE;288;3100;;19;100;0;62;04.04;05.09
2023-04;Karama;Bur Dubai;FALSE;290;3117;;19;173;0;92;04.04;05.09
2023-05;Karama;Bur Dubai;FALSE;299;3224;;19;144;0;49;04.04;05.09
2023-06;Karama;Bur Dubai;FALSE;307;3301;;20;123;0;111;04.04;05.09
2023-07;Karama;Bur Dubai;FALSE;305;3287;;20;107;0;38;05.04;06.09
2023-08;Karama;Bur Dubai;FALSE;311;3352;;20;38;0;90;05.04;06.09
2023-09;Karama;Bur Dubai;FALSE;319;3436;;21;106;0;108;05.04;06.09
2023-10;Karama;Bur Dubai;FALSE;333;3579;;22;96;0;83;05.04;06.09
2023-11;Karama;Bur Dubai;FALSE;310;3342;;20;115;0;109;05.04;06.09
2023-12;Karama;Bur Dubai;FALSE;324;3486;;21;143;0;86;05.04;06.09
2024-01;Karama;Bur Dubai;FALSE;318;3418;;21;54;0;91;05.04;06.09
2024-02;Karama;Bur Dubai;FALSE;318;3422;;21;35;0;95;05.04;06.09
2024-03;Karama;Bur Dubai;FALSE;316;3404;;21;176;0;19;05.04;06.09
2024-04;Karama;Bur Dubai;FALSE;322;3470;;21;51;0;59;05.04;06.09
2024-05;Karama;Bur Dubai;FALSE;321;3454;;21;126;0;109;05.04;06.09
2024-06;Karama;Bur Dubai;FALSE;311;3351;;20;55;0;50;05.04;06.09
2024-07;Karama;Bur Dubai;FALSE;307;3306;;20;89;0;35;0,211805556;06.15
2024-08;Karama;Bur Dubai;FALSE;318;3425;;21;103;0;16;0,211805556;06.15
2024-09;Karama;Bur Dubai;FALSE;321;3457;;21;39;0;17;0,211805556;06.15
2024-10;Karama;Bur Dubai;FALSE;299;3223;;19;50;0;67;0,211805556;06.15
2024-11;Karama;Bur Dubai;FALSE;312;3360;;20;130;0;73;0,211805556;06.15
2024-12;Karama;Bur Dubai;FALSE;324;3491;;21;109;0;58;0,211805556;06.15
2025-01;Karama;Bur Dubai;FALSE;305;3283;;20;79;0;86;0,211805556;06.15
2025-02;Karama;Bur Dubai;FALSE;305;3288;;20;20;0;75;0,211805556;06.15
2025-03;Karama;Bur Dubai;FALSE;309;3328;;20;82;0;42;0,211805556;06.15
2025-04;Karama;Bur Dubai;FALSE;300;3228;;19;173;0;67;0,211805556;06.15
2025-05;Karama;Bur Dubai;FALSE;307;3301;;20;143;0;97;0,211805556;06.15
2025-06;Karama;Bur Dubai;FALSE;317;3414;;21;20;0;32;0,211805556;06.15
2025-07;Karama;Bur Dubai;FALSE;307;3306;;20;55;0;65;04.00;05.05
2025-08;Karama;Bur Dubai;FALSE;307;3307;;20;66;0;72;04.00;05.05
2025-09;Karama;Bur Dubai;FALSE;313;3373;;20;98;0;49;04.00;05.05
2025-10;Karama;Bur Dubai;FALSE;301;3235;;20;26;0;34;04.00;05.05
2025-11;Karama;Bur Dubai;FALSE;316;3404;;21;55;0;38;04.00;05.05
2025-12;Karama;Bur Dubai;FALSE;299;3224;;19;150;0;21;04.00;05.05
2026-01;Karama;Bur Dubai;FALSE;309;3324;;20;22;0;39;04.00;05.05
2026-02;Karama;Bur Dubai;FALSE;305;3278;;20;161;0;110;04.00;05.05
2026-03;Karama;Bur Dubai;FALSE;324;3482;;21;19;0;38;04.00;05.05
2026-04;Karama;Bur Dubai;FALSE;300;3233;;20;154;0;98;04.00;05.05
2020-01;Al Qusais;Al Qusais;FALSE;143;1544;;9;143;0;86;01.05;03.00
2020-02;Al Qusais;Al Qusais;FALSE;147;1585;;10;133;0;71;01.05;03.00
2020-03;Al Qusais;Al Qusais;FALSE;147;1577;;10;98;0;81;01.05;03.00
2020-04;Al Qusais;Al Qusais;FALSE;146;1572;;9;56;0;101;00.04;01.09
2020-05;Al Qusais;Al Qusais;FALSE;145;1566;;9;59;0;81;00.04;01.09
2020-06;Al Qusais;Al Qusais;FALSE;142;1531;;9;142;0;21;00.04;01.09
2020-07;Al Qusais;Al Qusais;FALSE;146;1576;;10;113;0;107;00.04;01.09
2020-08;Al Qusais;Al Qusais;FALSE;146;1567;;9;83;0;25;00.04;01.09
2020-09;Al Qusais;Al Qusais;FALSE;137;1477;;9;73;0;47;00.04;01.09
2020-10;Al Qusais;Al Qusais;FALSE;137;1479;;9;121;0;54;00.04;01.09
2020-11;Al Qusais;Al Qusais;FALSE;139;1496;;9;158;0;19;00.04;01.09
2020-12;Al Qusais;Al Qusais;FALSE;145;1562;;9;112;0;28;00.04;01.09
2021-01;Al Qusais;Al Qusais;FALSE;142;1529;;9;95;0;20;00.04;01.09
2021-02;Al Qusais;Al Qusais;FALSE;146;1574;;10;77;0;57;00.04;01.09
2021-03;Al Qusais;Al Qusais;FALSE;159;1708;;10;64;0;91;00.04;01.09
2021-04;Al Qusais;Al Qusais;FALSE;146;1575;;10;94;0;52;00.04;01.09
2021-05;Al Qusais;Al Qusais;FALSE;150;1616;;10;32;0;74;00.04;01.09
2021-06;Al Qusais;Al Qusais;FALSE;152;1636;;10;144;0;37;00.04;01.09
2021-07;Al Qusais;Al Qusais;FALSE;155;1672;;10;99;0;71;00.04;01.09
2021-08;Al Qusais;Al Qusais;FALSE;161;1729;;10;123;0;71;00.04;01.09
2021-09;Al Qusais;Al Qusais;FALSE;166;1791;;11;80;0;12;00.04;01.09
2021-10;Al Qusais;Al Qusais;FALSE;167;1794;;11;97;0;70;00.04;01.09
2021-11;Al Qusais;Al Qusais;FALSE;165;1775;;11;166;0;117;00.04;01.09
2021-12;Al Qusais;Al Qusais;FALSE;176;1892;;11;28;0;89;00.04;01.09
2022-01;Al Qusais;Al Qusais;FALSE;179;1930;;12;31;0;94;00.04;01.09
2022-02;Al Qusais;Al Qusais;FALSE;185;1997;;12;56;0;37;00.04;01.09
2022-03;Al Qusais;Al Qusais;FALSE;199;2140;;13;32;0;10;00.04;01.09
2022-04;Al Qusais;Al Qusais;FALSE;194;2090;;13;164;0;91;01.04;02.09
2022-05;Al Qusais;Al Qusais;FALSE;203;2180;;13;55;0;26;01.04;02.09
2022-06;Al Qusais;Al Qusais;FALSE;200;2155;;13;172;0;24;01.04;02.09
2022-07;Al Qusais;Al Qusais;FALSE;201;2162;;13;67;0;91;01.04;02.09
2022-08;Al Qusais;Al Qusais;FALSE;218;2349;;14;149;0;32;01.04;02.09
2022-09;Al Qusais;Al Qusais;FALSE;223;2395;;14;142;0;19;01.04;02.09
2022-10;Al Qusais;Al Qusais;FALSE;215;2315;;14;47;0;24;04.04;05.09
2022-11;Al Qusais;Al Qusais;FALSE;228;2453;;15;154;0;79;04.04;05.09
2022-12;Al Qusais;Al Qusais;FALSE;220;2367;;14;153;0;86;04.04;05.09
2023-01;Al Qusais;Al Qusais;FALSE;229;2462;;15;166;0;79;04.04;05.09
2023-02;Al Qusais;Al Qusais;FALSE;236;2538;;15;178;0;118;04.04;05.09
2023-03;Al Qusais;Al Qusais;FALSE;226;2435;;15;54;0;71;04.04;05.09
2023-04;Al Qusais;Al Qusais;FALSE;237;2555;;15;144;0;50;04.04;05.09
2023-05;Al Qusais;Al Qusais;FALSE;243;2615;;16;80;0;79;04.04;05.09
2023-06;Al Qusais;Al Qusais;FALSE;249;2675;;16;71;0;30;04.04;05.09
2023-07;Al Qusais;Al Qusais;FALSE;269;2893;;17;68;0;62;05.04;06.09
2023-08;Al Qusais;Al Qusais;FALSE;245;2637;;16;162;0;53;05.04;06.09
2023-09;Al Qusais;Al Qusais;FALSE;261;2805;;17;55;0;86;05.04;06.09
2023-10;Al Qusais;Al Qusais;FALSE;264;2837;;17;79;0;99;05.04;06.09
2023-11;Al Qusais;Al Qusais;FALSE;255;2740;;17;131;0;30;05.04;06.09
2023-12;Al Qusais;Al Qusais;FALSE;269;2892;;17;113;0;26;05.04;06.09
2024-01;Al Qusais;Al Qusais;FALSE;260;2797;;17;175;0;54;05.04;06.09
2024-02;Al Qusais;Al Qusais;FALSE;255;2740;;17;42;0;11;05.04;06.09
2024-03;Al Qusais;Al Qusais;FALSE;255;2745;;17;127;0;38;05.04;06.09
2024-04;Al Qusais;Al Qusais;FALSE;263;2828;;17;96;0;73;05.04;06.09
2024-05;Al Qusais;Al Qusais;FALSE;256;2756;;17;125;0;59;05.04;06.09
2024-06;Al Qusais;Al Qusais;FALSE;272;2930;;18;146;0;30;05.04;06.09
2024-07;Al Qusais;Al Qusais;FALSE;263;2832;;17;50;0;80;0,211805556;06.15
2024-08;Al Qusais;Al Qusais;FALSE;268;2887;;17;54;0;55;0,211805556;06.15
2024-09;Al Qusais;Al Qusais;FALSE;253;2723;;16;167;0;50;0,211805556;06.15
2024-10;Al Qusais;Al Qusais;FALSE;252;2713;;16;99;0;18;0,211805556;06.15
2024-11;Al Qusais;Al Qusais;FALSE;256;2756;;17;75;0;43;0,211805556;06.15
2024-12;Al Qusais;Al Qusais;FALSE;268;2886;;17;66;0;67;0,211805556;06.15
2025-01;Al Qusais;Al Qusais;FALSE;256;2760;;17;94;0;73;0,211805556;06.15
2025-02;Al Qusais;Al Qusais;FALSE;253;2729;;16;66;0;63;0,211805556;06.15
2025-03;Al Qusais;Al Qusais;FALSE;252;2709;;16;58;0;74;0,211805556;06.15
2025-04;Al Qusais;Al Qusais;FALSE;246;2646;;16;42;0;79;0,211805556;06.15
2025-05;Al Qusais;Al Qusais;FALSE;255;2750;;17;16;0;118;0,211805556;06.15
2025-06;Al Qusais;Al Qusais;FALSE;251;2705;;16;164;0;91;0,211805556;06.15
2025-07;Al Qusais;Al Qusais;FALSE;251;2704;;16;132;0;17;04.00;05.05
2025-08;Al Qusais;Al Qusais;FALSE;247;2661;;16;88;0;91;04.00;05.05
2025-09;Al Qusais;Al Qusais;FALSE;254;2733;;17;121;0;38;04.00;05.05
2025-10;Al Qusais;Al Qusais;FALSE;263;2833;;17;153;0;92;04.00;05.05
2025-11;Al Qusais;Al Qusais;FALSE;253;2720;;16;22;0;24;04.00;05.05
2025-12;Al Qusais;Al Qusais;FALSE;261;2812;;17;95;0;30;04.00;05.05
2026-01;Al Qusais;Al Qusais;FALSE;261;2806;;17;66;0;53;04.00;05.05
2026-02;Al Qusais;Al Qusais;FALSE;257;2764;;17;26;0;28;04.00;05.05
2026-03;Al Qusais;Al Qusais;FALSE;250;2689;;16;61;0;27;04.00;05.05
2026-04;Al Qusais;Al Qusais;FALSE;251;2707;;16;147;0;104;04.00;05.05
2020-01;Al Nahda;Al Nahda;FALSE;163;1756;;11;159;0;79;01.05;03.00
2020-02;Al Nahda;Al Nahda;FALSE;159;1716;;10;92;0;119;01.05;03.00
2020-03;Al Nahda;Al Nahda;FALSE;165;1778;;11;63;0;35;01.05;03.00
2020-04;Al Nahda;Al Nahda;FALSE;163;1751;;11;130;0;94;00.04;01.09
2020-05;Al Nahda;Al Nahda;FALSE;159;1716;;10;164;0;108;00.04;01.09
2020-06;Al Nahda;Al Nahda;FALSE;156;1676;;10;22;0;34;00.04;01.09
2020-07;Al Nahda;Al Nahda;FALSE;153;1646;;10;146;0;106;00.04;01.09
2020-08;Al Nahda;Al Nahda;FALSE;154;1654;;10;104;0;51;00.04;01.09
2020-09;Al Nahda;Al Nahda;FALSE;152;1632;;10;39;0;33;00.04;01.09
2020-10;Al Nahda;Al Nahda;FALSE;153;1649;;10;100;0;68;00.04;01.09
2020-11;Al Nahda;Al Nahda;FALSE;150;1616;;10;116;0;40;00.04;01.09
2020-12;Al Nahda;Al Nahda;FALSE;160;1720;;10;138;0;114;00.04;01.09
2021-01;Al Nahda;Al Nahda;FALSE;156;1675;;10;71;0;40;00.04;01.09
2021-02;Al Nahda;Al Nahda;FALSE;166;1782;;11;116;0;101;00.04;01.09
2021-03;Al Nahda;Al Nahda;FALSE;163;1750;;11;103;0;104;00.04;01.09
2021-04;Al Nahda;Al Nahda;FALSE;167;1800;;11;16;0;31;00.04;01.09
2021-05;Al Nahda;Al Nahda;FALSE;176;1894;;11;104;0;42;00.04;01.09
2021-06;Al Nahda;Al Nahda;FALSE;168;1807;;11;78;0;99;00.04;01.09
2021-07;Al Nahda;Al Nahda;FALSE;164;1762;;11;78;0;21;00.04;01.09
2021-08;Al Nahda;Al Nahda;FALSE;171;1838;;11;109;0;36;00.04;01.09
2021-09;Al Nahda;Al Nahda;FALSE;179;1921;;12;153;0;20;00.04;01.09
2021-10;Al Nahda;Al Nahda;FALSE;184;1982;;12;76;0;112;00.04;01.09
2021-11;Al Nahda;Al Nahda;FALSE;189;2038;;12;155;0;85;00.04;01.09
2021-12;Al Nahda;Al Nahda;FALSE;201;2165;;13;134;0;12;00.04;01.09
2022-01;Al Nahda;Al Nahda;FALSE;197;2125;;13;99;0;91;00.04;01.09
2022-02;Al Nahda;Al Nahda;FALSE;207;2230;;13;95;0;76;00.04;01.09
2022-03;Al Nahda;Al Nahda;FALSE;205;2210;;13;162;0;16;00.04;01.09
2022-04;Al Nahda;Al Nahda;FALSE;209;2251;;14;63;0;46;01.04;02.09
2022-05;Al Nahda;Al Nahda;FALSE;219;2357;;14;136;0;86;01.04;02.09
2022-06;Al Nahda;Al Nahda;FALSE;223;2406;;15;132;0;17;01.04;02.09
2022-07;Al Nahda;Al Nahda;FALSE;219;2358;;14;132;0;96;01.04;02.09
2022-08;Al Nahda;Al Nahda;FALSE;233;2509;;15;125;0;49;01.04;02.09
2022-09;Al Nahda;Al Nahda;FALSE;222;2387;;14;44;0;67;01.04;02.09
2022-10;Al Nahda;Al Nahda;FALSE;233;2512;;15;168;0;17;04.04;05.09
2022-11;Al Nahda;Al Nahda;FALSE;260;2798;;17;69;0;77;04.04;05.09
2022-12;Al Nahda;Al Nahda;FALSE;250;2690;;16;98;0;35;04.04;05.09
2023-01;Al Nahda;Al Nahda;FALSE;241;2592;;16;109;0;47;04.04;05.09
2023-02;Al Nahda;Al Nahda;FALSE;249;2678;;16;32;0;49;04.04;05.09
2023-03;Al Nahda;Al Nahda;FALSE;246;2649;;16;168;0;77;04.04;05.09
2023-04;Al Nahda;Al Nahda;FALSE;258;2775;;17;167;0;52;04.04;05.09
2023-05;Al Nahda;Al Nahda;FALSE;264;2845;;17;137;0;113;04.04;05.09
2023-06;Al Nahda;Al Nahda;FALSE;265;2857;;17;173;0;63;04.04;05.09
2023-07;Al Nahda;Al Nahda;FALSE;266;2863;;17;132;0;37;05.04;06.09
2023-08;Al Nahda;Al Nahda;FALSE;276;2973;;18;123;0;116;05.04;06.09
2023-09;Al Nahda;Al Nahda;FALSE;282;3036;;18;79;0;10;05.04;06.09
2023-10;Al Nahda;Al Nahda;FALSE;289;3107;;19;173;0;61;05.04;06.09
2023-11;Al Nahda;Al Nahda;FALSE;290;3120;;19;104;0;24;05.04;06.09
2023-12;Al Nahda;Al Nahda;FALSE;288;3104;;19;110;0;51;05.04;06.09
2024-01;Al Nahda;Al Nahda;FALSE;285;3066;;19;61;0;47;05.04;06.09
2024-02;Al Nahda;Al Nahda;FALSE;277;2987;;18;144;0;75;05.04;06.09
2024-03;Al Nahda;Al Nahda;FALSE;286;3082;;19;96;0;107;05.04;06.09
2024-04;Al Nahda;Al Nahda;FALSE;285;3070;;19;17;0;12;05.04;06.09
2024-05;Al Nahda;Al Nahda;FALSE;279;3008;;18;55;0;118;05.04;06.09
2024-06;Al Nahda;Al Nahda;FALSE;285;3067;;19;77;0;80;05.04;06.09
2024-07;Al Nahda;Al Nahda;FALSE;288;3097;;19;64;0;39;0,211805556;06.15
2024-08;Al Nahda;Al Nahda;FALSE;285;3069;;19;113;0;27;0,211805556;06.15
2024-09;Al Nahda;Al Nahda;FALSE;282;3039;;18;118;0;31;0,211805556;06.15
2024-10;Al Nahda;Al Nahda;FALSE;286;3083;;19;52;0;98;0,211805556;06.15
2024-11;Al Nahda;Al Nahda;FALSE;282;3038;;18;57;0;54;0,211805556;06.15
2024-12;Al Nahda;Al Nahda;FALSE;278;2990;;18;56;0;113;0,211805556;06.15
2025-01;Al Nahda;Al Nahda;FALSE;287;3093;;19;152;0;114;0,211805556;06.15
2025-02;Al Nahda;Al Nahda;FALSE;271;2913;;18;89;0;81;0,211805556;06.15
2025-03;Al Nahda;Al Nahda;FALSE;279;3008;;18;82;0;72;0,211805556;06.15
2025-04;Al Nahda;Al Nahda;FALSE;277;2984;;18;84;0;60;0,211805556;06.15
2025-05;Al Nahda;Al Nahda;FALSE;276;2976;;18;42;0;117;0,211805556;06.15
2025-06;Al Nahda;Al Nahda;FALSE;266;2861;;17;17;0;90;0,211805556;06.15
2025-07;Al Nahda;Al Nahda;FALSE;276;2970;;18;104;0;75;04.00;05.05
2025-08;Al Nahda;Al Nahda;FALSE;280;3019;;18;35;0;76;04.00;05.05
2025-09;Al Nahda;Al Nahda;FALSE;287;3092;;19;165;0;54;04.00;05.05
2025-10;Al Nahda;Al Nahda;FALSE;286;3076;;19;36;0;52;04.00;05.05
2025-11;Al Nahda;Al Nahda;FALSE;276;2971;;18;67;0;17;04.00;05.05
2025-12;Al Nahda;Al Nahda;FALSE;281;3024;;18;16;0;84;04.00;05.05
2026-01;Al Nahda;Al Nahda;FALSE;287;3085;;19;72;0;32;04.00;05.05
2026-02;Al Nahda;Al Nahda;FALSE;275;2964;;18;76;0;111;04.00;05.05
2026-03;Al Nahda;Al Nahda;FALSE;264;2847;;17;95;0;88;04.00;05.05
2026-04;Al Nahda;Al Nahda;FALSE;281;3029;;18;133;0;101;04.00;05.05
2020-01;Dubailand;Dubailand;TRUE;148;1592;6,71;10;59;27;21;01.05;03.00
2020-02;Dubailand;Dubailand;TRUE;147;1582;6,79;10;164;19;27;01.05;03.00
2020-03;Dubailand;Dubailand;TRUE;148;1595;6,92;10;76;70;64;01.05;03.00
2020-04;Dubailand;Dubailand;TRUE;148;1591;6,75;10;69;74;27;00.04;01.09
2020-05;Dubailand;Dubailand;TRUE;154;1659;6,96;10;65;10;115;00.04;01.09
2020-06;Dubailand;Dubailand;TRUE;146;1573;6,71;10;108;25;119;00.04;01.09
2020-07;Dubailand;Dubailand;TRUE;152;1634;7,00;10;115;18;36;00.04;01.09
2020-08;Dubailand;Dubailand;TRUE;146;1570;6,58;9;70;78;14;00.04;01.09
2020-09;Dubailand;Dubailand;TRUE;142;1529;6,50;9;119;21;99;00.04;01.09
2020-10;Dubailand;Dubailand;TRUE;141;1522;6,58;9;95;74;116;00.04;01.09
2020-11;Dubailand;Dubailand;TRUE;142;1524;6,58;9;36;63;16;00.04;01.09
2020-12;Dubailand;Dubailand;TRUE;144;1554;6,50;9;60;30;37;00.04;01.09
2021-01;Dubailand;Dubailand;TRUE;143;1535;6,50;9;131;19;46;00.04;01.09
2021-02;Dubailand;Dubailand;TRUE;148;1590;6,83;10;170;43;44;00.04;01.09
2021-03;Dubailand;Dubailand;TRUE;152;1641;7,08;10;21;66;53;00.04;01.09
2021-04;Dubailand;Dubailand;TRUE;153;1645;7,21;10;89;22;76;00.04;01.09
2021-05;Dubailand;Dubailand;TRUE;152;1639;6,67;10;116;51;14;00.04;01.09
2021-06;Dubailand;Dubailand;TRUE;160;1720;7,21;10;55;20;36;00.04;01.09
2021-07;Dubailand;Dubailand;TRUE;160;1726;7,42;10;19;27;70;00.04;01.09
2021-08;Dubailand;Dubailand;TRUE;170;1833;7,46;11;85;38;21;00.04;01.09
2021-09;Dubailand;Dubailand;TRUE;170;1828;7,67;11;23;49;14;00.04;01.09
2021-10;Dubailand;Dubailand;TRUE;158;1704;7,04;10;91;28;111;00.04;01.09
2021-11;Dubailand;Dubailand;TRUE;168;1811;7,58;11;50;41;99;00.04;01.09
2021-12;Dubailand;Dubailand;TRUE;172;1856;8,13;11;65;55;72;00.04;01.09
2022-01;Dubailand;Dubailand;TRUE;175;1886;8,25;11;47;61;102;00.04;01.09
2022-02;Dubailand;Dubailand;TRUE;187;2012;8,71;12;104;54;85;00.04;01.09
2022-03;Dubailand;Dubailand;TRUE;192;2063;8,96;12;132;10;46;00.04;01.09
2022-04;Dubailand;Dubailand;TRUE;192;2067;9,00;12;177;35;10;01.04;02.09
2022-05;Dubailand;Dubailand;TRUE;204;2195;9,13;13;95;28;65;01.04;02.09
2022-06;Dubailand;Dubailand;TRUE;200;2156;9,29;13;172;71;118;01.04;02.09
2022-07;Dubailand;Dubailand;TRUE;207;2232;9,58;13;105;46;35;01.04;02.09
2022-08;Dubailand;Dubailand;TRUE;212;2286;9,92;14;147;41;48;01.04;02.09
2022-09;Dubailand;Dubailand;TRUE;205;2212;9,71;13;126;9;68;01.04;02.09
2022-10;Dubailand;Dubailand;TRUE;213;2291;9,67;14;123;48;30;04.04;05.09
2022-11;Dubailand;Dubailand;TRUE;222;2388;10,46;14;64;67;119;04.04;05.09
2022-12;Dubailand;Dubailand;TRUE;232;2495;10,63;15;72;12;47;04.04;05.09
2023-01;Dubailand;Dubailand;TRUE;221;2383;10,29;14;139;64;59;04.04;05.09
2023-02;Dubailand;Dubailand;TRUE;234;2515;10,92;15;43;28;96;04.04;05.09
2023-03;Dubailand;Dubailand;TRUE;237;2547;10,58;15;73;74;108;04.04;05.09
2023-04;Dubailand;Dubailand;TRUE;245;2637;11,00;16;112;61;41;04.04;05.09
2023-05;Dubailand;Dubailand;TRUE;241;2590;11,17;16;141;36;95;04.04;05.09
2023-06;Dubailand;Dubailand;TRUE;265;2850;12,00;17;171;64;92;04.04;05.09
2023-07;Dubailand;Dubailand;TRUE;246;2648;11,63;16;145;25;85;05.04;06.09
2023-08;Dubailand;Dubailand;TRUE;259;2787;11,67;17;176;41;54;05.04;06.09
2023-09;Dubailand;Dubailand;TRUE;260;2796;11,54;17;74;7;95;05.04;06.09
2023-10;Dubailand;Dubailand;TRUE;272;2932;12,08;18;35;77;82;05.04;06.09
2023-11;Dubailand;Dubailand;TRUE;260;2801;11,75;17;154;53;27;05.04;06.09
2023-12;Dubailand;Dubailand;TRUE;258;2772;11,92;17;87;17;25;05.04;06.09
2024-01;Dubailand;Dubailand;TRUE;271;2917;12,71;18;17;59;18;05.04;06.09
2024-02;Dubailand;Dubailand;TRUE;277;2986;12,83;18;155;46;27;05.04;06.09
2024-03;Dubailand;Dubailand;TRUE;262;2822;12,29;17;146;35;83;05.04;06.09
2024-04;Dubailand;Dubailand;TRUE;265;2858;12,04;17;41;39;98;05.04;06.09
2024-05;Dubailand;Dubailand;TRUE;268;2890;12,13;17;77;60;85;05.04;06.09
2024-06;Dubailand;Dubailand;TRUE;258;2781;11,58;17;125;13;85;05.04;06.09
2024-07;Dubailand;Dubailand;TRUE;270;2904;12,21;18;136;79;111;0,211805556;06.15
2024-08;Dubailand;Dubailand;TRUE;258;2772;11,67;17;21;63;103;0,211805556;06.15
2024-09;Dubailand;Dubailand;TRUE;248;2674;11,75;16;128;11;15;0,211805556;06.15
2024-10;Dubailand;Dubailand;TRUE;257;2770;11,58;17;151;63;83;0,211805556;06.15
2024-11;Dubailand;Dubailand;TRUE;263;2829;12,08;17;135;31;84;0,211805556;06.15
2024-12;Dubailand;Dubailand;TRUE;258;2775;11,88;17;178;25;101;0,211805556;06.15
2025-01;Dubailand;Dubailand;TRUE;254;2731;11,50;16;137;73;66;0,211805556;06.15
2025-02;Dubailand;Dubailand;TRUE;255;2748;11,46;17;102;71;67;0,211805556;06.15
2025-03;Dubailand;Dubailand;TRUE;254;2739;11,54;17;101;61;105;0,211805556;06.15
2025-04;Dubailand;Dubailand;TRUE;255;2750;11,75;17;126;38;111;0,211805556;06.15
2025-05;Dubailand;Dubailand;TRUE;260;2803;11,42;17;107;27;51;0,211805556;06.15
2025-06;Dubailand;Dubailand;TRUE;262;2824;11,88;17;108;12;109;0,211805556;06.15
2025-07;Dubailand;Dubailand;TRUE;248;2668;11,17;16;22;59;28;04.00;05.05
2025-08;Dubailand;Dubailand;TRUE;270;2906;12,25;18;74;54;60;04.00;05.05
2025-09;Dubailand;Dubailand;TRUE;255;2747;11,63;17;100;11;113;04.00;05.05
2025-10;Dubailand;Dubailand;TRUE;254;2733;11,83;17;85;16;81;04.00;05.05
2025-11;Dubailand;Dubailand;TRUE;245;2634;11,04;16;68;58;11;04.00;05.05
2025-12;Dubailand;Dubailand;TRUE;261;2807;11,83;17;103;48;47;04.00;05.05
2026-01;Dubailand;Dubailand;TRUE;266;2865;12,08;17;95;7;113;04.00;05.05
2026-02;Dubailand;Dubailand;TRUE;260;2793;11,71;17;76;65;77;04.00;05.05
2026-03;Dubailand;Dubailand;TRUE;262;2818;12,13;17;70;73;47;04.00;05.05
2026-04;Dubailand;Dubailand;TRUE;253;2721;11,50;16;126;10;23;04.00;05.05
2020-01;Town Square;Nshama;TRUE;155;1667;7,17;10;40;16;45;01.05;03.00
2020-02;Town Square;Nshama;TRUE;163;1755;7,42;11;56;13;99;01.05;03.00
2020-03;Town Square;Nshama;TRUE;152;1635;6,88;10;130;54;102;01.05;03.00
2020-04;Town Square;Nshama;TRUE;156;1684;6,92;10;73;53;96;00.04;01.09
2020-05;Town Square;Nshama;TRUE;162;1741;7,63;11;100;42;58;00.04;01.09
2020-06;Town Square;Nshama;TRUE;151;1630;6,75;10;17;52;93;00.04;01.09
2020-07;Town Square;Nshama;TRUE;150;1613;6,79;10;128;15;118;00.04;01.09
2020-08;Town Square;Nshama;TRUE;145;1557;7,04;9;21;16;22;00.04;01.09
2020-09;Town Square;Nshama;TRUE;142;1524;6,63;9;127;30;70;00.04;01.09
2020-10;Town Square;Nshama;TRUE;148;1593;6,96;10;102;60;78;00.04;01.09
2020-11;Town Square;Nshama;TRUE;143;1537;6,38;9;46;63;11;00.04;01.09
2020-12;Town Square;Nshama;TRUE;150;1617;7,13;10;54;56;36;00.04;01.09
2021-01;Town Square;Nshama;TRUE;157;1687;7,00;10;151;31;66;00.04;01.09
2021-02;Town Square;Nshama;TRUE;155;1668;6,63;10;107;5;20;00.04;01.09
2021-03;Town Square;Nshama;TRUE;163;1756;7,50;11;73;33;87;00.04;01.09
2021-04;Town Square;Nshama;TRUE;162;1745;7,21;11;30;66;66;00.04;01.09
2021-05;Town Square;Nshama;TRUE;159;1712;7,21;10;44;5;29;00.04;01.09
2021-06;Town Square;Nshama;TRUE;163;1752;7,83;11;64;6;112;00.04;01.09
2021-07;Town Square;Nshama;TRUE;172;1849;7,96;11;112;75;68;00.04;01.09
2021-08;Town Square;Nshama;TRUE;169;1819;7,46;11;150;70;30;00.04;01.09
2021-09;Town Square;Nshama;TRUE;177;1901;8,38;11;77;65;111;00.04;01.09
2021-10;Town Square;Nshama;TRUE;176;1891;7,83;11;71;58;100;00.04;01.09
2021-11;Town Square;Nshama;TRUE;181;1952;7,83;12;74;15;72;00.04;01.09
2021-12;Town Square;Nshama;TRUE;185;1991;8,21;12;165;55;91;00.04;01.09
2022-01;Town Square;Nshama;TRUE;194;2085;8,92;13;73;26;57;00.04;01.09
2022-02;Town Square;Nshama;TRUE;191;2057;8,83;12;140;6;69;00.04;01.09
2022-03;Town Square;Nshama;TRUE;198;2136;9,33;13;45;78;71;00.04;01.09
2022-04;Town Square;Nshama;TRUE;210;2258;9,63;14;158;65;57;01.04;02.09
2022-05;Town Square;Nshama;TRUE;202;2173;9,38;13;31;12;76;01.04;02.09
2022-06;Town Square;Nshama;TRUE;212;2278;9,42;14;155;66;98;01.04;02.09
2022-07;Town Square;Nshama;TRUE;219;2361;10,08;14;17;70;86;01.04;02.09
2022-08;Town Square;Nshama;TRUE;221;2381;10,58;14;23;14;108;01.04;02.09
2022-09;Town Square;Nshama;TRUE;234;2515;10,54;15;38;8;31;01.04;02.09
2022-10;Town Square;Nshama;TRUE;235;2531;10,29;15;114;50;38;04.04;05.09
2022-11;Town Square;Nshama;TRUE;230;2476;10,46;15;60;50;92;04.04;05.09
2022-12;Town Square;Nshama;TRUE;237;2556;10,83;15;45;40;24;04.04;05.09
2023-01;Town Square;Nshama;TRUE;244;2622;11,42;16;99;34;68;04.04;05.09
2023-02;Town Square;Nshama;TRUE;251;2701;11,17;16;147;62;117;04.04;05.09
2023-03;Town Square;Nshama;TRUE;244;2630;10,88;16;172;48;39;04.04;05.09
2023-04;Town Square;Nshama;TRUE;250;2688;11,83;16;50;24;37;04.04;05.09
2023-05;Town Square;Nshama;TRUE;258;2772;12,54;17;16;35;110;04.04;05.09
2023-06;Town Square;Nshama;TRUE;263;2834;11,71;17;62;75;59;04.04;05.09
2023-07;Town Square;Nshama;TRUE;250;2688;11,63;16;79;66;100;05.04;06.09
2023-08;Town Square;Nshama;TRUE;266;2865;12,00;17;25;79;53;05.04;06.09
2023-09;Town Square;Nshama;TRUE;284;3055;13,25;18;158;56;40;05.04;06.09
2023-10;Town Square;Nshama;TRUE;264;2842;12,63;17;95;75;65;05.04;06.09
2023-11;Town Square;Nshama;TRUE;286;3078;13,25;19;102;21;33;05.04;06.09
2023-12;Town Square;Nshama;TRUE;276;2967;12,54;18;66;41;83;05.04;06.09
2024-01;Town Square;Nshama;TRUE;275;2964;12,42;18;105;55;75;05.04;06.09
2024-02;Town Square;Nshama;TRUE;273;2940;12,75;18;56;27;99;05.04;06.09
2024-03;Town Square;Nshama;TRUE;280;3017;12,50;18;99;67;105;05.04;06.09
2024-04;Town Square;Nshama;TRUE;272;2923;12,58;18;44;75;87;05.04;06.09
2024-05;Town Square;Nshama;TRUE;279;3000;12,50;18;178;73;94;05.04;06.09
2024-06;Town Square;Nshama;TRUE;266;2862;12,33;17;33;24;76;05.04;06.09
2024-07;Town Square;Nshama;TRUE;269;2894;11,46;17;92;5;45;0,211805556;06.15
2024-08;Town Square;Nshama;TRUE;267;2869;12,17;17;42;79;14;0,211805556;06.15
2024-09;Town Square;Nshama;TRUE;273;2937;12,50;18;89;58;95;0,211805556;06.15
2024-10;Town Square;Nshama;TRUE;269;2896;12,63;17;150;21;98;0,211805556;06.15
2024-11;Town Square;Nshama;TRUE;258;2780;12,25;17;79;40;46;0,211805556;06.15
2024-12;Town Square;Nshama;TRUE;271;2918;12,54;18;35;69;97;0,211805556;06.15
2025-01;Town Square;Nshama;TRUE;272;2931;12,50;18;50;17;57;0,211805556;06.15
2025-02;Town Square;Nshama;TRUE;268;2884;12,58;17;155;54;12;0,211805556;06.15
2025-03;Town Square;Nshama;TRUE;274;2953;12,88;18;37;19;59;0,211805556;06.15
2025-04;Town Square;Nshama;TRUE;265;2858;11,96;17;144;31;72;0,211805556;06.15
2025-05;Town Square;Nshama;TRUE;273;2933;12,21;18;138;42;102;0,211805556;06.15
2025-06;Town Square;Nshama;TRUE;267;2871;12,21;17;98;44;94;0,211805556;06.15
2025-07;Town Square;Nshama;TRUE;254;2735;11,50;17;50;42;26;04.00;05.05
2025-08;Town Square;Nshama;TRUE;265;2858;12,58;17;99;54;104;04.00;05.05
2025-09;Town Square;Nshama;TRUE;266;2858;12,13;17;58;24;11;04.00;05.05
2025-10;Town Square;Nshama;TRUE;272;2928;12,42;18;59;28;102;04.00;05.05
2025-11;Town Square;Nshama;TRUE;270;2902;12,00;18;139;46;47;04.00;05.05
2025-12;Town Square;Nshama;TRUE;261;2805;11,63;17;50;42;35;04.00;05.05
2026-01;Town Square;Nshama;TRUE;265;2855;13,13;17;55;46;119;04.00;05.05
2026-02;Town Square;Nshama;TRUE;273;2942;12,54;18;145;24;16;04.00;05.05
2026-03;Town Square;Nshama;TRUE;265;2852;11,83;17;94;28;22;04.00;05.05
2026-04;Town Square;Nshama;TRUE;271;2921;12,33;18;21;12;118;04.00;05.05
2020-01;Tilal Al Ghaf;Tilal Al Ghaf;TRUE;282;3033;13,04;18;61;19;103;01.05;03.00
2020-02;Tilal Al Ghaf;Tilal Al Ghaf;TRUE;276;2972;12,54;18;87;67;70;01.05;03.00
2020-03;Tilal Al Ghaf;Tilal Al Ghaf;TRUE;283;3046;13,46;18;137;70;116;01.05;03.00
2020-04;Tilal Al Ghaf;Tilal Al Ghaf;TRUE;291;3130;13,33;19;144;58;23;00.04;01.09
2020-05;Tilal Al Ghaf;Tilal Al Ghaf;TRUE;291;3128;12,92;19;109;42;28;00.04;01.09
2020-06;Tilal Al Ghaf;Tilal Al Ghaf;TRUE;281;3028;12,75;18;59;53;47;00.04;01.09
2020-07;Tilal Al Ghaf;Tilal Al Ghaf;TRUE;277;2978;12,50;18;26;38;42;00.04;01.09
2020-08;Tilal Al Ghaf;Tilal Al Ghaf;TRUE;269;2896;12,29;17;18;56;33;00.04;01.09
2020-09;Tilal Al Ghaf;Tilal Al Ghaf;TRUE;259;2784;11,71;17;108;34;113;00.04;01.09
2020-10;Tilal Al Ghaf;Tilal Al Ghaf;TRUE;262;2824;12,08;17;123;78;21;00.04;01.09
2020-11;Tilal Al Ghaf;Tilal Al Ghaf;TRUE;267;2871;11,96;17;147;75;93;00.04;01.09
2020-12;Tilal Al Ghaf;Tilal Al Ghaf;TRUE;275;2963;12,17;18;59;72;35;00.04;01.09
2021-01;Tilal Al Ghaf;Tilal Al Ghaf;TRUE;277;2980;11,75;18;119;76;116;00.04;01.09
2021-02;Tilal Al Ghaf;Tilal Al Ghaf;TRUE;293;3153;14,04;19;90;77;103;00.04;01.09
2021-03;Tilal Al Ghaf;Tilal Al Ghaf;TRUE;293;3159;13,46;19;117;24;114;00.04;01.09
2021-04;Tilal Al Ghaf;Tilal Al Ghaf;TRUE;292;3143;13,92;19;53;43;79;00.04;01.09
2021-05;Tilal Al Ghaf;Tilal Al Ghaf;TRUE;300;3231;13,42;20;43;6;61;00.04;01.09
2021-06;Tilal Al Ghaf;Tilal Al Ghaf;TRUE;301;3238;13,50;20;49;49;63;00.04;01.09
2021-07;Tilal Al Ghaf;Tilal Al Ghaf;TRUE;312;3361;14,50;20;50;67;72;00.04;01.09
2021-08;Tilal Al Ghaf;Tilal Al Ghaf;TRUE;309;3322;14,13;20;60;59;39;00.04;01.09
2021-09;Tilal Al Ghaf;Tilal Al Ghaf;TRUE;314;3385;14,21;20;109;60;55;00.04;01.09
2021-10;Tilal Al Ghaf;Tilal Al Ghaf;TRUE;311;3343;14,71;20;170;5;51;00.04;01.09
2021-11;Tilal Al Ghaf;Tilal Al Ghaf;TRUE;336;3621;14,88;22;177;77;24;00.04;01.09
2021-12;Tilal Al Ghaf;Tilal Al Ghaf;TRUE;337;3632;15,04;22;50;47;88;00.04;01.09
2022-01;Tilal Al Ghaf;Tilal Al Ghaf;TRUE;360;3874;16,17;23;163;73;94;00.04;01.09
2022-02;Tilal Al Ghaf;Tilal Al Ghaf;TRUE;385;4143;17,92;25;141;41;33;00.04;01.09
2022-03;Tilal Al Ghaf;Tilal Al Ghaf;TRUE;361;3886;16,71;23;64;59;111;00.04;01.09
2022-04;Tilal Al Ghaf;Tilal Al Ghaf;TRUE;389;4190;17,33;25;45;18;11;01.04;02.09
2022-05;Tilal Al Ghaf;Tilal Al Ghaf;TRUE;405;4363;18,33;26;151;43;83;01.04;02.09
2022-06;Tilal Al Ghaf;Tilal Al Ghaf;TRUE;408;4395;19,17;27;25;16;63;01.04;02.09
2022-07;Tilal Al Ghaf;Tilal Al Ghaf;TRUE;403;4334;18,75;26;168;72;73;01.04;02.09
2022-08;Tilal Al Ghaf;Tilal Al Ghaf;TRUE;404;4351;18,75;26;65;49;118;01.04;02.09
2022-09;Tilal Al Ghaf;Tilal Al Ghaf;TRUE;433;4658;20,42;28;179;37;85;01.04;02.09
2022-10;Tilal Al Ghaf;Tilal Al Ghaf;TRUE;420;4524;19,83;27;176;57;22;04.04;05.09
2022-11;Tilal Al Ghaf;Tilal Al Ghaf;TRUE;420;4523;19,75;27;167;11;103;04.04;05.09
2022-12;Tilal Al Ghaf;Tilal Al Ghaf;TRUE;437;4706;20,13;28;108;46;40;04.04;05.09
2023-01;Tilal Al Ghaf;Tilal Al Ghaf;TRUE;455;4901;20,92;30;137;36;80;04.04;05.09
2023-02;Tilal Al Ghaf;Tilal Al Ghaf;TRUE;447;4812;20,50;29;137;12;90;04.04;05.09
2023-03;Tilal Al Ghaf;Tilal Al Ghaf;TRUE;460;4947;20,79;30;157;19;69;04.04;05.09
2023-04;Tilal Al Ghaf;Tilal Al Ghaf;TRUE;446;4800;18,92;29;128;35;40;04.04;05.09
2023-05;Tilal Al Ghaf;Tilal Al Ghaf;TRUE;470;5056;21,13;31;24;52;80;04.04;05.09
2023-06;Tilal Al Ghaf;Tilal Al Ghaf;TRUE;471;5069;21,38;31;81;50;35;04.04;05.09
2023-07;Tilal Al Ghaf;Tilal Al Ghaf;TRUE;500;5380;23,38;32;47;39;87;05.04;06.09
2023-08;Tilal Al Ghaf;Tilal Al Ghaf;TRUE;492;5295;21,54;32;164;24;70;05.04;06.09
2023-09;Tilal Al Ghaf;Tilal Al Ghaf;TRUE;515;5542;23,75;33;19;8;33;05.04;06.09
2023-10;Tilal Al Ghaf;Tilal Al Ghaf;TRUE;536;5766;24,33;35;27;25;82;05.04;06.09
2023-11;Tilal Al Ghaf;Tilal Al Ghaf;TRUE;515;5548;23,50;34;56;58;74;05.04;06.09
2023-12;Tilal Al Ghaf;Tilal Al Ghaf;TRUE;504;5422;22,79;33;31;5;30;05.04;06.09
2024-01;Tilal Al Ghaf;Tilal Al Ghaf;TRUE;499;5366;23,08;32;108;50;22;05.04;06.09
2024-02;Tilal Al Ghaf;Tilal Al Ghaf;TRUE;535;5755;24,54;35;143;58;21;05.04;06.09
2024-03;Tilal Al Ghaf;Tilal Al Ghaf;TRUE;511;5498;23,25;33;112;28;10;05.04;06.09
2024-04;Tilal Al Ghaf;Tilal Al Ghaf;TRUE;499;5372;23,92;32;109;63;65;05.04;06.09
2024-05;Tilal Al Ghaf;Tilal Al Ghaf;TRUE;501;5388;23,04;33;167;31;76;05.04;06.09
2024-06;Tilal Al Ghaf;Tilal Al Ghaf;TRUE;498;5363;23,04;32;94;19;49;05.04;06.09
2024-07;Tilal Al Ghaf;Tilal Al Ghaf;TRUE;496;5342;23,42;32;50;37;77;0,211805556;06.15
2024-08;Tilal Al Ghaf;Tilal Al Ghaf;TRUE;516;5559;23,21;34;55;47;103;0,211805556;06.15
2024-09;Tilal Al Ghaf;Tilal Al Ghaf;TRUE;481;5178;22,25;31;113;25;52;0,211805556;06.15
2024-10;Tilal Al Ghaf;Tilal Al Ghaf;TRUE;508;5471;22,33;33;92;69;94;0,211805556;06.15
2024-11;Tilal Al Ghaf;Tilal Al Ghaf;TRUE;513;5524;23,46;33;154;33;11;0,211805556;06.15
2024-12;Tilal Al Ghaf;Tilal Al Ghaf;TRUE;502;5398;23,00;33;119;26;86;0,211805556;06.15
2025-01;Tilal Al Ghaf;Tilal Al Ghaf;TRUE;489;5262;22,67;32;121;34;59;0,211805556;06.15
2025-02;Tilal Al Ghaf;Tilal Al Ghaf;TRUE;500;5381;23,00;32;48;67;14;0,211805556;06.15
2025-03;Tilal Al Ghaf;Tilal Al Ghaf;TRUE;505;5434;22,58;33;166;52;56;0,211805556;06.15
2025-04;Tilal Al Ghaf;Tilal Al Ghaf;TRUE;475;5111;20,92;31;54;75;97;0,211805556;06.15
2025-05;Tilal Al Ghaf;Tilal Al Ghaf;TRUE;492;5300;22,08;32;51;68;83;0,211805556;06.15
2025-06;Tilal Al Ghaf;Tilal Al Ghaf;TRUE;501;5389;22,79;33;67;40;112;0,211805556;06.15
2025-07;Tilal Al Ghaf;Tilal Al Ghaf;TRUE;486;5233;21,88;32;91;48;23;04.00;05.05
2025-08;Tilal Al Ghaf;Tilal Al Ghaf;TRUE;488;5250;23,13;32;81;43;67;04.00;05.05
2025-09;Tilal Al Ghaf;Tilal Al Ghaf;TRUE;502;5400;22,79;33;36;50;117;04.00;05.05
2025-10;Tilal Al Ghaf;Tilal Al Ghaf;TRUE;478;5145;22,04;31;177;45;56;04.00;05.05
2025-11;Tilal Al Ghaf;Tilal Al Ghaf;TRUE;493;5304;23,13;32;64;49;39;04.00;05.05
2025-12;Tilal Al Ghaf;Tilal Al Ghaf;TRUE;500;5386;21,92;33;50;32;35;04.00;05.05
2026-01;Tilal Al Ghaf;Tilal Al Ghaf;TRUE;477;5131;21,54;31;81;30;55;04.00;05.05
2026-02;Tilal Al Ghaf;Tilal Al Ghaf;TRUE;500;5384;23,42;33;31;49;32;04.00;05.05
2026-03;Tilal Al Ghaf;Tilal Al Ghaf;TRUE;494;5320;23,13;32;163;69;67;04.00;05.05
2026-04;Tilal Al Ghaf;Tilal Al Ghaf;TRUE;503;5410;23,17;33;74;23;70;04.00;05.05
2020-01;Dubai South;Dubai South;TRUE;124;1333;5,75;8;17;28;88;01.05;03.00
2020-02;Dubai South;Dubai South;TRUE;130;1394;6,04;8;137;51;38;01.05;03.00
2020-03;Dubai South;Dubai South;TRUE;126;1357;5,71;8;20;19;113;01.05;03.00
2020-04;Dubai South;Dubai South;TRUE;127;1365;5,83;8;104;50;104;00.04;01.09
2020-05;Dubai South;Dubai South;TRUE;120;1293;5,54;8;80;13;105;00.04;01.09
2020-06;Dubai South;Dubai South;TRUE;125;1347;5,54;8;121;24;68;00.04;01.09
2020-07;Dubai South;Dubai South;TRUE;121;1304;5,58;8;167;78;51;00.04;01.09
2020-08;Dubai South;Dubai South;TRUE;123;1324;5,63;8;70;71;92;00.04;01.09
2020-09;Dubai South;Dubai South;TRUE;115;1243;5,29;8;115;26;23;00.04;01.09
2020-10;Dubai South;Dubai South;TRUE;118;1269;5,63;8;75;48;65;00.04;01.09
2020-11;Dubai South;Dubai South;TRUE;118;1272;5,58;8;175;30;76;00.04;01.09
2020-12;Dubai South;Dubai South;TRUE;131;1406;5,75;8;60;11;109;00.04;01.09
2021-01;Dubai South;Dubai South;TRUE;123;1323;5,58;8;86;36;110;00.04;01.09
2021-02;Dubai South;Dubai South;TRUE;124;1339;5,67;8;114;47;89;00.04;01.09
2021-03;Dubai South;Dubai South;TRUE;131;1411;6,25;9;156;18;110;00.04;01.09
2021-04;Dubai South;Dubai South;TRUE;131;1405;5,71;8;78;31;57;00.04;01.09
2021-05;Dubai South;Dubai South;TRUE;138;1481;6,13;9;61;72;70;00.04;01.09
2021-06;Dubai South;Dubai South;TRUE;138;1483;6,42;9;154;49;96;00.04;01.09
2021-07;Dubai South;Dubai South;TRUE;139;1493;6,54;9;63;23;109;00.04;01.09
2021-08;Dubai South;Dubai South;TRUE;139;1496;6,46;9;23;63;111;00.04;01.09
2021-09;Dubai South;Dubai South;TRUE;143;1544;6,50;9;129;57;35;00.04;01.09
2021-10;Dubai South;Dubai South;TRUE;148;1595;7,08;10;53;58;52;00.04;01.09
2021-11;Dubai South;Dubai South;TRUE;152;1639;7,13;10;109;41;70;00.04;01.09
2021-12;Dubai South;Dubai South;TRUE;157;1687;7,00;10;170;11;84;00.04;01.09
2022-01;Dubai South;Dubai South;TRUE;159;1711;7,38;10;174;61;60;00.04;01.09
2022-02;Dubai South;Dubai South;TRUE;166;1782;7,63;11;124;62;35;00.04;01.09
2022-03;Dubai South;Dubai South;TRUE;170;1833;7,83;11;38;61;110;00.04;01.09
2022-04;Dubai South;Dubai South;TRUE;172;1847;7,92;11;147;11;34;01.04;02.09
2022-05;Dubai South;Dubai South;TRUE;161;1733;7,50;10;138;16;108;01.04;02.09
2022-06;Dubai South;Dubai South;TRUE;182;1957;8,13;12;102;43;98;01.04;02.09
2022-07;Dubai South;Dubai South;TRUE;171;1837;7,92;11;102;75;107;01.04;02.09
2022-08;Dubai South;Dubai South;TRUE;183;1968;8,71;12;82;71;62;01.04;02.09
2022-09;Dubai South;Dubai South;TRUE;182;1958;8,08;12;130;27;67;01.04;02.09
2022-10;Dubai South;Dubai South;TRUE;183;1968;8,67;12;116;17;67;04.04;05.09
2022-11;Dubai South;Dubai South;TRUE;181;1945;8,42;12;32;71;69;04.04;05.09
2022-12;Dubai South;Dubai South;TRUE;192;2061;8,63;12;105;52;108;04.04;05.09
2023-01;Dubai South;Dubai South;TRUE;198;2130;9,17;13;74;58;108;04.04;05.09
2023-02;Dubai South;Dubai South;TRUE;198;2129;9,38;13;58;12;77;04.04;05.09
2023-03;Dubai South;Dubai South;TRUE;202;2174;9,25;13;101;51;18;04.04;05.09
2023-04;Dubai South;Dubai South;TRUE;204;2194;9,25;13;54;60;75;04.04;05.09
2023-05;Dubai South;Dubai South;TRUE;219;2359;10,17;14;29;55;86;04.04;05.09
2023-06;Dubai South;Dubai South;TRUE;216;2327;10,00;14;147;44;24;04.04;05.09
2023-07;Dubai South;Dubai South;TRUE;228;2458;10,17;15;154;19;79;05.04;06.09
2023-08;Dubai South;Dubai South;TRUE;226;2430;10,58;15;135;79;61;05.04;06.09
2023-09;Dubai South;Dubai South;TRUE;237;2549;10,92;15;159;15;82;05.04;06.09
2023-10;Dubai South;Dubai South;TRUE;226;2435;10,54;15;58;46;100;05.04;06.09
2023-11;Dubai South;Dubai South;TRUE;230;2479;10,58;15;123;74;84;05.04;06.09
2023-12;Dubai South;Dubai South;TRUE;226;2430;9,79;15;89;74;60;05.04;06.09
2024-01;Dubai South;Dubai South;TRUE;234;2522;10,67;15;46;11;63;05.04;06.09
2024-02;Dubai South;Dubai South;TRUE;221;2382;10,46;14;106;54;13;05.04;06.09
2024-03;Dubai South;Dubai South;TRUE;234;2515;10,92;15;113;64;94;05.04;06.09
2024-04;Dubai South;Dubai South;TRUE;222;2391;10,58;14;124;79;112;05.04;06.09
2024-05;Dubai South;Dubai South;TRUE;216;2329;9,50;14;17;14;38;05.04;06.09
2024-06;Dubai South;Dubai South;TRUE;234;2520;10,42;15;77;39;35;05.04;06.09
2024-07;Dubai South;Dubai South;TRUE;212;2279;9,54;14;40;31;63;0,211805556;06.15
2024-08;Dubai South;Dubai South;TRUE;222;2388;10,00;14;60;72;15;0,211805556;06.15
2024-09;Dubai South;Dubai South;TRUE;225;2421;10,17;15;58;21;22;0,211805556;06.15
2024-10;Dubai South;Dubai South;TRUE;230;2477;10,33;15;134;15;78;0,211805556;06.15
2024-11;Dubai South;Dubai South;TRUE;222;2390;9,96;14;39;72;76;0,211805556;06.15
2024-12;Dubai South;Dubai South;TRUE;228;2450;10,50;15;168;63;47;0,211805556;06.15
2025-01;Dubai South;Dubai South;TRUE;227;2447;10,63;15;47;10;12;0,211805556;06.15
2025-02;Dubai South;Dubai South;TRUE;224;2416;10,21;15;42;17;32;0,211805556;06.15
2025-03;Dubai South;Dubai South;TRUE;217;2333;10,08;14;44;47;24;0,211805556;06.15
2025-04;Dubai South;Dubai South;TRUE;228;2459;10,29;15;76;17;47;0,211805556;06.15
2025-05;Dubai South;Dubai South;TRUE;221;2380;10,04;14;136;25;79;0,211805556;06.15
2025-06;Dubai South;Dubai South;TRUE;221;2377;10,17;14;127;48;81;0,211805556;06.15
2025-07;Dubai South;Dubai South;TRUE;216;2325;9,67;14;70;49;91;04.00;05.05
2025-08;Dubai South;Dubai South;TRUE;216;2329;10,13;14;28;47;111;04.00;05.05
2025-09;Dubai South;Dubai South;TRUE;221;2380;10,42;14;173;40;97;04.00;05.05
2025-10;Dubai South;Dubai South;TRUE;223;2404;10,46;15;29;16;78;04.00;05.05
2025-11;Dubai South;Dubai South;TRUE;213;2291;9,67;14;38;13;44;04.00;05.05
2025-12;Dubai South;Dubai South;TRUE;217;2335;9,75;14;153;47;95;04.00;05.05
2026-01;Dubai South;Dubai South;TRUE;226;2435;10,38;15;128;34;74;04.00;05.05
2026-02;Dubai South;Dubai South;TRUE;233;2512;10,83;15;154;56;28;04.00;05.05
2026-03;Dubai South;Dubai South;TRUE;215;2317;10,00;14;16;35;34;04.00;05.05
2026-04;Dubai South;Dubai South;TRUE;225;2422;9,71;15;79;27;10;04.00;05.05
2020-01;Damac Hills;Damac Hills;TRUE;236;2544;11,00;15;109;8;90;01.05;03.00
2020-02;Damac Hills;Damac Hills;TRUE;222;2386;10,29;14;71;64;44;01.05;03.00
2020-03;Damac Hills;Damac Hills;TRUE;222;2384;10,25;14;28;43;106;01.05;03.00
2020-04;Damac Hills;Damac Hills;TRUE;226;2428;10,04;15;162;75;118;00.04;01.09
2020-05;Damac Hills;Damac Hills;TRUE;225;2423;10,50;15;101;79;32;00.04;01.09
2020-06;Damac Hills;Damac Hills;TRUE;230;2477;10,29;15;155;29;73;00.04;01.09
2020-07;Damac Hills;Damac Hills;TRUE;225;2421;10,38;15;124;67;84;00.04;01.09
2020-08;Damac Hills;Damac Hills;TRUE;223;2396;10,13;14;169;70;55;00.04;01.09
2020-09;Damac Hills;Damac Hills;TRUE;218;2351;9,83;14;88;16;40;00.04;01.09
2020-10;Damac Hills;Damac Hills;TRUE;206;2222;9,29;13;67;11;84;00.04;01.09
2020-11;Damac Hills;Damac Hills;TRUE;211;2268;10,38;14;120;66;21;00.04;01.09
2020-12;Damac Hills;Damac Hills;TRUE;213;2295;10,25;14;94;71;100;00.04;01.09
2021-01;Damac Hills;Damac Hills;TRUE;224;2407;9,75;15;35;50;12;00.04;01.09
2021-02;Damac Hills;Damac Hills;TRUE;228;2458;10,67;15;153;22;109;00.04;01.09
2021-03;Damac Hills;Damac Hills;TRUE;228;2457;10,38;15;74;68;50;00.04;01.09
2021-04;Damac Hills;Damac Hills;TRUE;228;2451;10,33;15;51;46;69;00.04;01.09
2021-05;Damac Hills;Damac Hills;TRUE;237;2550;10,88;15;144;29;113;00.04;01.09
2021-06;Damac Hills;Damac Hills;TRUE;242;2602;11,13;16;174;13;46;00.04;01.09
2021-07;Damac Hills;Damac Hills;TRUE;250;2686;10,96;16;100;58;34;00.04;01.09
2021-08;Damac Hills;Damac Hills;TRUE;249;2684;12,08;16;177;13;39;00.04;01.09
2021-09;Damac Hills;Damac Hills;TRUE;258;2775;11,46;17;30;37;13;00.04;01.09
2021-10;Damac Hills;Damac Hills;TRUE;268;2885;12,13;17;157;77;47;00.04;01.09
2021-11;Damac Hills;Damac Hills;TRUE;263;2829;11,54;17;117;29;111;00.04;01.09
2021-12;Damac Hills;Damac Hills;TRUE;273;2938;12,67;18;26;60;58;00.04;01.09
2022-01;Damac Hills;Damac Hills;TRUE;282;3035;13,21;18;162;63;89;00.04;01.09
2022-02;Damac Hills;Damac Hills;TRUE;285;3066;14,00;19;66;19;67;00.04;01.09
2022-03;Damac Hills;Damac Hills;TRUE;290;3122;13,08;19;130;29;19;00.04;01.09
2022-04;Damac Hills;Damac Hills;TRUE;316;3401;15,25;21;25;69;98;01.04;02.09
2022-05;Damac Hills;Damac Hills;TRUE;305;3284;13,46;20;76;18;111;01.04;02.09
2022-06;Damac Hills;Damac Hills;TRUE;308;3317;14,13;20;57;10;59;01.04;02.09
2022-07;Damac Hills;Damac Hills;TRUE;315;3388;14,67;20;60;50;116;01.04;02.09
2022-08;Damac Hills;Damac Hills;TRUE;328;3529;15,08;21;59;63;31;01.04;02.09
2022-09;Damac Hills;Damac Hills;TRUE;333;3583;15,54;22;108;61;90;01.04;02.09
2022-10;Damac Hills;Damac Hills;TRUE;347;3730;15,42;23;26;77;10;04.04;05.09
2022-11;Damac Hills;Damac Hills;TRUE;335;3604;15,71;22;103;6;107;04.04;05.09
2022-12;Damac Hills;Damac Hills;TRUE;350;3770;16,08;23;153;36;105;04.04;05.09
2023-01;Damac Hills;Damac Hills;TRUE;350;3772;15,38;23;37;58;54;04.04;05.09
2023-02;Damac Hills;Damac Hills;TRUE;361;3889;16,88;23;16;64;35;04.04;05.09
2023-03;Damac Hills;Damac Hills;TRUE;376;4050;17,13;24;31;59;21;04.04;05.09
2023-04;Damac Hills;Damac Hills;TRUE;372;4008;17,38;24;136;7;95;04.04;05.09
2023-05;Damac Hills;Damac Hills;TRUE;393;4226;18,54;26;16;58;118;04.04;05.09
2023-06;Damac Hills;Damac Hills;TRUE;383;4122;18,17;25;85;10;81;04.04;05.09
2023-07;Damac Hills;Damac Hills;TRUE;382;4107;17,13;25;161;68;41;05.04;06.09
2023-08;Damac Hills;Damac Hills;TRUE;407;4381;18,38;26;149;6;115;05.04;06.09
2023-09;Damac Hills;Damac Hills;TRUE;400;4311;17,58;26;16;57;50;05.04;06.09
2023-10;Damac Hills;Damac Hills;TRUE;424;4567;20,13;28;38;62;15;05.04;06.09
2023-11;Damac Hills;Damac Hills;TRUE;422;4539;19,13;27;76;18;25;05.04;06.09
2023-12;Damac Hills;Damac Hills;TRUE;396;4260;17,67;26;179;5;108;05.04;06.09
2024-01;Damac Hills;Damac Hills;TRUE;411;4419;19,13;27;36;18;31;05.04;06.09
2024-02;Damac Hills;Damac Hills;TRUE;406;4374;18,88;26;153;68;33;05.04;06.09
2024-03;Damac Hills;Damac Hills;TRUE;394;4241;18,58;26;102;46;116;05.04;06.09
2024-04;Damac Hills;Damac Hills;TRUE;409;4402;18,17;27;48;72;44;05.04;06.09
2024-05;Damac Hills;Damac Hills;TRUE;408;4395;19,13;27;128;6;20;05.04;06.09
2024-06;Damac Hills;Damac Hills;TRUE;403;4342;18,21;26;132;51;56;05.04;06.09
2024-07;Damac Hills;Damac Hills;TRUE;419;4513;19,08;27;61;55;45;0,211805556;06.15
2024-08;Damac Hills;Damac Hills;TRUE;396;4263;18,17;26;125;42;47;0,211805556;06.15
2024-09;Damac Hills;Damac Hills;TRUE;405;4359;18,54;26;105;60;39;0,211805556;06.15
2024-10;Damac Hills;Damac Hills;TRUE;387;4168;18,04;25;155;75;85;0,211805556;06.15
2024-11;Damac Hills;Damac Hills;TRUE;419;4511;18,79;27;82;35;32;0,211805556;06.15
2024-12;Damac Hills;Damac Hills;TRUE;395;4247;17,42;26;169;17;102;0,211805556;06.15
2025-01;Damac Hills;Damac Hills;TRUE;388;4177;17,46;25;137;70;23;0,211805556;06.15
2025-02;Damac Hills;Damac Hills;TRUE;400;4302;18,50;26;157;40;83;0,211805556;06.15
2025-03;Damac Hills;Damac Hills;TRUE;397;4273;17,92;26;153;61;67;0,211805556;06.15
2025-04;Damac Hills;Damac Hills;TRUE;393;4227;18,50;26;38;53;109;0,211805556;06.15
2025-05;Damac Hills;Damac Hills;TRUE;395;4254;18,92;26;146;45;25;0,211805556;06.15
2025-06;Damac Hills;Damac Hills;TRUE;386;4152;17,83;25;86;23;63;0,211805556;06.15
2025-07;Damac Hills;Damac Hills;TRUE;386;4151;17,33;25;34;52;74;04.00;05.05
2025-08;Damac Hills;Damac Hills;TRUE;384;4135;16,33;25;82;63;46;04.00;05.05
2025-09;Damac Hills;Damac Hills;TRUE;382;4116;17,17;25;38;62;117;04.00;05.05
2025-10;Damac Hills;Damac Hills;TRUE;417;4492;18,33;27;76;67;38;04.00;05.05
2025-11;Damac Hills;Damac Hills;TRUE;414;4454;19,50;27;172;42;56;04.00;05.05
2025-12;Damac Hills;Damac Hills;TRUE;384;4135;17,79;25;59;74;17;04.00;05.05
2026-01;Damac Hills;Damac Hills;TRUE;411;4423;18,13;27;176;37;57;04.00;05.05
2026-02;Damac Hills;Damac Hills;TRUE;407;4381;18,21;26;85;68;54;04.00;05.05
2026-03;Damac Hills;Damac Hills;TRUE;395;4248;18,21;26;49;18;45;04.00;05.05
2026-04;Damac Hills;Damac Hills;TRUE;399;4297;19,00;26;52;39;114;04.00;05.05
2020-01;Damac Hills 2;Damac Hills;TRUE;174;1874;8,13;11;134;79;74;01.05;03.00
2020-02;Damac Hills 2;Damac Hills;TRUE;175;1881;8,04;11;107;12;77;01.05;03.00
2020-03;Damac Hills 2;Damac Hills;TRUE;171;1837;7,79;11;59;60;61;01.05;03.00
2020-04;Damac Hills 2;Damac Hills;TRUE;175;1883;8,00;11;179;70;48;00.04;01.09
2020-05;Damac Hills 2;Damac Hills;TRUE;175;1888;8,00;11;125;9;11;00.04;01.09
2020-06;Damac Hills 2;Damac Hills;TRUE;167;1800;7,63;11;169;39;101;00.04;01.09
2020-07;Damac Hills 2;Damac Hills;TRUE;163;1750;7,13;11;113;57;105;00.04;01.09
2020-08;Damac Hills 2;Damac Hills;TRUE;163;1755;7,25;11;105;16;69;00.04;01.09
2020-09;Damac Hills 2;Damac Hills;TRUE;164;1767;8,04;11;90;55;25;00.04;01.09
2020-10;Damac Hills 2;Damac Hills;TRUE;153;1643;6,92;10;114;72;44;00.04;01.09
2020-11;Damac Hills 2;Damac Hills;TRUE;169;1822;7,54;11;66;71;86;00.04;01.09
2020-12;Damac Hills 2;Damac Hills;TRUE;171;1838;7,88;11;93;59;27;00.04;01.09
2021-01;Damac Hills 2;Damac Hills;TRUE;163;1750;7,38;11;169;67;34;00.04;01.09
2021-02;Damac Hills 2;Damac Hills;TRUE;164;1770;7,75;11;82;37;111;00.04;01.09
2021-03;Damac Hills 2;Damac Hills;TRUE;170;1835;8,25;11;125;26;47;00.04;01.09
2021-04;Damac Hills 2;Damac Hills;TRUE;178;1912;8,13;12;88;75;104;00.04;01.09
2021-05;Damac Hills 2;Damac Hills;TRUE;179;1928;8,17;12;168;11;70;00.04;01.09
2021-06;Damac Hills 2;Damac Hills;TRUE;183;1968;8,25;12;61;60;112;00.04;01.09
2021-07;Damac Hills 2;Damac Hills;TRUE;183;1966;8,42;12;125;78;41;00.04;01.09
2021-08;Damac Hills 2;Damac Hills;TRUE;191;2061;8,75;12;133;73;103;00.04;01.09
2021-09;Damac Hills 2;Damac Hills;TRUE;182;1959;8,13;12;135;21;101;00.04;01.09
2021-10;Damac Hills 2;Damac Hills;TRUE;205;2208;9,38;13;94;42;87;00.04;01.09
2021-11;Damac Hills 2;Damac Hills;TRUE;201;2162;8,88;13;27;7;10;00.04;01.09
2021-12;Damac Hills 2;Damac Hills;TRUE;196;2108;9,13;13;61;50;74;00.04;01.09
2022-01;Damac Hills 2;Damac Hills;TRUE;209;2245;9,83;14;88;47;98;00.04;01.09
2022-02;Damac Hills 2;Damac Hills;TRUE;221;2383;10,38;14;159;44;80;00.04;01.09
2022-03;Damac Hills 2;Damac Hills;TRUE;226;2431;10,25;15;114;52;84;00.04;01.09
2022-04;Damac Hills 2;Damac Hills;TRUE;229;2465;10,21;15;170;79;76;01.04;02.09
2022-05;Damac Hills 2;Damac Hills;TRUE;223;2399;10,13;14;141;54;78;01.04;02.09
2022-06;Damac Hills 2;Damac Hills;TRUE;233;2510;10,75;15;123;48;95;01.04;02.09
2022-07;Damac Hills 2;Damac Hills;TRUE;245;2633;10,58;16;106;43;93;01.04;02.09
2022-08;Damac Hills 2;Damac Hills;TRUE;245;2635;11,29;16;172;17;26;01.04;02.09
2022-09;Damac Hills 2;Damac Hills;TRUE;233;2510;10,71;15;101;59;16;01.04;02.09
2022-10;Damac Hills 2;Damac Hills;TRUE;249;2678;11,50;16;157;40;77;04.04;05.09
2022-11;Damac Hills 2;Damac Hills;TRUE;257;2770;11,50;17;178;69;71;04.04;05.09
2022-12;Damac Hills 2;Damac Hills;TRUE;259;2792;11,58;17;70;20;111;04.04;05.09
2023-01;Damac Hills 2;Damac Hills;TRUE;266;2865;12,21;17;85;12;86;04.04;05.09
2023-02;Damac Hills 2;Damac Hills;TRUE;267;2877;12,29;17;155;5;107;04.04;05.09
2023-03;Damac Hills 2;Damac Hills;TRUE;268;2889;11,71;17;82;65;17;04.04;05.09
2023-04;Damac Hills 2;Damac Hills;TRUE;277;2984;12,75;18;74;56;50;04.04;05.09
2023-05;Damac Hills 2;Damac Hills;TRUE;286;3080;12,96;19;170;65;64;04.04;05.09
2023-06;Damac Hills 2;Damac Hills;TRUE;291;3131;13,13;19;101;61;55;04.04;05.09
2023-07;Damac Hills 2;Damac Hills;TRUE;296;3191;13,96;19;143;22;16;05.04;06.09
2023-08;Damac Hills 2;Damac Hills;TRUE;283;3047;12,63;18;20;77;43;05.04;06.09
2023-09;Damac Hills 2;Damac Hills;TRUE;312;3361;14,17;20;79;24;75;05.04;06.09
2023-10;Damac Hills 2;Damac Hills;TRUE;309;3327;14,00;20;40;15;13;05.04;06.09
2023-11;Damac Hills 2;Damac Hills;TRUE;299;3222;13,92;19;23;53;61;05.04;06.09
2023-12;Damac Hills 2;Damac Hills;TRUE;311;3351;14,33;20;146;45;37;05.04;06.09
2024-01;Damac Hills 2;Damac Hills;TRUE;308;3314;14,54;20;147;27;46;05.04;06.09
2024-02;Damac Hills 2;Damac Hills;TRUE;310;3340;13,46;20;170;32;76;05.04;06.09
2024-03;Damac Hills 2;Damac Hills;TRUE;308;3314;14,17;20;147;49;43;05.04;06.09
2024-04;Damac Hills 2;Damac Hills;TRUE;290;3123;13,33;19;143;73;54;05.04;06.09
2024-05;Damac Hills 2;Damac Hills;TRUE;302;3251;13,17;20;50;42;49;05.04;06.09
2024-06;Damac Hills 2;Damac Hills;TRUE;287;3092;13,75;19;65;69;47;05.04;06.09
2024-07;Damac Hills 2;Damac Hills;TRUE;309;3330;13,88;20;59;55;55;0,211805556;06.15
2024-08;Damac Hills 2;Damac Hills;TRUE;302;3246;14,00;20;132;12;117;0,211805556;06.15
2024-09;Damac Hills 2;Damac Hills;TRUE;282;3034;13,42;18;73;32;20;0,211805556;06.15
2024-10;Damac Hills 2;Damac Hills;TRUE;296;3183;13,63;19;174;27;44;0,211805556;06.15
2024-11;Damac Hills 2;Damac Hills;TRUE;300;3233;14,21;20;84;62;81;0,211805556;06.15
2024-12;Damac Hills 2;Damac Hills;TRUE;294;3162;13,63;19;85;22;47;0,211805556;06.15
2025-01;Damac Hills 2;Damac Hills;TRUE;299;3222;14,29;19;132;9;85;0,211805556;06.15
2025-02;Damac Hills 2;Damac Hills;TRUE;287;3091;13,33;19;107;56;20;0,211805556;06.15
2025-03;Damac Hills 2;Damac Hills;TRUE;304;3269;14,04;20;26;48;71;0,211805556;06.15
2025-04;Damac Hills 2;Damac Hills;TRUE;301;3237;13,50;20;176;46;13;0,211805556;06.15
2025-05;Damac Hills 2;Damac Hills;TRUE;286;3079;13,29;19;105;70;93;0,211805556;06.15
2025-06;Damac Hills 2;Damac Hills;TRUE;298;3210;13,38;19;160;45;39;0,211805556;06.15
2025-07;Damac Hills 2;Damac Hills;TRUE;277;2983;12,42;18;171;43;45;04.00;05.05
2025-08;Damac Hills 2;Damac Hills;TRUE;292;3145;13,46;19;97;68;54;04.00;05.05
2025-09;Damac Hills 2;Damac Hills;TRUE;294;3162;13,29;19;44;38;89;04.00;05.05
2025-10;Damac Hills 2;Damac Hills;TRUE;303;3260;13,92;20;163;72;112;04.00;05.05
2025-11;Damac Hills 2;Damac Hills;TRUE;300;3231;13,79;20;53;71;85;04.00;05.05
2025-12;Damac Hills 2;Damac Hills;TRUE;295;3171;13,79;19;131;71;78;04.00;05.05
2026-01;Damac Hills 2;Damac Hills;TRUE;289;3110;13,54;19;146;6;80;04.00;05.05
2026-02;Damac Hills 2;Damac Hills;TRUE;296;3186;13,21;19;101;34;55;04.00;05.05
2026-03;Damac Hills 2;Damac Hills;TRUE;291;3132;14,08;19;155;20;32;04.00;05.05
2026-04;Damac Hills 2;Damac Hills;TRUE;302;3253;13,71;20;124;74;58;04.00;05.05
2020-01;Dubai Creek Harbour;Creek;TRUE;358;3857;16,83;23;23;32;41;01.05;03.00
2020-02;Dubai Creek Harbour;Creek;TRUE;356;3832;16,21;23;73;46;23;01.05;03.00
2020-03;Dubai Creek Harbour;Creek;TRUE;360;3880;16,67;23;140;51;31;01.05;03.00
2020-04;Dubai Creek Harbour;Creek;TRUE;355;3819;16,42;23;94;34;65;00.04;01.09
2020-05;Dubai Creek Harbour;Creek;TRUE;351;3778;15,83;23;155;63;46;00.04;01.09
2020-06;Dubai Creek Harbour;Creek;TRUE;361;3885;16,58;23;25;18;94;00.04;01.09
2020-07;Dubai Creek Harbour;Creek;TRUE;344;3707;15,25;22;172;12;27;00.04;01.09
2020-08;Dubai Creek Harbour;Creek;TRUE;356;3837;16,17;23;68;58;32;00.04;01.09
2020-09;Dubai Creek Harbour;Creek;TRUE;352;3789;16,13;23;79;38;67;00.04;01.09
2020-10;Dubai Creek Harbour;Creek;TRUE;338;3641;14,79;22;139;27;68;00.04;01.09
2020-11;Dubai Creek Harbour;Creek;TRUE;343;3687;15,92;22;130;38;54;00.04;01.09
2020-12;Dubai Creek Harbour;Creek;TRUE;344;3702;16,04;22;163;37;44;00.04;01.09
2021-01;Dubai Creek Harbour;Creek;TRUE;372;4002;16,33;24;80;57;48;00.04;01.09
2021-02;Dubai Creek Harbour;Creek;TRUE;370;3982;16,92;24;175;20;52;00.04;01.09
2021-03;Dubai Creek Harbour;Creek;TRUE;357;3841;17,00;23;99;47;25;00.04;01.09
2021-04;Dubai Creek Harbour;Creek;TRUE;378;4072;17,58;25;80;26;33;00.04;01.09
2021-05;Dubai Creek Harbour;Creek;TRUE;375;4041;17,67;24;177;55;101;00.04;01.09
2021-06;Dubai Creek Harbour;Creek;TRUE;373;4012;17,29;24;152;18;108;00.04;01.09
2021-07;Dubai Creek Harbour;Creek;TRUE;390;4200;17,88;25;126;63;51;00.04;01.09
2021-08;Dubai Creek Harbour;Creek;TRUE;392;4218;17,21;25;101;31;119;00.04;01.09
2021-09;Dubai Creek Harbour;Creek;TRUE;410;4411;18,54;27;21;79;54;00.04;01.09
2021-10;Dubai Creek Harbour;Creek;TRUE;418;4498;19,46;27;67;41;51;00.04;01.09
2021-11;Dubai Creek Harbour;Creek;TRUE;417;4489;18,83;27;95;11;70;00.04;01.09
2021-12;Dubai Creek Harbour;Creek;TRUE;443;4771;19,96;29;155;29;38;00.04;01.09
2022-01;Dubai Creek Harbour;Creek;TRUE;437;4706;19,58;28;22;8;65;00.04;01.09
2022-02;Dubai Creek Harbour;Creek;TRUE;464;4995;21,13;30;77;54;18;00.04;01.09
2022-03;Dubai Creek Harbour;Creek;TRUE;473;5094;21,21;31;126;8;61;00.04;01.09
2022-04;Dubai Creek Harbour;Creek;TRUE;470;5055;22,42;31;25;56;80;01.04;02.09
2022-05;Dubai Creek Harbour;Creek;TRUE;485;5218;21,42;32;63;14;42;01.04;02.09
2022-06;Dubai Creek Harbour;Creek;TRUE;479;5153;21,63;31;52;56;61;01.04;02.09
2022-07;Dubai Creek Harbour;Creek;TRUE;481;5178;21,63;31;24;8;42;01.04;02.09
2022-08;Dubai Creek Harbour;Creek;TRUE;502;5408;22,92;33;56;43;50;01.04;02.09
2022-09;Dubai Creek Harbour;Creek;TRUE;533;5733;24,38;35;61;31;56;01.04;02.09
2022-10;Dubai Creek Harbour;Creek;TRUE;536;5766;24,83;35;43;30;15;04.04;05.09
2022-11;Dubai Creek Harbour;Creek;TRUE;558;6010;26,29;36;102;34;85;04.04;05.09
2022-12;Dubai Creek Harbour;Creek;TRUE;547;5883;26,04;36;59;50;34;04.04;05.09
2023-01;Dubai Creek Harbour;Creek;TRUE;549;5905;24,58;36;52;51;69;04.04;05.09
2023-02;Dubai Creek Harbour;Creek;TRUE;562;6052;24,96;37;78;62;49;04.04;05.09
2023-03;Dubai Creek Harbour;Creek;TRUE;576;6200;27,58;37;157;25;104;04.04;05.09
2023-04;Dubai Creek Harbour;Creek;TRUE;584;6284;27,83;38;115;29;38;04.04;05.09
2023-05;Dubai Creek Harbour;Creek;TRUE;581;6256;25,79;38;146;9;46;04.04;05.09
2023-06;Dubai Creek Harbour;Creek;TRUE;625;6728;27,04;41;19;68;32;04.04;05.09
2023-07;Dubai Creek Harbour;Creek;TRUE;633;6812;29,42;41;142;45;35;05.04;06.09
2023-08;Dubai Creek Harbour;Creek;TRUE;625;6722;28,25;41;35;68;114;05.04;06.09
2023-09;Dubai Creek Harbour;Creek;TRUE;640;6889;29,71;42;40;73;64;05.04;06.09
2023-10;Dubai Creek Harbour;Creek;TRUE;643;6926;29,00;42;21;77;91;05.04;06.09
2023-11;Dubai Creek Harbour;Creek;TRUE;661;7113;30,29;43;147;76;20;05.04;06.09
2023-12;Dubai Creek Harbour;Creek;TRUE;661;7120;30,46;43;157;32;101;05.04;06.09
2024-01;Dubai Creek Harbour;Creek;TRUE;656;7062;31,13;43;54;39;66;05.04;06.09
2024-02;Dubai Creek Harbour;Creek;TRUE;652;7022;30,38;42;52;71;49;05.04;06.09
2024-03;Dubai Creek Harbour;Creek;TRUE;654;7041;28,88;43;130;58;91;05.04;06.09
2024-04;Dubai Creek Harbour;Creek;TRUE;669;7204;29,92;43;18;67;63;05.04;06.09
2024-05;Dubai Creek Harbour;Creek;TRUE;638;6870;29,63;41;162;21;58;05.04;06.09
2024-06;Dubai Creek Harbour;Creek;TRUE;638;6869;28,17;41;126;39;101;05.04;06.09
2024-07;Dubai Creek Harbour;Creek;TRUE;630;6782;28,08;41;48;29;95;0,211805556;06.15
2024-08;Dubai Creek Harbour;Creek;TRUE;593;6386;26,54;39;173;63;36;0,211805556;06.15
2024-09;Dubai Creek Harbour;Creek;TRUE;660;7110;32,88;43;67;70;35;0,211805556;06.15
2024-10;Dubai Creek Harbour;Creek;TRUE;626;6734;28,42;41;97;22;102;0,211805556;06.15
2024-11;Dubai Creek Harbour;Creek;TRUE;631;6791;29,92;41;68;10;34;0,211805556;06.15
2024-12;Dubai Creek Harbour;Creek;TRUE;636;6849;29,67;41;59;24;13;0,211805556;06.15
2025-01;Dubai Creek Harbour;Creek;TRUE;612;6587;27,83;40;89;66;62;0,211805556;06.15
2025-02;Dubai Creek Harbour;Creek;TRUE;607;6529;28,04;39;19;44;52;0,211805556;06.15
2025-03;Dubai Creek Harbour;Creek;TRUE;632;6802;28,88;41;28;24;79;0,211805556;06.15
2025-04;Dubai Creek Harbour;Creek;TRUE;655;7047;30,38;43;126;64;43;0,211805556;06.15
2025-05;Dubai Creek Harbour;Creek;TRUE;636;6845;30,17;41;101;38;117;0,211805556;06.15
2025-06;Dubai Creek Harbour;Creek;TRUE;592;6375;26,88;38;46;50;86;0,211805556;06.15
2025-07;Dubai Creek Harbour;Creek;TRUE;626;6741;26,79;41;64;72;70;04.00;05.05
2025-08;Dubai Creek Harbour;Creek;TRUE;618;6651;27,83;40;121;5;78;04.00;05.05
2025-09;Dubai Creek Harbour;Creek;TRUE;625;6731;28,00;41;162;52;78;04.00;05.05
2025-10;Dubai Creek Harbour;Creek;TRUE;628;6764;28,63;41;164;57;61;04.00;05.05
2025-11;Dubai Creek Harbour;Creek;TRUE;643;6923;30,63;42;132;13;47;04.00;05.05
2025-12;Dubai Creek Harbour;Creek;TRUE;637;6854;29,88;41;127;63;104;04.00;05.05
2026-01;Dubai Creek Harbour;Creek;TRUE;626;6739;28,04;41;158;51;12;04.00;05.05
2026-02;Dubai Creek Harbour;Creek;TRUE;623;6705;29,25;40;137;35;107;04.00;05.05
2026-03;Dubai Creek Harbour;Creek;TRUE;650;6997;31,00;42;61;78;92;04.00;05.05
2026-04;Dubai Creek Harbour;Creek;TRUE;595;6406;26,75;39;107;27;116;04.00;05.05
2020-01;Dubai Festival City;Festival City;TRUE;269;2897;12,13;17;64;79;118;01.05;03.00
2020-02;Dubai Festival City;Festival City;TRUE;270;2907;12,38;18;47;31;88;01.05;03.00
2020-03;Dubai Festival City;Festival City;TRUE;289;3108;13,33;19;141;31;38;01.05;03.00
2020-04;Dubai Festival City;Festival City;TRUE;267;2878;12,00;17;164;58;78;00.04;01.09
2020-05;Dubai Festival City;Festival City;TRUE;280;3010;12,83;18;17;52;104;00.04;01.09
2020-06;Dubai Festival City;Festival City;TRUE;262;2818;11,33;17;75;68;72;00.04;01.09
2020-07;Dubai Festival City;Festival City;TRUE;268;2882;11,96;17;145;35;72;00.04;01.09
2020-08;Dubai Festival City;Festival City;TRUE;263;2833;12,58;17;21;30;11;00.04;01.09
2020-09;Dubai Festival City;Festival City;TRUE;255;2743;11,79;17;162;32;106;00.04;01.09
2020-10;Dubai Festival City;Festival City;TRUE;256;2751;12,00;17;152;12;93;00.04;01.09
2020-11;Dubai Festival City;Festival City;TRUE;254;2737;11,92;17;79;66;77;00.04;01.09
2020-12;Dubai Festival City;Festival City;TRUE;266;2862;11,71;17;145;59;91;00.04;01.09
2021-01;Dubai Festival City;Festival City;TRUE;274;2944;12,54;18;104;25;86;00.04;01.09
2021-02;Dubai Festival City;Festival City;TRUE;269;2891;12,46;17;154;35;81;00.04;01.09
2021-03;Dubai Festival City;Festival City;TRUE;269;2898;11,79;18;38;21;64;00.04;01.09
2021-04;Dubai Festival City;Festival City;TRUE;282;3035;13,50;18;104;21;41;00.04;01.09
2021-05;Dubai Festival City;Festival City;TRUE;288;3101;13,25;19;90;38;77;00.04;01.09
2021-06;Dubai Festival City;Festival City;TRUE;294;3168;14,21;19;80;54;109;00.04;01.09
2021-07;Dubai Festival City;Festival City;TRUE;290;3121;12,96;19;145;62;73;00.04;01.09
2021-08;Dubai Festival City;Festival City;TRUE;289;3115;13,17;19;113;70;78;00.04;01.09
2021-09;Dubai Festival City;Festival City;TRUE;306;3292;14,50;20;67;51;90;00.04;01.09
2021-10;Dubai Festival City;Festival City;TRUE;316;3400;14,25;21;97;55;118;00.04;01.09
2021-11;Dubai Festival City;Festival City;TRUE;306;3289;14,46;20;144;11;44;00.04;01.09
2021-12;Dubai Festival City;Festival City;TRUE;326;3504;15,25;21;118;79;63;00.04;01.09
2022-01;Dubai Festival City;Festival City;TRUE;340;3658;15,17;22;49;22;66;00.04;01.09
2022-02;Dubai Festival City;Festival City;TRUE;340;3662;16,00;22;24;67;101;00.04;01.09
2022-03;Dubai Festival City;Festival City;TRUE;358;3851;16,33;23;53;77;117;00.04;01.09
2022-04;Dubai Festival City;Festival City;TRUE;363;3912;17,00;24;98;76;41;01.04;02.09
2022-05;Dubai Festival City;Festival City;TRUE;352;3790;16,50;23;105;37;100;01.04;02.09
2022-06;Dubai Festival City;Festival City;TRUE;374;4027;16,63;24;86;24;99;01.04;02.09
2022-07;Dubai Festival City;Festival City;TRUE;380;4085;18,04;25;141;53;57;01.04;02.09
2022-08;Dubai Festival City;Festival City;TRUE;397;4275;18,25;26;90;55;86;01.04;02.09
2022-09;Dubai Festival City;Festival City;TRUE;381;4098;18,29;25;88;7;107;01.04;02.09
2022-10;Dubai Festival City;Festival City;TRUE;391;4208;18,38;25;70;75;119;04.04;05.09
2022-11;Dubai Festival City;Festival City;TRUE;410;4408;18,25;27;164;29;95;04.04;05.09
2022-12;Dubai Festival City;Festival City;TRUE;407;4378;18,54;26;160;5;89;04.04;05.09
2023-01;Dubai Festival City;Festival City;TRUE;414;4457;18,29;27;149;73;96;04.04;05.09
2023-02;Dubai Festival City;Festival City;TRUE;432;4648;19,79;28;76;8;65;04.04;05.09
2023-03;Dubai Festival City;Festival City;TRUE;426;4584;19,33;28;74;65;26;04.04;05.09
2023-04;Dubai Festival City;Festival City;TRUE;445;4785;21,17;29;159;24;17;04.04;05.09
2023-05;Dubai Festival City;Festival City;TRUE;446;4802;20,54;29;102;56;86;04.04;05.09
2023-06;Dubai Festival City;Festival City;TRUE;462;4974;21,67;30;129;50;47;04.04;05.09
2023-07;Dubai Festival City;Festival City;TRUE;473;5091;23,00;31;69;34;93;05.04;06.09
2023-08;Dubai Festival City;Festival City;TRUE;468;5042;21,33;30;39;42;54;05.04;06.09
2023-09;Dubai Festival City;Festival City;TRUE;483;5202;23,29;31;166;25;80;05.04;06.09
2023-10;Dubai Festival City;Festival City;TRUE;519;5585;23,33;34;130;62;98;05.04;06.09
2023-11;Dubai Festival City;Festival City;TRUE;495;5324;22,83;32;51;31;56;05.04;06.09
2023-12;Dubai Festival City;Festival City;TRUE;469;5046;21,71;30;79;66;85;05.04;06.09
2024-01;Dubai Festival City;Festival City;TRUE;463;4979;21,79;30;177;18;34;05.04;06.09
2024-02;Dubai Festival City;Festival City;TRUE;479;5158;22,38;31;80;20;64;05.04;06.09
2024-03;Dubai Festival City;Festival City;TRUE;476;5123;21,50;31;157;54;37;05.04;06.09
2024-04;Dubai Festival City;Festival City;TRUE;472;5079;22,17;31;123;50;106;05.04;06.09
2024-05;Dubai Festival City;Festival City;TRUE;488;5257;22,96;32;60;60;95;05.04;06.09
2024-06;Dubai Festival City;Festival City;TRUE;499;5373;21,96;32;69;41;94;05.04;06.09
2024-07;Dubai Festival City;Festival City;TRUE;482;5191;22,63;31;127;37;14;0,211805556;06.15
2024-08;Dubai Festival City;Festival City;TRUE;492;5292;22,63;32;78;19;26;0,211805556;06.15
2024-09;Dubai Festival City;Festival City;TRUE;461;4963;19,96;30;173;74;107;0,211805556;06.15
2024-10;Dubai Festival City;Festival City;TRUE;466;5013;21,33;30;95;5;44;0,211805556;06.15
2024-11;Dubai Festival City;Festival City;TRUE;455;4895;20,79;30;33;52;29;0,211805556;06.15
2024-12;Dubai Festival City;Festival City;TRUE;471;5071;21,71;31;51;7;25;0,211805556;06.15
2025-01;Dubai Festival City;Festival City;TRUE;473;5089;21,75;31;109;73;100;0,211805556;06.15
2025-02;Dubai Festival City;Festival City;TRUE;489;5261;22,71;32;44;44;16;0,211805556;06.15
2025-03;Dubai Festival City;Festival City;TRUE;459;4939;20,50;30;31;32;61;0,211805556;06.15
2025-04;Dubai Festival City;Festival City;TRUE;449;4838;20,50;29;26;21;13;0,211805556;06.15
2025-05;Dubai Festival City;Festival City;TRUE;478;5144;21,71;31;67;59;58;0,211805556;06.15
2025-06;Dubai Festival City;Festival City;TRUE;454;4884;20,58;29;63;38;67;0,211805556;06.15
2025-07;Dubai Festival City;Festival City;TRUE;481;5177;21,58;31;50;77;11;04.00;05.05
2025-08;Dubai Festival City;Festival City;TRUE;477;5139;23,42;31;151;56;23;04.00;05.05
2025-09;Dubai Festival City;Festival City;TRUE;463;4982;21,46;30;106;12;103;04.00;05.05
2025-10;Dubai Festival City;Festival City;TRUE;460;4952;20,29;30;54;14;47;04.00;05.05
2025-11;Dubai Festival City;Festival City;TRUE;463;4988;21,46;30;125;24;63;04.00;05.05
2025-12;Dubai Festival City;Festival City;TRUE;482;5192;21,00;31;124;77;43;04.00;05.05
2026-01;Dubai Festival City;Festival City;TRUE;437;4707;20,67;28;53;76;113;04.00;05.05
2026-02;Dubai Festival City;Festival City;TRUE;464;4999;21,92;30;32;67;25;04.00;05.05
2026-03;Dubai Festival City;Festival City;TRUE;458;4933;21,42;30;76;46;45;04.00;05.05
2026-04;Dubai Festival City;Festival City;TRUE;461;4959;21,25;30;125;28;81;04.00;05.05
2020-01;Mirdif;Mirdif;FALSE;204;2197;;13;45;0;36;01.05;03.00
2020-02;Mirdif;Mirdif;FALSE;198;2131;;13;91;0;77;01.05;03.00
2020-03;Mirdif;Mirdif;FALSE;199;2141;;13;88;0;114;01.05;03.00
2020-04;Mirdif;Mirdif;FALSE;205;2206;;13;42;0;111;00.04;01.09
2020-05;Mirdif;Mirdif;FALSE;196;2107;;13;118;0;90;00.04;01.09
2020-06;Mirdif;Mirdif;FALSE;190;2044;;12;36;0;61;00.04;01.09
2020-07;Mirdif;Mirdif;FALSE;196;2107;;13;148;0;54;00.04;01.09
2020-08;Mirdif;Mirdif;FALSE;194;2084;;13;99;0;88;00.04;01.09
2020-09;Mirdif;Mirdif;FALSE;183;1968;;12;32;0;94;00.04;01.09
2020-10;Mirdif;Mirdif;FALSE;195;2097;;13;49;0;107;00.04;01.09
2020-11;Mirdif;Mirdif;FALSE;191;2053;;12;122;0;73;00.04;01.09
2020-12;Mirdif;Mirdif;FALSE;200;2155;;13;18;0;30;00.04;01.09
2021-01;Mirdif;Mirdif;FALSE;198;2127;;13;133;0;14;00.04;01.09
2021-02;Mirdif;Mirdif;FALSE;189;2039;;12;15;0;39;00.04;01.09
2021-03;Mirdif;Mirdif;FALSE;200;2155;;13;31;0;72;00.04;01.09
2021-04;Mirdif;Mirdif;FALSE;202;2179;;13;81;0;59;00.04;01.09
2021-05;Mirdif;Mirdif;FALSE;213;2294;;14;115;0;109;00.04;01.09
2021-06;Mirdif;Mirdif;FALSE;211;2273;;14;145;0;45;00.04;01.09
2021-07;Mirdif;Mirdif;FALSE;221;2378;;14;143;0;17;00.04;01.09
2021-08;Mirdif;Mirdif;FALSE;222;2391;;14;110;0;26;00.04;01.09
2021-09;Mirdif;Mirdif;FALSE;227;2438;;15;94;0;80;00.04;01.09
2021-10;Mirdif;Mirdif;FALSE;226;2435;;15;115;0;60;00.04;01.09
2021-11;Mirdif;Mirdif;FALSE;227;2445;;15;119;0;40;00.04;01.09
2021-12;Mirdif;Mirdif;FALSE;240;2583;;16;79;0;48;00.04;01.09
2022-01;Mirdif;Mirdif;FALSE;247;2660;;16;73;0;96;00.04;01.09
2022-02;Mirdif;Mirdif;FALSE;258;2773;;17;15;0;108;00.04;01.09
2022-03;Mirdif;Mirdif;FALSE;256;2753;;17;31;0;90;00.04;01.09
2022-04;Mirdif;Mirdif;FALSE;265;2854;;17;62;0;100;01.04;02.09
2022-05;Mirdif;Mirdif;FALSE;259;2790;;17;131;0;33;01.04;02.09
2022-06;Mirdif;Mirdif;FALSE;277;2986;;18;159;0;101;01.04;02.09
2022-07;Mirdif;Mirdif;FALSE;286;3078;;19;153;0;108;01.04;02.09
2022-08;Mirdif;Mirdif;FALSE;282;3034;;18;130;0;114;01.04;02.09
2022-09;Mirdif;Mirdif;FALSE;294;3168;;19;73;0;44;01.04;02.09
2022-10;Mirdif;Mirdif;FALSE;295;3180;;19;131;0;107;04.04;05.09
2022-11;Mirdif;Mirdif;FALSE;300;3225;;19;177;0;30;04.04;05.09
2022-12;Mirdif;Mirdif;FALSE;313;3374;;20;85;0;43;04.04;05.09
2023-01;Mirdif;Mirdif;FALSE;309;3330;;20;175;0;115;04.04;05.09
2023-02;Mirdif;Mirdif;FALSE;315;3387;;20;40;0;66;04.04;05.09
2023-03;Mirdif;Mirdif;FALSE;337;3633;;22;92;0;44;04.04;05.09
2023-04;Mirdif;Mirdif;FALSE;337;3629;;22;33;0;62;04.04;05.09
2023-05;Mirdif;Mirdif;FALSE;338;3637;;22;92;0;69;04.04;05.09
2023-06;Mirdif;Mirdif;FALSE;347;3733;;23;72;0;65;04.04;05.09
2023-07;Mirdif;Mirdif;FALSE;356;3829;;23;142;0;115;05.04;06.09
2023-08;Mirdif;Mirdif;FALSE;349;3755;;23;91;0;96;05.04;06.09
2023-09;Mirdif;Mirdif;FALSE;359;3860;;23;105;0;15;05.04;06.09
2023-10;Mirdif;Mirdif;FALSE;376;4052;;24;131;0;57;05.04;06.09
2023-11;Mirdif;Mirdif;FALSE;356;3835;;23;167;0;46;05.04;06.09
2023-12;Mirdif;Mirdif;FALSE;356;3832;;23;82;0;104;05.04;06.09
2024-01;Mirdif;Mirdif;FALSE;365;3926;;24;175;0;57;05.04;06.09
2024-02;Mirdif;Mirdif;FALSE;358;3856;;23;87;0;93;05.04;06.09
2024-03;Mirdif;Mirdif;FALSE;337;3628;;22;96;0;82;05.04;06.09
2024-04;Mirdif;Mirdif;FALSE;343;3690;;22;155;0;108;05.04;06.09
2024-05;Mirdif;Mirdif;FALSE;342;3677;;22;64;0;40;05.04;06.09
2024-06;Mirdif;Mirdif;FALSE;349;3754;;23;104;0;27;05.04;06.09
2024-07;Mirdif;Mirdif;FALSE;357;3838;;23;133;0;100;0,211805556;06.15
2024-08;Mirdif;Mirdif;FALSE;367;3951;;24;123;0;115;0,211805556;06.15
2024-09;Mirdif;Mirdif;FALSE;351;3780;;23;172;0;95;0,211805556;06.15
2024-10;Mirdif;Mirdif;FALSE;347;3732;;23;75;0;108;0,211805556;06.15
2024-11;Mirdif;Mirdif;FALSE;358;3852;;23;150;0;54;0,211805556;06.15
2024-12;Mirdif;Mirdif;FALSE;355;3822;;23;143;0;20;0,211805556;06.15
2025-01;Mirdif;Mirdif;FALSE;329;3543;;21;72;0;39;0,211805556;06.15
2025-02;Mirdif;Mirdif;FALSE;340;3658;;22;171;0;97;0,211805556;06.15
2025-03;Mirdif;Mirdif;FALSE;343;3689;;22;38;0;48;0,211805556;06.15
2025-04;Mirdif;Mirdif;FALSE;358;3856;;23;49;0;17;0,211805556;06.15
2025-05;Mirdif;Mirdif;FALSE;346;3722;;22;147;0;81;0,211805556;06.15
2025-06;Mirdif;Mirdif;FALSE;349;3755;;23;50;0;67;0,211805556;06.15
2025-07;Mirdif;Mirdif;FALSE;360;3876;;23;168;0;35;04.00;05.05
2025-08;Mirdif;Mirdif;FALSE;336;3620;;22;90;0;25;04.00;05.05
2025-09;Mirdif;Mirdif;FALSE;338;3633;;22;175;0;47;04.00;05.05
2025-10;Mirdif;Mirdif;FALSE;345;3718;;22;127;0;18;04.00;05.05
2025-11;Mirdif;Mirdif;FALSE;341;3671;;22;126;0;118;04.00;05.05
2025-12;Mirdif;Mirdif;FALSE;346;3720;;22;49;0;84;04.00;05.05
2026-01;Mirdif;Mirdif;FALSE;343;3694;;22;127;0;81;04.00;05.05
2026-02;Mirdif;Mirdif;FALSE;350;3764;;23;55;0;47;04.00;05.05
2026-03;Mirdif;Mirdif;FALSE;356;3835;;23;98;0;46;04.00;05.05
2026-04;Mirdif;Mirdif;FALSE;347;3732;;23;147;0;18;04.00;05.05
2020-01;Al Furjan;Al Furjan;TRUE;227;2442;10,75;15;50;65;58;01.05;03.00
2020-02;Al Furjan;Al Furjan;TRUE;219;2359;10,21;14;114;77;35;01.05;03.00
2020-03;Al Furjan;Al Furjan;TRUE;212;2286;10,08;14;97;14;43;01.05;03.00
2020-04;Al Furjan;Al Furjan;TRUE;218;2350;10,50;14;20;29;98;00.04;01.09
2020-05;Al Furjan;Al Furjan;TRUE;216;2329;9,79;14;141;43;38;00.04;01.09
2020-06;Al Furjan;Al Furjan;TRUE;214;2303;9,67;14;124;73;40;00.04;01.09
2020-07;Al Furjan;Al Furjan;TRUE;215;2311;9,67;14;26;44;112;00.04;01.09
2020-08;Al Furjan;Al Furjan;TRUE;214;2298;10,13;14;115;79;22;00.04;01.09
2020-09;Al Furjan;Al Furjan;TRUE;213;2290;9,83;14;37;5;49;00.04;01.09
2020-10;Al Furjan;Al Furjan;TRUE;208;2240;9,79;14;21;8;12;00.04;01.09
2020-11;Al Furjan;Al Furjan;TRUE;203;2181;9,50;13;22;61;42;00.04;01.09
2020-12;Al Furjan;Al Furjan;TRUE;213;2296;10,08;14;109;39;45;00.04;01.09
2021-01;Al Furjan;Al Furjan;TRUE;224;2408;10,33;15;135;52;78;00.04;01.09
2021-02;Al Furjan;Al Furjan;TRUE;222;2391;10,04;14;19;30;56;00.04;01.09
2021-03;Al Furjan;Al Furjan;TRUE;233;2504;10,79;15;142;31;57;00.04;01.09
2021-04;Al Furjan;Al Furjan;TRUE;233;2508;10,67;15;128;26;100;00.04;01.09
2021-05;Al Furjan;Al Furjan;TRUE;240;2584;10,67;16;47;56;108;00.04;01.09
2021-06;Al Furjan;Al Furjan;TRUE;243;2620;11,42;16;60;79;21;00.04;01.09
2021-07;Al Furjan;Al Furjan;TRUE;232;2500;10,96;15;107;63;113;00.04;01.09
2021-08;Al Furjan;Al Furjan;TRUE;234;2521;10,79;15;133;42;90;00.04;01.09
2021-09;Al Furjan;Al Furjan;TRUE;249;2679;11,21;16;28;12;82;00.04;01.09
2021-10;Al Furjan;Al Furjan;TRUE;256;2753;11,83;17;76;57;88;00.04;01.09
2021-11;Al Furjan;Al Furjan;TRUE;264;2844;12,21;17;128;66;87;00.04;01.09
2021-12;Al Furjan;Al Furjan;TRUE;263;2826;11,71;17;50;60;110;00.04;01.09
2022-01;Al Furjan;Al Furjan;TRUE;274;2953;13,04;18;136;51;95;00.04;01.09
2022-02;Al Furjan;Al Furjan;TRUE;282;3031;12,25;18;116;68;59;00.04;01.09
2022-03;Al Furjan;Al Furjan;TRUE;287;3089;13,08;19;124;47;72;00.04;01.09
2022-04;Al Furjan;Al Furjan;TRUE;294;3162;13,29;19;146;39;114;01.04;02.09
2022-05;Al Furjan;Al Furjan;TRUE;308;3319;14,58;20;179;52;65;01.04;02.09
2022-06;Al Furjan;Al Furjan;TRUE;309;3330;14,04;20;133;44;81;01.04;02.09
2022-07;Al Furjan;Al Furjan;TRUE;298;3205;13,63;19;45;28;83;01.04;02.09
2022-08;Al Furjan;Al Furjan;TRUE;318;3422;15,17;21;21;51;66;01.04;02.09
2022-09;Al Furjan;Al Furjan;TRUE;324;3490;14,75;21;66;68;54;01.04;02.09
2022-10;Al Furjan;Al Furjan;TRUE;306;3293;14,38;20;166;54;40;04.04;05.09
2022-11;Al Furjan;Al Furjan;TRUE;341;3668;15,42;22;69;59;78;04.04;05.09
2022-12;Al Furjan;Al Furjan;TRUE;338;3640;15,88;22;87;19;106;04.04;05.09
2023-01;Al Furjan;Al Furjan;TRUE;357;3843;16,33;23;81;14;84;04.04;05.09
2023-02;Al Furjan;Al Furjan;TRUE;346;3725;16,17;22;120;78;96;04.04;05.09
2023-03;Al Furjan;Al Furjan;TRUE;369;3975;16,92;24;166;54;110;04.04;05.09
2023-04;Al Furjan;Al Furjan;TRUE;377;4061;17,46;25;57;41;78;04.04;05.09
2023-05;Al Furjan;Al Furjan;TRUE;380;4094;17,50;25;67;64;29;04.04;05.09
2023-06;Al Furjan;Al Furjan;TRUE;351;3778;16,17;23;150;79;68;04.04;05.09
2023-07;Al Furjan;Al Furjan;TRUE;372;4008;17,08;24;28;7;90;05.04;06.09
2023-08;Al Furjan;Al Furjan;TRUE;397;4272;18,13;26;112;37;39;05.04;06.09
2023-09;Al Furjan;Al Furjan;TRUE;379;4081;17,79;25;25;77;107;05.04;06.09
2023-10;Al Furjan;Al Furjan;TRUE;408;4389;18,42;27;128;77;49;05.04;06.09
2023-11;Al Furjan;Al Furjan;TRUE;395;4247;18,04;26;49;28;99;05.04;06.09
2023-12;Al Furjan;Al Furjan;TRUE;376;4045;17,46;24;26;50;98;05.04;06.09
2024-01;Al Furjan;Al Furjan;TRUE;375;4039;16,71;24;50;63;75;05.04;06.09
2024-02;Al Furjan;Al Furjan;TRUE;380;4091;17,79;25;139;13;64;05.04;06.09
2024-03;Al Furjan;Al Furjan;TRUE;376;4047;17,58;24;64;14;23;05.04;06.09
2024-04;Al Furjan;Al Furjan;TRUE;390;4193;17,63;25;162;46;117;05.04;06.09
2024-05;Al Furjan;Al Furjan;TRUE;394;4243;17,54;26;145;78;20;05.04;06.09
2024-06;Al Furjan;Al Furjan;TRUE;412;4435;19,25;27;116;31;16;05.04;06.09
2024-07;Al Furjan;Al Furjan;TRUE;398;4287;17,63;26;115;36;94;0,211805556;06.15
2024-08;Al Furjan;Al Furjan;TRUE;379;4080;17,04;25;46;28;15;0,211805556;06.15
2024-09;Al Furjan;Al Furjan;TRUE;386;4159;17,63;25;105;62;73;0,211805556;06.15
2024-10;Al Furjan;Al Furjan;TRUE;394;4245;17,50;26;165;6;11;0,211805556;06.15
2024-11;Al Furjan;Al Furjan;TRUE;385;4149;18,13;25;35;52;85;0,211805556;06.15
2024-12;Al Furjan;Al Furjan;TRUE;396;4266;18,17;26;162;66;44;0,211805556;06.15
2025-01;Al Furjan;Al Furjan;TRUE;372;4000;16,88;24;130;16;27;0,211805556;06.15
2025-02;Al Furjan;Al Furjan;TRUE;379;4085;16,75;25;74;60;48;0,211805556;06.15
2025-03;Al Furjan;Al Furjan;TRUE;379;4078;17,63;25;106;35;73;0,211805556;06.15
2025-04;Al Furjan;Al Furjan;TRUE;366;3942;17,00;24;99;66;102;0,211805556;06.15
2025-05;Al Furjan;Al Furjan;TRUE;388;4178;17,42;25;143;61;37;0,211805556;06.15
2025-06;Al Furjan;Al Furjan;TRUE;382;4115;17,88;25;21;78;15;0,211805556;06.15
2025-07;Al Furjan;Al Furjan;TRUE;383;4122;17,71;25;162;47;29;04.00;05.05
2025-08;Al Furjan;Al Furjan;TRUE;376;4049;17,92;24;95;36;94;04.00;05.05
2025-09;Al Furjan;Al Furjan;TRUE;389;4189;17,92;25;172;39;34;04.00;05.05
2025-10;Al Furjan;Al Furjan;TRUE;372;4004;16,67;24;173;60;58;04.00;05.05
2025-11;Al Furjan;Al Furjan;TRUE;393;4233;17,88;26;94;36;34;04.00;05.05
2025-12;Al Furjan;Al Furjan;TRUE;383;4117;18,25;25;144;58;94;04.00;05.05
2026-01;Al Furjan;Al Furjan;TRUE;385;4142;17,38;25;84;38;106;04.00;05.05
2026-02;Al Furjan;Al Furjan;TRUE;377;4059;18,50;25;158;47;35;04.00;05.05
2026-03;Al Furjan;Al Furjan;TRUE;406;4368;18,21;26;56;42;59;04.00;05.05
2026-04;Al Furjan;Al Furjan;TRUE;374;4023;17,75;24;96;56;53;04.00;05.05
2020-01;Discovery Gardens;Discovery Gardens;TRUE;153;1649;6,83;10;24;79;82;01.05;03.00
2020-02;Discovery Gardens;Discovery Gardens;TRUE;158;1699;7,33;10;23;22;62;01.05;03.00
2020-03;Discovery Gardens;Discovery Gardens;TRUE;152;1638;7,17;10;123;16;112;01.05;03.00
2020-04;Discovery Gardens;Discovery Gardens;TRUE;151;1626;7,04;10;73;65;28;00.04;01.09
2020-05;Discovery Gardens;Discovery Gardens;TRUE;152;1636;6,92;10;154;17;55;00.04;01.09
2020-06;Discovery Gardens;Discovery Gardens;TRUE;143;1542;6,79;9;40;17;35;00.04;01.09
2020-07;Discovery Gardens;Discovery Gardens;TRUE;145;1559;6,75;9;32;68;103;00.04;01.09
2020-08;Discovery Gardens;Discovery Gardens;TRUE;149;1608;6,83;10;133;7;80;00.04;01.09
2020-09;Discovery Gardens;Discovery Gardens;TRUE;147;1580;6,83;10;177;42;13;00.04;01.09
2020-10;Discovery Gardens;Discovery Gardens;TRUE;143;1540;6,42;9;25;26;36;00.04;01.09
2020-11;Discovery Gardens;Discovery Gardens;TRUE;147;1581;6,79;10;107;73;51;00.04;01.09
2020-12;Discovery Gardens;Discovery Gardens;TRUE;147;1583;6,58;10;112;55;100;00.04;01.09
2021-01;Discovery Gardens;Discovery Gardens;TRUE;147;1583;6,71;10;125;15;113;00.04;01.09
2021-02;Discovery Gardens;Discovery Gardens;TRUE;153;1643;6,54;10;144;53;103;00.04;01.09
2021-03;Discovery Gardens;Discovery Gardens;TRUE;162;1739;7,46;10;99;13;53;00.04;01.09
2021-04;Discovery Gardens;Discovery Gardens;TRUE;147;1583;6,79;10;94;12;86;00.04;01.09
2021-05;Discovery Gardens;Discovery Gardens;TRUE;168;1808;7,50;11;127;8;104;00.04;01.09
2021-06;Discovery Gardens;Discovery Gardens;TRUE;157;1689;7,25;10;107;19;24;00.04;01.09
2021-07;Discovery Gardens;Discovery Gardens;TRUE;157;1693;7,08;10;116;14;37;00.04;01.09
2021-08;Discovery Gardens;Discovery Gardens;TRUE;163;1753;7,38;11;83;72;57;00.04;01.09
2021-09;Discovery Gardens;Discovery Gardens;TRUE;168;1805;7,92;11;151;69;76;00.04;01.09
2021-10;Discovery Gardens;Discovery Gardens;TRUE;176;1898;8,00;11;91;26;31;00.04;01.09
2021-11;Discovery Gardens;Discovery Gardens;TRUE;184;1978;8,67;12;111;65;47;00.04;01.09
2021-12;Discovery Gardens;Discovery Gardens;TRUE;180;1941;8,42;12;69;23;107;00.04;01.09
2022-01;Discovery Gardens;Discovery Gardens;TRUE;189;2031;8,75;12;132;14;73;00.04;01.09
2022-02;Discovery Gardens;Discovery Gardens;TRUE;194;2089;8,75;13;109;24;48;00.04;01.09
2022-03;Discovery Gardens;Discovery Gardens;TRUE;203;2189;9,25;13;132;6;63;00.04;01.09
2022-04;Discovery Gardens;Discovery Gardens;TRUE;209;2246;9,63;14;83;26;50;01.04;02.09
2022-05;Discovery Gardens;Discovery Gardens;TRUE;207;2223;9,58;13;98;41;79;01.04;02.09
2022-06;Discovery Gardens;Discovery Gardens;TRUE;215;2313;10,21;14;173;64;62;01.04;02.09
2022-07;Discovery Gardens;Discovery Gardens;TRUE;211;2275;10,00;14;173;65;60;01.04;02.09
2022-08;Discovery Gardens;Discovery Gardens;TRUE;217;2340;9,83;14;148;39;26;01.04;02.09
2022-09;Discovery Gardens;Discovery Gardens;TRUE;218;2350;9,79;14;46;36;89;01.04;02.09
2022-10;Discovery Gardens;Discovery Gardens;TRUE;217;2335;10,00;14;64;72;70;04.04;05.09
2022-11;Discovery Gardens;Discovery Gardens;TRUE;237;2551;10,50;15;126;35;117;04.04;05.09
2022-12;Discovery Gardens;Discovery Gardens;TRUE;232;2502;10,63;15;150;24;76;04.04;05.09
2023-01;Discovery Gardens;Discovery Gardens;TRUE;245;2632;11,33;16;97;78;11;04.04;05.09
2023-02;Discovery Gardens;Discovery Gardens;TRUE;239;2572;10,63;16;22;32;14;04.04;05.09
2023-03;Discovery Gardens;Discovery Gardens;TRUE;238;2566;10,54;15;134;36;37;04.04;05.09
2023-04;Discovery Gardens;Discovery Gardens;TRUE;244;2623;11,25;16;71;28;49;04.04;05.09
2023-05;Discovery Gardens;Discovery Gardens;TRUE;255;2749;11,67;17;51;12;18;04.04;05.09
2023-06;Discovery Gardens;Discovery Gardens;TRUE;255;2749;11,46;17;25;10;62;04.04;05.09
2023-07;Discovery Gardens;Discovery Gardens;TRUE;257;2765;11,83;17;86;76;19;05.04;06.09
2023-08;Discovery Gardens;Discovery Gardens;TRUE;263;2827;12,08;17;157;55;75;05.04;06.09
2023-09;Discovery Gardens;Discovery Gardens;TRUE;271;2918;12,33;18;35;44;72;05.04;06.09
2023-10;Discovery Gardens;Discovery Gardens;TRUE;269;2897;12,08;17;142;53;66;05.04;06.09
2023-11;Discovery Gardens;Discovery Gardens;TRUE;276;2967;12,63;18;93;30;42;05.04;06.09
2023-12;Discovery Gardens;Discovery Gardens;TRUE;263;2828;11,83;17;121;24;92;05.04;06.09
2024-01;Discovery Gardens;Discovery Gardens;TRUE;277;2983;12,67;18;21;38;110;05.04;06.09
2024-02;Discovery Gardens;Discovery Gardens;TRUE;270;2903;12,33;18;139;16;25;05.04;06.09
2024-03;Discovery Gardens;Discovery Gardens;TRUE;277;2983;12,58;18;88;24;32;05.04;06.09
2024-04;Discovery Gardens;Discovery Gardens;TRUE;271;2917;12,25;18;149;15;67;05.04;06.09
2024-05;Discovery Gardens;Discovery Gardens;TRUE;276;2971;12,00;18;61;40;93;05.04;06.09
2024-06;Discovery Gardens;Discovery Gardens;TRUE;274;2946;12,67;18;135;41;48;05.04;06.09
2024-07;Discovery Gardens;Discovery Gardens;TRUE;268;2880;12,33;17;73;22;72;0,211805556;06.15
2024-08;Discovery Gardens;Discovery Gardens;TRUE;270;2908;12,13;18;101;42;89;0,211805556;06.15
2024-09;Discovery Gardens;Discovery Gardens;TRUE;264;2845;11,83;17;99;34;21;0,211805556;06.15
2024-10;Discovery Gardens;Discovery Gardens;TRUE;265;2848;11,83;17;63;25;118;0,211805556;06.15
2024-11;Discovery Gardens;Discovery Gardens;TRUE;270;2911;12,58;18;100;71;42;0,211805556;06.15
2024-12;Discovery Gardens;Discovery Gardens;TRUE;276;2968;12,71;18;99;38;114;0,211805556;06.15
2025-01;Discovery Gardens;Discovery Gardens;TRUE;265;2848;12,58;17;45;53;26;0,211805556;06.15
2025-02;Discovery Gardens;Discovery Gardens;TRUE;256;2751;11,96;17;19;53;37;0,211805556;06.15
2025-03;Discovery Gardens;Discovery Gardens;TRUE;264;2840;12,17;17;15;48;24;0,211805556;06.15
2025-04;Discovery Gardens;Discovery Gardens;TRUE;269;2901;12,42;18;21;5;38;0,211805556;06.15
2025-05;Discovery Gardens;Discovery Gardens;TRUE;265;2855;12,33;17;100;69;108;0,211805556;06.15
2025-06;Discovery Gardens;Discovery Gardens;TRUE;263;2833;12,21;17;139;18;103;0,211805556;06.15
2025-07;Discovery Gardens;Discovery Gardens;TRUE;268;2881;12,08;17;36;59;75;04.00;05.05
2025-08;Discovery Gardens;Discovery Gardens;TRUE;268;2890;12,21;17;44;38;12;04.00;05.05
2025-09;Discovery Gardens;Discovery Gardens;TRUE;263;2830;12,00;17;57;6;32;04.00;05.05
2025-10;Discovery Gardens;Discovery Gardens;TRUE;267;2874;11,38;17;103;56;56;04.00;05.05
2025-11;Discovery Gardens;Discovery Gardens;TRUE;264;2837;12,21;17;25;50;96;04.00;05.05
2025-12;Discovery Gardens;Discovery Gardens;TRUE;253;2719;11,42;16;92;59;111;04.00;05.05
2026-01;Discovery Gardens;Discovery Gardens;TRUE;266;2865;12,54;17;53;27;50;04.00;05.05
2026-02;Discovery Gardens;Discovery Gardens;TRUE;259;2783;11,46;17;74;32;115;04.00;05.05
2026-03;Discovery Gardens;Discovery Gardens;TRUE;268;2880;12,96;17;112;55;98;04.00;05.05
2026-04;Discovery Gardens;Discovery Gardens;TRUE;252;2710;10,96;16;38;10;90;04.00;05.05
2020-01;The Greens;The Greens;TRUE;277;2986;12,46;18;96;56;104;01.05;03.00
2020-02;The Greens;The Greens;TRUE;291;3137;13,21;19;178;45;83;01.05;03.00
2020-03;The Greens;The Greens;TRUE;287;3088;12,58;19;153;50;35;01.05;03.00
2020-04;The Greens;The Greens;TRUE;306;3295;13,08;20;148;7;13;00.04;01.09
2020-05;The Greens;The Greens;TRUE;286;3075;12,58;19;36;32;13;00.04;01.09
2020-06;The Greens;The Greens;TRUE;270;2904;12,58;18;41;64;73;00.04;01.09
2020-07;The Greens;The Greens;TRUE;270;2910;12,25;18;164;41;69;00.04;01.09
2020-08;The Greens;The Greens;TRUE;285;3064;13,08;19;78;46;39;00.04;01.09
2020-09;The Greens;The Greens;TRUE;285;3068;13,17;19;48;27;52;00.04;01.09
2020-10;The Greens;The Greens;TRUE;264;2842;12,42;17;30;17;66;00.04;01.09
2020-11;The Greens;The Greens;TRUE;272;2925;12,46;18;130;63;12;00.04;01.09
2020-12;The Greens;The Greens;TRUE;271;2918;12,54;18;18;54;103;00.04;01.09
2021-01;The Greens;The Greens;TRUE;279;3004;12,88;18;122;76;105;00.04;01.09
2021-02;The Greens;The Greens;TRUE;273;2942;12,67;18;38;69;25;00.04;01.09
2021-03;The Greens;The Greens;TRUE;300;3233;14,04;20;126;79;33;00.04;01.09
2021-04;The Greens;The Greens;TRUE;293;3157;13,29;19;91;44;27;00.04;01.09
2021-05;The Greens;The Greens;TRUE;301;3235;13,79;20;131;34;17;00.04;01.09
2021-06;The Greens;The Greens;TRUE;306;3297;13,71;20;18;16;30;00.04;01.09
2021-07;The Greens;The Greens;TRUE;305;3282;14,38;20;47;45;47;00.04;01.09
2021-08;The Greens;The Greens;TRUE;310;3338;14,13;20;119;51;17;00.04;01.09
2021-09;The Greens;The Greens;TRUE;327;3518;14,79;21;69;49;28;00.04;01.09
2021-10;The Greens;The Greens;TRUE;316;3398;14,83;21;108;30;28;00.04;01.09
2021-11;The Greens;The Greens;TRUE;331;3562;14,50;22;144;67;31;00.04;01.09
2021-12;The Greens;The Greens;TRUE;339;3645;15,67;22;162;34;37;00.04;01.09
2022-01;The Greens;The Greens;TRUE;366;3934;16,29;24;79;37;119;00.04;01.09
2022-02;The Greens;The Greens;TRUE;372;4001;16,63;24;36;27;112;00.04;01.09
2022-03;The Greens;The Greens;TRUE;376;4048;17,25;24;49;52;52;00.04;01.09
2022-04;The Greens;The Greens;TRUE;372;4005;17,38;24;28;13;99;01.04;02.09
2022-05;The Greens;The Greens;TRUE;378;4065;16,75;25;81;14;13;01.04;02.09
2022-06;The Greens;The Greens;TRUE;394;4242;17,46;26;70;64;84;01.04;02.09
2022-07;The Greens;The Greens;TRUE;398;4288;18,83;26;175;10;75;01.04;02.09
2022-08;The Greens;The Greens;TRUE;392;4222;17,58;25;174;6;80;01.04;02.09
2022-09;The Greens;The Greens;TRUE;388;4181;17,88;25;38;48;35;01.04;02.09
2022-10;The Greens;The Greens;TRUE;418;4503;18,88;27;104;26;103;04.04;05.09
2022-11;The Greens;The Greens;TRUE;426;4590;18,92;28;16;57;36;04.04;05.09
2022-12;The Greens;The Greens;TRUE;432;4652;20,63;28;24;34;41;04.04;05.09
2023-01;The Greens;The Greens;TRUE;452;4871;20,46;29;141;77;79;04.04;05.09
2023-02;The Greens;The Greens;TRUE;439;4723;20,29;29;114;79;116;04.04;05.09
2023-03;The Greens;The Greens;TRUE;428;4607;20,00;28;30;39;116;04.04;05.09
2023-04;The Greens;The Greens;TRUE;478;5150;22,29;31;153;67;111;04.04;05.09
2023-05;The Greens;The Greens;TRUE;479;5161;21,92;31;160;69;70;04.04;05.09
2023-06;The Greens;The Greens;TRUE;492;5299;22,71;32;150;74;25;04.04;05.09
2023-07;The Greens;The Greens;TRUE;497;5355;22,29;32;133;37;104;05.04;06.09
2023-08;The Greens;The Greens;TRUE;511;5504;24,25;33;70;45;67;05.04;06.09
2023-09;The Greens;The Greens;TRUE;504;5430;21,88;33;153;75;20;05.04;06.09
2023-10;The Greens;The Greens;TRUE;501;5391;22,75;33;82;64;28;05.04;06.09
2023-11;The Greens;The Greens;TRUE;489;5261;23,29;32;113;63;37;05.04;06.09
2023-12;The Greens;The Greens;TRUE;516;5553;23,92;34;49;25;54;05.04;06.09
2024-01;The Greens;The Greens;TRUE;513;5522;23,63;33;145;23;74;05.04;06.09
2024-02;The Greens;The Greens;TRUE;504;5429;23,42;33;156;30;14;05.04;06.09
2024-03;The Greens;The Greens;TRUE;515;5543;23,33;33;108;79;86;05.04;06.09
2024-04;The Greens;The Greens;TRUE;497;5348;23,25;32;28;42;77;05.04;06.09
2024-05;The Greens;The Greens;TRUE;489;5262;21,50;32;116;79;82;05.04;06.09
2024-06;The Greens;The Greens;TRUE;515;5544;23,63;33;68;45;92;05.04;06.09
2024-07;The Greens;The Greens;TRUE;502;5408;22,96;33;144;50;50;0,211805556;06.15
2024-08;The Greens;The Greens;TRUE;510;5490;23,54;33;78;34;100;0,211805556;06.15
2024-09;The Greens;The Greens;TRUE;494;5313;22,08;32;96;59;117;0,211805556;06.15
2024-10;The Greens;The Greens;TRUE;514;5533;22,38;33;114;68;13;0,211805556;06.15
2024-11;The Greens;The Greens;TRUE;502;5405;23,21;33;39;41;57;0,211805556;06.15
2024-12;The Greens;The Greens;TRUE;489;5266;23,29;32;104;76;57;0,211805556;06.15
2025-01;The Greens;The Greens;TRUE;478;5145;21,96;31;128;44;69;0,211805556;06.15
2025-02;The Greens;The Greens;TRUE;461;4959;21,25;30;74;60;96;0,211805556;06.15
2025-03;The Greens;The Greens;TRUE;484;5214;22,75;31;53;64;81;0,211805556;06.15
2025-04;The Greens;The Greens;TRUE;478;5141;21,92;31;118;52;14;0,211805556;06.15
2025-05;The Greens;The Greens;TRUE;502;5403;22,42;33;93;21;17;0,211805556;06.15
2025-06;The Greens;The Greens;TRUE;491;5286;22,63;32;152;54;20;0,211805556;06.15
2025-07;The Greens;The Greens;TRUE;486;5228;21,54;32;157;20;68;04.00;05.05
2025-08;The Greens;The Greens;TRUE;493;5309;22,50;32;171;58;89;04.00;05.05
2025-09;The Greens;The Greens;TRUE;491;5283;22,58;32;158;52;79;04.00;05.05
2025-10;The Greens;The Greens;TRUE;496;5338;23,58;32;24;20;21;04.00;05.05
2025-11;The Greens;The Greens;TRUE;512;5515;22,88;33;123;71;33;04.00;05.05
2025-12;The Greens;The Greens;TRUE;505;5436;23,38;33;66;72;81;04.00;05.05
2026-01;The Greens;The Greens;TRUE;504;5420;22,88;33;137;60;93;04.00;05.05
2026-02;The Greens;The Greens;TRUE;509;5484;22,83;33;131;27;113;04.00;05.05
2026-03;The Greens;The Greens;TRUE;529;5689;24,25;34;50;35;25;04.00;05.05
2026-04;The Greens;The Greens;TRUE;510;5490;23,08;33;138;57;13;04.00;05.05
2020-01;The Views;The Greens;TRUE;305;3286;14,04;20;43;48;90;01.05;03.00
2020-02;The Views;The Greens;TRUE;308;3316;13,83;20;66;19;52;01.05;03.00
2020-03;The Views;The Greens;TRUE;294;3169;13,50;19;64;11;117;01.05;03.00
2020-04;The Views;The Greens;TRUE;308;3317;14,63;20;76;68;30;00.04;01.09
2020-05;The Views;The Greens;TRUE;302;3254;14,21;20;47;34;102;00.04;01.09
2020-06;The Views;The Greens;TRUE;286;3080;12,88;19;123;38;85;00.04;01.09
2020-07;The Views;The Greens;TRUE;303;3257;14,50;20;15;41;104;00.04;01.09
2020-08;The Views;The Greens;TRUE;288;3100;13,00;19;162;73;92;00.04;01.09
2020-09;The Views;The Greens;TRUE;281;3027;12,38;18;65;60;110;00.04;01.09
2020-10;The Views;The Greens;TRUE;285;3066;12,96;19;46;54;100;00.04;01.09
2020-11;The Views;The Greens;TRUE;265;2856;12,67;17;126;41;56;00.04;01.09
2020-12;The Views;The Greens;TRUE;301;3240;13,71;20;38;38;76;00.04;01.09
2021-01;The Views;The Greens;TRUE;302;3247;13,83;20;99;38;61;00.04;01.09
2021-02;The Views;The Greens;TRUE;312;3356;13,88;20;86;14;19;00.04;01.09
2021-03;The Views;The Greens;TRUE;306;3294;14,33;20;150;75;91;00.04;01.09
2021-04;The Views;The Greens;TRUE;320;3441;14,46;21;147;31;72;00.04;01.09
2021-05;The Views;The Greens;TRUE;316;3404;14,17;21;128;6;55;00.04;01.09
2021-06;The Views;The Greens;TRUE;330;3553;15,50;21;162;70;12;00.04;01.09
2021-07;The Views;The Greens;TRUE;340;3663;15,50;22;42;52;107;00.04;01.09
2021-08;The Views;The Greens;TRUE;336;3620;15,13;22;179;56;71;00.04;01.09
2021-09;The Views;The Greens;TRUE;337;3629;16,29;22;118;17;46;00.04;01.09
2021-10;The Views;The Greens;TRUE;335;3608;15,00;22;57;34;51;00.04;01.09
2021-11;The Views;The Greens;TRUE;353;3803;15,29;23;159;49;77;00.04;01.09
2021-12;The Views;The Greens;TRUE;349;3758;15,92;23;80;60;84;00.04;01.09
2022-01;The Views;The Greens;TRUE;359;3862;16,58;23;176;56;17;00.04;01.09
2022-02;The Views;The Greens;TRUE;388;4180;17,58;25;127;68;107;00.04;01.09
2022-03;The Views;The Greens;TRUE;388;4174;17,54;25;98;57;119;00.04;01.09
2022-04;The Views;The Greens;TRUE;406;4372;18,50;26;36;8;110;01.04;02.09
2022-05;The Views;The Greens;TRUE;412;4437;18,75;27;93;73;29;01.04;02.09
2022-06;The Views;The Greens;TRUE;417;4484;18,63;27;149;69;31;01.04;02.09
2022-07;The Views;The Greens;TRUE;413;4448;19,25;27;28;19;83;01.04;02.09
2022-08;The Views;The Greens;TRUE;419;4512;18,67;27;113;58;75;01.04;02.09
2022-09;The Views;The Greens;TRUE;416;4475;18,00;27;70;9;92;01.04;02.09
2022-10;The Views;The Greens;TRUE;466;5011;21,88;30;48;7;98;04.04;05.09
2022-11;The Views;The Greens;TRUE;436;4693;19,29;28;54;71;99;04.04;05.09
2022-12;The Views;The Greens;TRUE;452;4870;20,04;29;177;37;98;04.04;05.09
2023-01;The Views;The Greens;TRUE;475;5108;22,25;31;172;36;26;04.04;05.09
2023-02;The Views;The Greens;TRUE;462;4972;20,54;30;161;11;107;04.04;05.09
2023-03;The Views;The Greens;TRUE;479;5156;21,71;31;107;34;116;04.04;05.09
2023-04;The Views;The Greens;TRUE;494;5313;21,79;32;74;36;71;04.04;05.09
2023-05;The Views;The Greens;TRUE;485;5217;21,38;32;65;47;37;04.04;05.09
2023-06;The Views;The Greens;TRUE;514;5537;23,04;33;151;70;26;04.04;05.09
2023-07;The Views;The Greens;TRUE;511;5496;23,00;33;178;67;27;05.04;06.09
2023-08;The Views;The Greens;TRUE;527;5672;24,50;34;113;27;26;05.04;06.09
2023-09;The Views;The Greens;TRUE;554;5961;25,92;36;133;43;81;05.04;06.09
2023-10;The Views;The Greens;TRUE;556;5988;26,42;36;78;59;104;05.04;06.09
2023-11;The Views;The Greens;TRUE;527;5676;24,08;34;62;22;38;05.04;06.09
2023-12;The Views;The Greens;TRUE;535;5760;24,33;35;163;25;83;05.04;06.09
2024-01;The Views;The Greens;TRUE;536;5772;24,75;35;92;42;38;05.04;06.09
2024-02;The Views;The Greens;TRUE;543;5842;24,42;35;162;27;67;05.04;06.09
2024-03;The Views;The Greens;TRUE;519;5585;23,71;34;153;22;10;05.04;06.09
2024-04;The Views;The Greens;TRUE;527;5668;24,96;34;165;5;70;05.04;06.09
2024-05;The Views;The Greens;TRUE;530;5709;23,42;34;63;50;12;05.04;06.09
2024-06;The Views;The Greens;TRUE;539;5805;24,25;35;118;9;24;05.04;06.09
2024-07;The Views;The Greens;TRUE;532;5721;24,46;35;163;23;43;0,211805556;06.15
2024-08;The Views;The Greens;TRUE;532;5722;24,21;35;65;25;79;0,211805556;06.15
2024-09;The Views;The Greens;TRUE;527;5668;23,25;34;65;37;101;0,211805556;06.15
2024-10;The Views;The Greens;TRUE;545;5863;24,79;35;45;14;32;0,211805556;06.15
2024-11;The Views;The Greens;TRUE;534;5749;24,29;35;140;17;86;0,211805556;06.15
2024-12;The Views;The Greens;TRUE;528;5684;24,25;34;175;38;88;0,211805556;06.15
2025-01;The Views;The Greens;TRUE;509;5477;23,54;33;95;41;10;0,211805556;06.15
2025-02;The Views;The Greens;TRUE;515;5548;23,46;34;178;40;93;0,211805556;06.15
2025-03;The Views;The Greens;TRUE;513;5526;23,58;33;20;14;102;0,211805556;06.15
2025-04;The Views;The Greens;TRUE;516;5550;24,96;34;25;73;34;0,211805556;06.15
2025-05;The Views;The Greens;TRUE;513;5525;23,04;33;154;53;33;0,211805556;06.15
2025-06;The Views;The Greens;TRUE;526;5665;23,00;34;172;72;17;0,211805556;06.15
2025-07;The Views;The Greens;TRUE;506;5442;23,33;33;151;23;87;04.00;05.05
2025-08;The Views;The Greens;TRUE;520;5594;23,21;34;87;38;113;04.00;05.05
2025-09;The Views;The Greens;TRUE;515;5548;24,29;34;111;41;22;04.00;05.05
2025-10;The Views;The Greens;TRUE;530;5705;24,00;34;127;58;56;04.00;05.05
2025-11;The Views;The Greens;TRUE;506;5447;23,21;33;152;55;53;04.00;05.05
2025-12;The Views;The Greens;TRUE;539;5798;25,96;35;120;49;118;04.00;05.05
2026-01;The Views;The Greens;TRUE;527;5669;24,21;34;147;38;14;04.00;05.05
2026-02;The Views;The Greens;TRUE;524;5638;24,92;34;98;51;29;04.00;05.05
2026-03;The Views;The Greens;TRUE;517;5568;24,08;34;123;6;79;04.00;05.05
2026-04;The Views;The Greens;TRUE;530;5709;24,33;34;110;67;92;04.00;05.05
2020-01;International City;International City;TRUE;112;1206;5,17;7;43;11;27;01.05;03.00
2020-02;International City;International City;TRUE;106;1137;4,83;7;96;73;110;01.05;03.00
2020-03;International City;International City;TRUE;109;1168;4,96;7;48;62;91;01.05;03.00
2020-04;International City;International City;TRUE;104;1120;4,88;7;122;53;76;00.04;01.09
2020-05;International City;International City;TRUE;106;1142;4,71;7;150;77;67;00.04;01.09
2020-06;International City;International City;TRUE;105;1131;4,92;7;52;35;69;00.04;01.09
2020-07;International City;International City;TRUE;109;1176;4,88;7;55;39;71;00.04;01.09
2020-08;International City;International City;TRUE;104;1117;4,88;7;153;41;31;00.04;01.09
2020-09;International City;International City;TRUE;100;1079;4,58;7;124;19;62;00.04;01.09
2020-10;International City;International City;TRUE;103;1109;4,79;7;176;61;101;00.04;01.09
2020-11;International City;International City;TRUE;102;1093;4,58;7;175;38;84;00.04;01.09
2020-12;International City;International City;TRUE;107;1152;4,79;7;54;5;16;00.04;01.09
2021-01;International City;International City;TRUE;103;1106;4,46;7;82;13;73;00.04;01.09
2021-02;International City;International City;TRUE;103;1110;4,67;7;73;31;118;00.04;01.09
2021-03;International City;International City;TRUE;109;1171;4,92;7;97;71;21;00.04;01.09
2021-04;International City;International City;TRUE;113;1216;5,25;7;50;45;17;00.04;01.09
2021-05;International City;International City;TRUE;108;1159;4,75;7;56;5;104;00.04;01.09
2021-06;International City;International City;TRUE;118;1275;5,38;8;135;35;115;00.04;01.09
2021-07;International City;International City;TRUE;120;1290;5,46;8;179;12;35;00.04;01.09
2021-08;International City;International City;TRUE;120;1287;5,38;8;89;61;71;00.04;01.09
2021-09;International City;International City;TRUE;121;1304;5,58;8;116;30;106;00.04;01.09
2021-10;International City;International City;TRUE;121;1306;5,54;8;161;55;29;00.04;01.09
2021-11;International City;International City;TRUE;125;1349;5,75;8;144;39;41;00.04;01.09
2021-12;International City;International City;TRUE;127;1365;5,96;8;74;21;25;00.04;01.09
2022-01;International City;International City;TRUE;140;1504;6,33;9;66;58;46;00.04;01.09
2022-02;International City;International City;TRUE;139;1492;6,58;9;78;45;37;00.04;01.09
2022-03;International City;International City;TRUE;136;1463;6,25;9;73;74;44;00.04;01.09
2022-04;International City;International City;TRUE;144;1551;6,75;9;26;16;61;01.04;02.09
2022-05;International City;International City;TRUE;145;1562;6,63;9;60;42;38;01.04;02.09
2022-06;International City;International City;TRUE;147;1587;6,79;10;56;10;64;01.04;02.09
2022-07;International City;International City;TRUE;154;1660;7,21;10;174;67;46;01.04;02.09
2022-08;International City;International City;TRUE;154;1653;6,96;10;67;73;66;01.04;02.09
2022-09;International City;International City;TRUE;160;1726;7,13;10;53;72;111;01.04;02.09
2022-10;International City;International City;TRUE;156;1681;6,88;10;157;75;18;04.04;05.09
2022-11;International City;International City;TRUE;167;1793;7,71;11;86;23;29;04.04;05.09
2022-12;International City;International City;TRUE;168;1810;7,75;11;141;25;26;04.04;05.09
2023-01;International City;International City;TRUE;169;1817;7,83;11;56;8;91;04.04;05.09
2023-02;International City;International City;TRUE;177;1901;7,96;11;19;48;64;04.04;05.09
2023-03;International City;International City;TRUE;172;1850;7,75;11;67;6;12;04.04;05.09
2023-04;International City;International City;TRUE;170;1831;8,00;11;47;32;31;04.04;05.09
2023-05;International City;International City;TRUE;175;1884;8,00;11;65;69;103;04.04;05.09
2023-06;International City;International City;TRUE;179;1930;8,29;12;97;57;90;04.04;05.09
2023-07;International City;International City;TRUE;186;2007;8,50;12;73;76;11;05.04;06.09
2023-08;International City;International City;TRUE;187;2010;8,83;12;120;19;75;05.04;06.09
2023-09;International City;International City;TRUE;182;1955;8,13;12;51;21;61;05.04;06.09
2023-10;International City;International City;TRUE;190;2049;8,46;12;68;11;50;05.04;06.09
2023-11;International City;International City;TRUE;195;2100;8,83;13;44;72;51;05.04;06.09
2023-12;International City;International City;TRUE;194;2089;9,25;13;95;17;52;05.04;06.09
2024-01;International City;International City;TRUE;195;2104;8,79;13;92;50;13;05.04;06.09
2024-02;International City;International City;TRUE;185;1990;8,46;12;24;73;73;05.04;06.09
2024-03;International City;International City;TRUE;194;2085;8,88;13;59;79;29;05.04;06.09
2024-04;International City;International City;TRUE;186;2007;8,08;12;117;28;107;05.04;06.09
2024-05;International City;International City;TRUE;183;1974;8,79;12;144;58;91;05.04;06.09
2024-06;International City;International City;TRUE;188;2019;8,79;12;51;78;56;05.04;06.09
2024-07;International City;International City;TRUE;184;1984;8,63;12;141;38;60;0,211805556;06.15
2024-08;International City;International City;TRUE;196;2106;8,63;13;118;19;70;0,211805556;06.15
2024-09;International City;International City;TRUE;189;2030;8,54;12;90;51;84;0,211805556;06.15
2024-10;International City;International City;TRUE;191;2051;8,42;12;147;8;58;0,211805556;06.15
2024-11;International City;International City;TRUE;177;1902;8,25;11;65;8;17;0,211805556;06.15
2024-12;International City;International City;TRUE;181;1948;8,29;12;146;69;80;0,211805556;06.15
2025-01;International City;International City;TRUE;193;2078;8,71;13;80;51;10;0,211805556;06.15
2025-02;International City;International City;TRUE;194;2087;9,13;13;78;70;65;0,211805556;06.15
2025-03;International City;International City;TRUE;184;1986;8,50;12;139;74;17;0,211805556;06.15
2025-04;International City;International City;TRUE;192;2067;8,75;12;79;15;113;0,211805556;06.15
2025-05;International City;International City;TRUE;174;1874;8,17;11;156;32;42;0,211805556;06.15
2025-06;International City;International City;TRUE;184;1977;8,67;12;156;66;110;0,211805556;06.15
2025-07;International City;International City;TRUE;178;1919;7,88;12;100;51;76;04.00;05.05
2025-08;International City;International City;TRUE;186;2007;8,83;12;108;7;14;04.00;05.05
2025-09;International City;International City;TRUE;183;1966;8,50;12;120;54;94;04.00;05.05
2025-10;International City;International City;TRUE;186;2002;8,58;12;87;71;35;04.00;05.05
2025-11;International City;International City;TRUE;181;1954;8,50;12;57;22;40;04.00;05.05
2025-12;International City;International City;TRUE;177;1902;7,92;11;87;44;71;04.00;05.05
2026-01;International City;International City;TRUE;187;2012;8,63;12;150;44;88;04.00;05.05
2026-02;International City;International City;TRUE;193;2076;8,79;13;143;39;110;04.00;05.05
2026-03;International City;International City;TRUE;195;2104;9,21;13;172;59;88;04.00;05.05
2026-04;International City;International City;TRUE;185;1991;8,33;12;91;57;10;04.00;05.05
2020-01;Remraam;Dubailand;TRUE;129;1393;5,75;8;66;66;13;01.05;03.00
2020-02;Remraam;Dubailand;TRUE;133;1429;6,08;9;109;44;64;01.05;03.00
2020-03;Remraam;Dubailand;TRUE;134;1445;6,25;9;18;23;27;01.05;03.00
2020-04;Remraam;Dubailand;TRUE;132;1418;5,79;9;101;8;39;00.04;01.09
2020-05;Remraam;Dubailand;TRUE;131;1408;6,17;9;38;61;70;00.04;01.09
2020-06;Remraam;Dubailand;TRUE;128;1379;5,79;8;18;45;25;00.04;01.09
2020-07;Remraam;Dubailand;TRUE;129;1384;5,71;8;66;21;38;00.04;01.09
2020-08;Remraam;Dubailand;TRUE;126;1352;5,67;8;124;44;76;00.04;01.09
2020-09;Remraam;Dubailand;TRUE;117;1264;5,54;8;161;32;76;00.04;01.09
2020-10;Remraam;Dubailand;TRUE;128;1380;5,96;8;19;66;115;00.04;01.09
2020-11;Remraam;Dubailand;TRUE;125;1347;5,71;8;115;13;67;00.04;01.09
2020-12;Remraam;Dubailand;TRUE;131;1408;5,92;9;68;16;99;00.04;01.09
2021-01;Remraam;Dubailand;TRUE;137;1473;6,29;9;87;27;16;00.04;01.09
2021-02;Remraam;Dubailand;TRUE;130;1404;5,96;8;40;39;72;00.04;01.09
2021-03;Remraam;Dubailand;TRUE;134;1446;6,50;9;65;32;78;00.04;01.09
2021-04;Remraam;Dubailand;TRUE;134;1441;5,92;9;61;9;99;00.04;01.09
2021-05;Remraam;Dubailand;TRUE;139;1497;6,29;9;78;5;80;00.04;01.09
2021-06;Remraam;Dubailand;TRUE;149;1602;6,75;10;91;20;98;00.04;01.09
2021-07;Remraam;Dubailand;TRUE;145;1563;6,79;9;132;56;114;00.04;01.09
2021-08;Remraam;Dubailand;TRUE;150;1613;6,75;10;117;77;67;00.04;01.09
2021-09;Remraam;Dubailand;TRUE;155;1670;7,00;10;118;40;34;00.04;01.09
2021-10;Remraam;Dubailand;TRUE;146;1576;6,83;10;87;15;39;00.04;01.09
2021-11;Remraam;Dubailand;TRUE;161;1730;7,38;10;18;38;74;00.04;01.09
2021-12;Remraam;Dubailand;TRUE;165;1777;7,42;11;75;64;104;00.04;01.09
2022-01;Remraam;Dubailand;TRUE;168;1808;7,58;11;85;10;29;00.04;01.09
2022-02;Remraam;Dubailand;TRUE;172;1846;7,67;11;42;38;115;00.04;01.09
2022-03;Remraam;Dubailand;TRUE;178;1919;7,96;12;46;48;100;00.04;01.09
2022-04;Remraam;Dubailand;TRUE;185;1987;8,25;12;75;26;32;01.04;02.09
2022-05;Remraam;Dubailand;TRUE;177;1901;8,17;11;105;15;30;01.04;02.09
2022-06;Remraam;Dubailand;TRUE;194;2090;9,00;13;153;79;45;01.04;02.09
2022-07;Remraam;Dubailand;TRUE;188;2027;8,54;12;105;62;18;01.04;02.09
2022-08;Remraam;Dubailand;TRUE;186;2001;8,50;12;141;28;34;01.04;02.09
2022-09;Remraam;Dubailand;TRUE;191;2058;8,33;12;114;51;42;01.04;02.09
2022-10;Remraam;Dubailand;TRUE;203;2189;8,96;13;139;35;59;04.04;05.09
2022-11;Remraam;Dubailand;TRUE;198;2130;8,75;13;132;17;88;04.04;05.09
2022-12;Remraam;Dubailand;TRUE;210;2261;9,88;14;124;75;82;04.04;05.09
2023-01;Remraam;Dubailand;TRUE;208;2242;9,17;14;134;58;57;04.04;05.09
2023-02;Remraam;Dubailand;TRUE;204;2195;9,50;13;98;6;26;04.04;05.09
2023-03;Remraam;Dubailand;TRUE;216;2329;9,75;14;32;14;110;04.04;05.09
2023-04;Remraam;Dubailand;TRUE;228;2451;10,21;15;126;40;82;04.04;05.09
2023-05;Remraam;Dubailand;TRUE;229;2467;10,54;15;84;65;47;04.04;05.09
2023-06;Remraam;Dubailand;TRUE;243;2621;11,50;16;153;76;24;04.04;05.09
2023-07;Remraam;Dubailand;TRUE;234;2517;10,71;15;161;71;105;05.04;06.09
2023-08;Remraam;Dubailand;TRUE;224;2415;10,58;15;33;27;115;05.04;06.09
2023-09;Remraam;Dubailand;TRUE;239;2570;10,83;16;65;36;112;05.04;06.09
2023-10;Remraam;Dubailand;TRUE;256;2751;11,38;17;90;51;15;05.04;06.09
2023-11;Remraam;Dubailand;TRUE;240;2582;10,79;16;173;16;108;05.04;06.09
2023-12;Remraam;Dubailand;TRUE;240;2581;10,92;16;74;53;95;05.04;06.09
2024-01;Remraam;Dubailand;TRUE;246;2649;11,58;16;109;38;118;05.04;06.09
2024-02;Remraam;Dubailand;TRUE;246;2652;11,46;16;21;8;98;05.04;06.09
2024-03;Remraam;Dubailand;TRUE;240;2587;10,71;16;27;62;56;05.04;06.09
2024-04;Remraam;Dubailand;TRUE;246;2653;11,38;16;117;51;113;05.04;06.09
2024-05;Remraam;Dubailand;TRUE;232;2501;10,46;15;116;36;43;05.04;06.09
2024-06;Remraam;Dubailand;TRUE;241;2596;11,33;16;42;54;20;05.04;06.09
2024-07;Remraam;Dubailand;TRUE;235;2535;10,67;15;39;45;74;0,211805556;06.15
2024-08;Remraam;Dubailand;TRUE;231;2484;10,33;15;161;6;79;0,211805556;06.15
2024-09;Remraam;Dubailand;TRUE;248;2668;11,17;16;20;55;27;0,211805556;06.15
2024-10;Remraam;Dubailand;TRUE;232;2497;10,38;15;155;78;24;0,211805556;06.15
2024-11;Remraam;Dubailand;TRUE;234;2521;11,00;15;107;47;72;0,211805556;06.15
2024-12;Remraam;Dubailand;TRUE;246;2653;11,88;16;135;44;73;0,211805556;06.15
2025-01;Remraam;Dubailand;TRUE;233;2511;10,46;15;48;52;67;0,211805556;06.15
2025-02;Remraam;Dubailand;TRUE;232;2496;10,63;15;169;48;111;0,211805556;06.15
2025-03;Remraam;Dubailand;TRUE;230;2478;10,17;15;173;66;19;0,211805556;06.15
2025-04;Remraam;Dubailand;TRUE;229;2463;10,42;15;21;38;60;0,211805556;06.15
2025-05;Remraam;Dubailand;TRUE;237;2555;11,04;15;106;21;58;0,211805556;06.15
2025-06;Remraam;Dubailand;TRUE;224;2407;10,58;15;35;72;37;0,211805556;06.15
2025-07;Remraam;Dubailand;TRUE;246;2643;11,58;16;37;63;57;04.00;05.05
2025-08;Remraam;Dubailand;TRUE;232;2501;10,21;15;47;11;101;04.00;05.05
2025-09;Remraam;Dubailand;TRUE;237;2547;11,50;15;170;55;56;04.00;05.05
2025-10;Remraam;Dubailand;TRUE;231;2484;10,79;15;43;24;26;04.00;05.05
2025-11;Remraam;Dubailand;TRUE;245;2638;11,33;16;52;36;106;04.00;05.05
2025-12;Remraam;Dubailand;TRUE;229;2469;9,92;15;112;40;77;04.00;05.05
2026-01;Remraam;Dubailand;TRUE;228;2450;10,42;15;57;33;112;04.00;05.05
2026-02;Remraam;Dubailand;TRUE;229;2464;10,50;15;134;23;21;04.00;05.05
2026-03;Remraam;Dubailand;TRUE;227;2443;10,13;15;51;77;96;04.00;05.05
2026-04;Remraam;Dubailand;TRUE;242;2600;11,21;16;63;7;91;04.00;05.05
2020-01;Liwan;Dubailand;TRUE;161;1732;7,29;10;85;61;15;01.05;03.00
2020-02;Liwan;Dubailand;TRUE;159;1707;7,38;10;33;56;116;01.05;03.00
2020-03;Liwan;Dubailand;TRUE;164;1768;7,54;11;52;67;94;01.05;03.00
2020-04;Liwan;Dubailand;TRUE;164;1768;7,63;11;119;68;81;00.04;01.09
2020-05;Liwan;Dubailand;TRUE;156;1684;7,21;10;126;41;70;00.04;01.09
2020-06;Liwan;Dubailand;TRUE;157;1692;7,21;10;17;53;77;00.04;01.09
2020-07;Liwan;Dubailand;TRUE;151;1626;6,50;10;167;58;105;00.04;01.09
2020-08;Liwan;Dubailand;TRUE;157;1691;7,29;10;147;62;104;00.04;01.09
2020-09;Liwan;Dubailand;TRUE;146;1567;6,54;9;178;66;84;00.04;01.09
2020-10;Liwan;Dubailand;TRUE;156;1674;7,29;10;152;61;22;00.04;01.09
2020-11;Liwan;Dubailand;TRUE;155;1664;7,04;10;103;23;59;00.04;01.09
2020-12;Liwan;Dubailand;TRUE;151;1629;7,08;10;83;76;75;00.04;01.09
2021-01;Liwan;Dubailand;TRUE;166;1785;7,38;11;122;8;71;00.04;01.09
2021-02;Liwan;Dubailand;TRUE;165;1781;7,58;11;100;23;92;00.04;01.09
2021-03;Liwan;Dubailand;TRUE;163;1757;7,21;11;109;15;82;00.04;01.09
2021-04;Liwan;Dubailand;TRUE;159;1712;7,33;10;32;32;87;00.04;01.09
2021-05;Liwan;Dubailand;TRUE;170;1831;7,58;11;82;32;45;00.04;01.09
2021-06;Liwan;Dubailand;TRUE;168;1805;7,79;11;125;44;22;00.04;01.09
2021-07;Liwan;Dubailand;TRUE;177;1900;8,13;11;134;59;90;00.04;01.09
2021-08;Liwan;Dubailand;TRUE;175;1883;8,13;11;68;24;28;00.04;01.09
2021-09;Liwan;Dubailand;TRUE;186;2005;8,67;12;16;58;48;00.04;01.09
2021-10;Liwan;Dubailand;TRUE;180;1942;8,25;12;179;77;40;00.04;01.09
2021-11;Liwan;Dubailand;TRUE;193;2073;8,25;13;43;21;105;00.04;01.09
2021-12;Liwan;Dubailand;TRUE;198;2133;8,83;13;89;57;104;00.04;01.09
2022-01;Liwan;Dubailand;TRUE;199;2144;9,46;13;43;26;83;00.04;01.09
2022-02;Liwan;Dubailand;TRUE;205;2204;8,96;13;160;75;62;00.04;01.09
2022-03;Liwan;Dubailand;TRUE;211;2276;9,79;14;23;8;100;00.04;01.09
2022-04;Liwan;Dubailand;TRUE;220;2371;9,92;14;113;6;14;01.04;02.09
2022-05;Liwan;Dubailand;TRUE;224;2410;10,21;15;157;13;27;01.04;02.09
2022-06;Liwan;Dubailand;TRUE;221;2374;10,00;14;170;22;25;01.04;02.09
2022-07;Liwan;Dubailand;TRUE;232;2498;10,75;15;77;44;65;01.04;02.09
2022-08;Liwan;Dubailand;TRUE;229;2470;10,71;15;89;54;50;01.04;02.09
2022-09;Liwan;Dubailand;TRUE;237;2556;10,92;15;18;54;110;01.04;02.09
2022-10;Liwan;Dubailand;TRUE;227;2444;10,42;15;118;23;109;04.04;05.09
2022-11;Liwan;Dubailand;TRUE;243;2614;11,54;16;144;9;51;04.04;05.09
2022-12;Liwan;Dubailand;TRUE;251;2707;11,75;16;95;53;17;04.04;05.09
2023-01;Liwan;Dubailand;TRUE;255;2750;12,08;17;155;31;71;04.04;05.09
2023-02;Liwan;Dubailand;TRUE;258;2782;11,50;17;175;63;59;04.04;05.09
2023-03;Liwan;Dubailand;TRUE;262;2817;11,88;17;112;33;14;04.04;05.09
2023-04;Liwan;Dubailand;TRUE;264;2837;11,58;17;175;21;87;04.04;05.09
2023-05;Liwan;Dubailand;TRUE;276;2973;12,00;18;153;74;71;04.04;05.09
2023-06;Liwan;Dubailand;TRUE;262;2816;11,83;17;84;70;29;04.04;05.09
2023-07;Liwan;Dubailand;TRUE;280;3012;12,75;18;90;15;30;05.04;06.09
2023-08;Liwan;Dubailand;TRUE;281;3030;12,67;18;72;15;29;05.04;06.09
2023-09;Liwan;Dubailand;TRUE;294;3168;13,17;19;15;77;56;05.04;06.09
2023-10;Liwan;Dubailand;TRUE;294;3164;13,54;19;174;39;66;05.04;06.09
2023-11;Liwan;Dubailand;TRUE;286;3084;13,54;19;52;42;43;05.04;06.09
2023-12;Liwan;Dubailand;TRUE;308;3316;14,33;20;55;78;41;05.04;06.09
2024-01;Liwan;Dubailand;TRUE;282;3031;12,79;18;76;66;61;05.04;06.09
2024-02;Liwan;Dubailand;TRUE;286;3083;12,83;19;141;30;94;05.04;06.09
2024-03;Liwan;Dubailand;TRUE;302;3248;13,42;20;103;46;63;05.04;06.09
2024-04;Liwan;Dubailand;TRUE;277;2981;12,58;18;166;32;85;05.04;06.09
2024-05;Liwan;Dubailand;TRUE;275;2957;12,83;18;116;75;24;05.04;06.09
2024-06;Liwan;Dubailand;TRUE;283;3047;13,17;18;30;7;70;05.04;06.09
2024-07;Liwan;Dubailand;TRUE;282;3039;12,63;18;42;7;50;0,211805556;06.15
2024-08;Liwan;Dubailand;TRUE;296;3186;13,71;19;45;50;85;0,211805556;06.15
2024-09;Liwan;Dubailand;TRUE;285;3068;12,71;19;171;52;113;0,211805556;06.15
2024-10;Liwan;Dubailand;TRUE;300;3227;13,21;19;105;57;86;0,211805556;06.15
2024-11;Liwan;Dubailand;TRUE;290;3122;13,54;19;49;71;107;0,211805556;06.15
2024-12;Liwan;Dubailand;TRUE;298;3209;13,92;19;59;79;70;0,211805556;06.15
2025-01;Liwan;Dubailand;TRUE;277;2980;12,17;18;65;32;18;0,211805556;06.15
2025-02;Liwan;Dubailand;TRUE;273;2934;12,58;18;23;9;22;0,211805556;06.15
2025-03;Liwan;Dubailand;TRUE;271;2919;12,25;18;40;49;110;0,211805556;06.15
2025-04;Liwan;Dubailand;TRUE;292;3148;13,25;19;156;6;35;0,211805556;06.15
2025-05;Liwan;Dubailand;TRUE;284;3054;12,96;18;15;24;103;0,211805556;06.15
2025-06;Liwan;Dubailand;TRUE;281;3019;12,58;18;29;40;27;0,211805556;06.15
2025-07;Liwan;Dubailand;TRUE;285;3072;13,42;19;57;34;77;04.00;05.05
2025-08;Liwan;Dubailand;TRUE;275;2964;12,79;18;118;47;86;04.00;05.05
2025-09;Liwan;Dubailand;TRUE;282;3039;13,13;18;71;61;26;04.00;05.05
2025-10;Liwan;Dubailand;TRUE;281;3029;13,29;18;86;69;11;04.00;05.05
2025-11;Liwan;Dubailand;TRUE;293;3156;13,58;19;103;63;94;04.00;05.05
2025-12;Liwan;Dubailand;TRUE;289;3110;13,33;19;71;64;25;04.00;05.05
2026-01;Liwan;Dubailand;TRUE;272;2923;12,17;18;17;15;14;04.00;05.05
2026-02;Liwan;Dubailand;TRUE;277;2985;12,63;18;83;39;30;04.00;05.05
2026-03;Liwan;Dubailand;TRUE;280;3017;13,21;18;112;66;42;04.00;05.05
2026-04;Liwan;Dubailand;TRUE;279;3007;12,42;18;76;79;116;04.00;05.05
2020-01;Majan;Dubailand;TRUE;165;1781;7,71;11;25;18;75;01.05;03.00
2020-02;Majan;Dubailand;TRUE;170;1826;7,92;11;127;67;71;01.05;03.00
2020-03;Majan;Dubailand;TRUE;171;1840;7,83;11;87;7;61;01.05;03.00
2020-04;Majan;Dubailand;TRUE;163;1758;7,33;11;132;59;68;00.04;01.09
2020-05;Majan;Dubailand;TRUE;171;1844;7,83;11;73;33;24;00.04;01.09
2020-06;Majan;Dubailand;TRUE;167;1797;7,67;11;49;20;104;00.04;01.09
2020-07;Majan;Dubailand;TRUE;163;1758;7,92;11;29;17;71;00.04;01.09
2020-08;Majan;Dubailand;TRUE;167;1795;7,75;11;65;25;66;00.04;01.09
2020-09;Majan;Dubailand;TRUE;157;1694;7,33;10;84;79;102;00.04;01.09
2020-10;Majan;Dubailand;TRUE;149;1607;6,67;10;157;38;96;00.04;01.09
2020-11;Majan;Dubailand;TRUE;153;1651;6,92;10;20;64;71;00.04;01.09
2020-12;Majan;Dubailand;TRUE;162;1739;7,38;11;49;49;62;00.04;01.09
2021-01;Majan;Dubailand;TRUE;165;1775;7,58;11;45;12;103;00.04;01.09
2021-02;Majan;Dubailand;TRUE;165;1779;7,67;11;53;27;19;00.04;01.09
2021-03;Majan;Dubailand;TRUE;173;1859;7,88;11;56;8;78;00.04;01.09
2021-04;Majan;Dubailand;TRUE;164;1762;7,54;11;36;76;94;00.04;01.09
2021-05;Majan;Dubailand;TRUE;175;1883;7,96;11;88;35;46;00.04;01.09
2021-06;Majan;Dubailand;TRUE;175;1885;8,13;11;32;27;106;00.04;01.09
2021-07;Majan;Dubailand;TRUE;187;2015;8,54;12;83;72;92;00.04;01.09
2021-08;Majan;Dubailand;TRUE;191;2055;9,08;12;44;15;94;00.04;01.09
2021-09;Majan;Dubailand;TRUE;192;2070;8,75;12;171;54;36;00.04;01.09
2021-10;Majan;Dubailand;TRUE;188;2020;8,79;12;91;14;23;00.04;01.09
2021-11;Majan;Dubailand;TRUE;199;2138;9,04;13;161;10;29;00.04;01.09
2021-12;Majan;Dubailand;TRUE;196;2105;8,96;13;167;77;86;00.04;01.09
2022-01;Majan;Dubailand;TRUE;212;2282;9,67;14;162;43;108;00.04;01.09
2022-02;Majan;Dubailand;TRUE;210;2262;9,50;14;153;53;118;00.04;01.09
2022-03;Majan;Dubailand;TRUE;221;2379;10,08;14;100;60;23;00.04;01.09
2022-04;Majan;Dubailand;TRUE;232;2496;10,88;15;141;59;78;01.04;02.09
2022-05;Majan;Dubailand;TRUE;223;2397;10,58;14;42;69;18;01.04;02.09
2022-06;Majan;Dubailand;TRUE;238;2559;11,17;15;29;31;26;01.04;02.09
2022-07;Majan;Dubailand;TRUE;232;2500;10,58;15;65;56;61;01.04;02.09
2022-08;Majan;Dubailand;TRUE;241;2594;11,54;16;152;72;113;01.04;02.09
2022-09;Majan;Dubailand;TRUE;236;2545;10,92;15;62;68;34;01.04;02.09
2022-10;Majan;Dubailand;TRUE;258;2775;12,04;17;98;27;106;04.04;05.09
2022-11;Majan;Dubailand;TRUE;255;2741;11,25;17;149;65;88;04.04;05.09
2022-12;Majan;Dubailand;TRUE;256;2752;11,71;17;65;23;114;04.04;05.09
2023-01;Majan;Dubailand;TRUE;265;2848;12,33;17;173;19;26;04.04;05.09
2023-02;Majan;Dubailand;TRUE;275;2964;12,54;18;33;5;25;04.04;05.09
2023-03;Majan;Dubailand;TRUE;268;2884;12,08;17;177;27;60;04.04;05.09
2023-04;Majan;Dubailand;TRUE;269;2891;12,79;17;66;62;87;04.04;05.09
2023-05;Majan;Dubailand;TRUE;271;2917;12,13;18;115;17;21;04.04;05.09
2023-06;Majan;Dubailand;TRUE;287;3090;13,58;19;56;21;94;04.04;05.09
2023-07;Majan;Dubailand;TRUE;291;3137;13,88;19;144;43;98;05.04;06.09
2023-08;Majan;Dubailand;TRUE;299;3223;13,79;19;79;36;52;05.04;06.09
2023-09;Majan;Dubailand;TRUE;304;3277;13,67;20;110;46;88;05.04;06.09
2023-10;Majan;Dubailand;TRUE;296;3189;13,71;19;51;32;49;05.04;06.09
2023-11;Majan;Dubailand;TRUE;304;3271;13,46;20;55;69;108;05.04;06.09
2023-12;Majan;Dubailand;TRUE;285;3072;13,54;19;160;69;66;05.04;06.09
2024-01;Majan;Dubailand;TRUE;298;3204;13,46;19;78;48;115;05.04;06.09
2024-02;Majan;Dubailand;TRUE;289;3109;13,63;19;93;27;84;05.04;06.09
2024-03;Majan;Dubailand;TRUE;301;3242;14,00;20;90;5;13;05.04;06.09
2024-04;Majan;Dubailand;TRUE;300;3233;13,79;20;60;68;95;05.04;06.09
2024-05;Majan;Dubailand;TRUE;299;3220;13,54;19;53;67;46;05.04;06.09
2024-06;Majan;Dubailand;TRUE;303;3264;13,96;20;18;41;101;05.04;06.09
2024-07;Majan;Dubailand;TRUE;293;3150;13,67;19;132;31;48;0,211805556;06.15
2024-08;Majan;Dubailand;TRUE;298;3205;13,29;19;160;71;115;0,211805556;06.15
2024-09;Majan;Dubailand;TRUE;287;3091;13,00;19;38;34;71;0,211805556;06.15
2024-10;Majan;Dubailand;TRUE;300;3230;13,92;20;99;79;114;0,211805556;06.15
2024-11;Majan;Dubailand;TRUE;296;3181;13,38;19;130;79;80;0,211805556;06.15
2024-12;Majan;Dubailand;TRUE;294;3160;13,63;19;104;16;53;0,211805556;06.15
2025-01;Majan;Dubailand;TRUE;302;3248;13,79;20;62;25;83;0,211805556;06.15
2025-02;Majan;Dubailand;TRUE;289;3111;13,38;19;170;66;88;0,211805556;06.15
2025-03;Majan;Dubailand;TRUE;297;3201;13,63;19;69;18;59;0,211805556;06.15
2025-04;Majan;Dubailand;TRUE;297;3197;13,04;19;153;49;35;0,211805556;06.15
2025-05;Majan;Dubailand;TRUE;287;3084;13,33;19;178;10;57;0,211805556;06.15
2025-06;Majan;Dubailand;TRUE;284;3054;12,50;18;118;54;55;0,211805556;06.15
2025-07;Majan;Dubailand;TRUE;290;3121;13,00;19;58;32;94;04.00;05.05
2025-08;Majan;Dubailand;TRUE;291;3131;13,38;19;46;35;37;04.00;05.05
2025-09;Majan;Dubailand;TRUE;290;3126;13,21;19;28;14;99;04.00;05.05
2025-10;Majan;Dubailand;TRUE;285;3069;13,33;19;62;17;21;04.00;05.05
2025-11;Majan;Dubailand;TRUE;303;3266;13,63;20;150;13;22;04.00;05.05
2025-12;Majan;Dubailand;TRUE;301;3241;14,08;20;95;61;22;04.00;05.05
2026-01;Majan;Dubailand;TRUE;293;3156;13,50;19;156;16;91;04.00;05.05
2026-02;Majan;Dubailand;TRUE;291;3127;12,88;19;114;62;84;04.00;05.05
2026-03;Majan;Dubailand;TRUE;297;3197;13,50;19;147;56;47;04.00;05.05
2026-04;Majan;Dubailand;TRUE;305;3284;13,67;20;95;75;27;04.00;05.05
2020-01;Al Warqa;Al Warqa;FALSE;191;2052;;12;86;0;81;01.05;03.00
2020-02;Al Warqa;Al Warqa;FALSE;192;2070;;12;38;0;71;01.05;03.00
2020-03;Al Warqa;Al Warqa;FALSE;195;2097;;13;67;0;64;01.05;03.00
2020-04;Al Warqa;Al Warqa;FALSE;195;2099;;13;63;0;94;00.04;01.09
2020-05;Al Warqa;Al Warqa;FALSE;196;2105;;13;163;0;65;00.04;01.09
2020-06;Al Warqa;Al Warqa;FALSE;184;1982;;12;166;0;81;00.04;01.09
2020-07;Al Warqa;Al Warqa;FALSE;181;1952;;12;34;0;84;00.04;01.09
2020-08;Al Warqa;Al Warqa;FALSE;191;2056;;12;15;0;46;00.04;01.09
2020-09;Al Warqa;Al Warqa;FALSE;182;1963;;12;127;0;41;00.04;01.09
2020-10;Al Warqa;Al Warqa;FALSE;181;1951;;12;174;0;108;00.04;01.09
2020-11;Al Warqa;Al Warqa;FALSE;184;1982;;12;125;0;30;00.04;01.09
2020-12;Al Warqa;Al Warqa;FALSE;186;2000;;12;115;0;31;00.04;01.09
2021-01;Al Warqa;Al Warqa;FALSE;194;2087;;13;73;0;31;00.04;01.09
2021-02;Al Warqa;Al Warqa;FALSE;198;2132;;13;156;0;13;00.04;01.09
2021-03;Al Warqa;Al Warqa;FALSE;196;2111;;13;62;0;76;00.04;01.09
2021-04;Al Warqa;Al Warqa;FALSE;201;2163;;13;35;0;78;00.04;01.09
2021-05;Al Warqa;Al Warqa;FALSE;213;2288;;14;152;0;38;00.04;01.09
2021-06;Al Warqa;Al Warqa;FALSE;192;2064;;12;134;0;39;00.04;01.09
2021-07;Al Warqa;Al Warqa;FALSE;216;2323;;14;51;0;55;00.04;01.09
2021-08;Al Warqa;Al Warqa;FALSE;216;2325;;14;125;0;82;00.04;01.09
2021-09;Al Warqa;Al Warqa;FALSE;205;2205;;13;171;0;37;00.04;01.09
2021-10;Al Warqa;Al Warqa;FALSE;232;2493;;15;143;0;84;00.04;01.09
2021-11;Al Warqa;Al Warqa;FALSE;236;2537;;15;76;0;15;00.04;01.09
2021-12;Al Warqa;Al Warqa;FALSE;237;2547;;15;115;0;23;00.04;01.09
2022-01;Al Warqa;Al Warqa;FALSE;242;2604;;16;92;0;70;00.04;01.09
2022-02;Al Warqa;Al Warqa;FALSE;247;2659;;16;57;0;100;00.04;01.09
2022-03;Al Warqa;Al Warqa;FALSE;267;2869;;17;153;0;106;00.04;01.09
2022-04;Al Warqa;Al Warqa;FALSE;266;2862;;17;47;0;64;01.04;02.09
2022-05;Al Warqa;Al Warqa;FALSE;273;2944;;18;126;0;106;01.04;02.09
2022-06;Al Warqa;Al Warqa;FALSE;266;2861;;17;163;0;16;01.04;02.09
2022-07;Al Warqa;Al Warqa;FALSE;278;2992;;18;59;0;48;01.04;02.09
2022-08;Al Warqa;Al Warqa;FALSE;282;3034;;18;20;0;63;01.04;02.09
2022-09;Al Warqa;Al Warqa;FALSE;286;3083;;19;107;0;42;01.04;02.09
2022-10;Al Warqa;Al Warqa;FALSE;299;3216;;19;162;0;23;04.04;05.09
2022-11;Al Warqa;Al Warqa;FALSE;294;3167;;19;63;0;36;04.04;05.09
2022-12;Al Warqa;Al Warqa;FALSE;294;3169;;19;169;0;115;04.04;05.09
2023-01;Al Warqa;Al Warqa;FALSE;315;3391;;20;39;0;13;04.04;05.09
2023-02;Al Warqa;Al Warqa;FALSE;298;3203;;19;164;0;100;04.04;05.09
2023-03;Al Warqa;Al Warqa;FALSE;330;3557;;21;87;0;33;04.04;05.09
2023-04;Al Warqa;Al Warqa;FALSE;303;3258;;20;91;0;42;04.04;05.09
2023-05;Al Warqa;Al Warqa;FALSE;333;3589;;22;46;0;16;04.04;05.09
2023-06;Al Warqa;Al Warqa;FALSE;318;3426;;21;79;0;111;04.04;05.09
2023-07;Al Warqa;Al Warqa;FALSE;336;3618;;22;137;0;117;05.04;06.09
2023-08;Al Warqa;Al Warqa;FALSE;344;3703;;22;30;0;112;05.04;06.09
2023-09;Al Warqa;Al Warqa;FALSE;344;3706;;22;51;0;49;05.04;06.09
2023-10;Al Warqa;Al Warqa;FALSE;342;3686;;22;80;0;118;05.04;06.09
2023-11;Al Warqa;Al Warqa;FALSE;357;3844;;23;70;0;114;05.04;06.09
2023-12;Al Warqa;Al Warqa;FALSE;363;3909;;24;88;0;80;05.04;06.09
2024-01;Al Warqa;Al Warqa;FALSE;351;3779;;23;84;0;66;05.04;06.09
2024-02;Al Warqa;Al Warqa;FALSE;340;3658;;22;141;0;89;05.04;06.09
2024-03;Al Warqa;Al Warqa;FALSE;350;3765;;23;162;0;111;05.04;06.09
2024-04;Al Warqa;Al Warqa;FALSE;341;3675;;22;52;0;56;05.04;06.09
2024-05;Al Warqa;Al Warqa;FALSE;349;3756;;23;168;0;97;05.04;06.09
2024-06;Al Warqa;Al Warqa;FALSE;362;3896;;24;146;0;77;05.04;06.09
2024-07;Al Warqa;Al Warqa;FALSE;333;3582;;22;21;0;23;0,211805556;06.15
2024-08;Al Warqa;Al Warqa;FALSE;357;3846;;23;41;0;67;0,211805556;06.15
2024-09;Al Warqa;Al Warqa;FALSE;346;3724;;22;158;0;58;0,211805556;06.15
2024-10;Al Warqa;Al Warqa;FALSE;338;3639;;22;37;0;103;0,211805556;06.15
2024-11;Al Warqa;Al Warqa;FALSE;326;3512;;21;63;0;111;0,211805556;06.15
2024-12;Al Warqa;Al Warqa;FALSE;336;3620;;22;50;0;24;0,211805556;06.15
2025-01;Al Warqa;Al Warqa;FALSE;365;3925;;24;47;0;103;0,211805556;06.15
2025-02;Al Warqa;Al Warqa;FALSE;325;3493;;21;154;0;48;0,211805556;06.15
2025-03;Al Warqa;Al Warqa;FALSE;343;3690;;22;23;0;111;0,211805556;06.15
2025-04;Al Warqa;Al Warqa;FALSE;335;3610;;22;73;0;22;0,211805556;06.15
2025-05;Al Warqa;Al Warqa;FALSE;355;3825;;23;129;0;67;0,211805556;06.15
2025-06;Al Warqa;Al Warqa;FALSE;341;3673;;22;82;0;79;0,211805556;06.15
2025-07;Al Warqa;Al Warqa;FALSE;354;3810;;23;158;0;35;04.00;05.05
2025-08;Al Warqa;Al Warqa;FALSE;348;3748;;23;130;0;107;04.00;05.05
2025-09;Al Warqa;Al Warqa;FALSE;352;3793;;23;38;0;15;04.00;05.05
2025-10;Al Warqa;Al Warqa;FALSE;332;3576;;22;48;0;44;04.00;05.05
2025-11;Al Warqa;Al Warqa;FALSE;341;3668;;22;140;0;95;04.00;05.05
2025-12;Al Warqa;Al Warqa;FALSE;326;3513;;21;170;0;95;04.00;05.05
2026-01;Al Warqa;Al Warqa;FALSE;323;3474;;21;76;0;49;04.00;05.05
2026-02;Al Warqa;Al Warqa;FALSE;354;3805;;23;117;0;33;04.00;05.05
2026-03;Al Warqa;Al Warqa;FALSE;347;3739;;23;149;0;64;04.00;05.05
2026-04;Al Warqa;Al Warqa;FALSE;338;3634;;22;127;0;52;04.00;05.05
2020-01;Mira;Reem;TRUE;221;2374;9,67;14;69;62;28;01.05;03.00
2020-02;Mira;Reem;TRUE;230;2472;10,38;15;171;48;37;01.05;03.00
2020-03;Mira;Reem;TRUE;233;2505;10,17;15;119;8;18;01.05;03.00
2020-04;Mira;Reem;TRUE;234;2518;10,92;15;141;43;13;00.04;01.09
2020-05;Mira;Reem;TRUE;214;2298;10,46;14;111;15;65;00.04;01.09
2020-06;Mira;Reem;TRUE;227;2440;10,58;15;122;45;47;00.04;01.09
2020-07;Mira;Reem;TRUE;212;2277;9,88;14;93;7;57;00.04;01.09
2020-08;Mira;Reem;TRUE;227;2440;10,54;15;148;65;19;00.04;01.09
2020-09;Mira;Reem;TRUE;229;2469;10,21;15;104;66;97;00.04;01.09
2020-10;Mira;Reem;TRUE;213;2288;9,92;14;116;79;66;00.04;01.09
2020-11;Mira;Reem;TRUE;213;2288;10,33;14;114;38;80;00.04;01.09
2020-12;Mira;Reem;TRUE;220;2363;10,63;14;27;58;49;00.04;01.09
2021-01;Mira;Reem;TRUE;223;2401;10,42;15;30;57;67;00.04;01.09
2021-02;Mira;Reem;TRUE;223;2404;10,08;15;63;22;20;00.04;01.09
2021-03;Mira;Reem;TRUE;234;2519;10,25;15;94;42;41;00.04;01.09
2021-04;Mira;Reem;TRUE;230;2472;10,63;15;122;31;87;00.04;01.09
2021-05;Mira;Reem;TRUE;237;2556;10,71;15;88;60;112;00.04;01.09
2021-06;Mira;Reem;TRUE;247;2657;11,29;16;141;33;82;00.04;01.09
2021-07;Mira;Reem;TRUE;249;2683;11,25;16;134;47;56;00.04;01.09
2021-08;Mira;Reem;TRUE;249;2680;11,46;16;38;34;118;00.04;01.09
2021-09;Mira;Reem;TRUE;258;2779;11,92;17;177;53;29;00.04;01.09
2021-10;Mira;Reem;TRUE;263;2834;11,79;17;37;55;93;00.04;01.09
2021-11;Mira;Reem;TRUE;257;2762;11,75;17;28;22;63;00.04;01.09
2021-12;Mira;Reem;TRUE;276;2972;12,08;18;29;36;32;00.04;01.09
2022-01;Mira;Reem;TRUE;270;2902;12,00;18;82;38;91;00.04;01.09
2022-02;Mira;Reem;TRUE;287;3089;13,13;19;106;22;102;00.04;01.09
2022-03;Mira;Reem;TRUE;299;3219;13,29;19;106;38;119;00.04;01.09
2022-04;Mira;Reem;TRUE;308;3316;13,54;20;35;10;115;01.04;02.09
2022-05;Mira;Reem;TRUE;306;3290;14,42;20;70;17;56;01.04;02.09
2022-06;Mira;Reem;TRUE;307;3309;14,04;20;156;73;84;01.04;02.09
2022-07;Mira;Reem;TRUE;323;3472;14,46;21;133;9;68;01.04;02.09
2022-08;Mira;Reem;TRUE;333;3586;15,00;22;167;40;38;01.04;02.09
2022-09;Mira;Reem;TRUE;312;3363;14,21;20;45;64;32;01.04;02.09
2022-10;Mira;Reem;TRUE;323;3481;14,83;21;130;78;66;04.04;05.09
2022-11;Mira;Reem;TRUE;339;3649;15,25;22;75;31;49;04.04;05.09
2022-12;Mira;Reem;TRUE;356;3831;16,42;23;49;48;59;04.04;05.09
2023-01;Mira;Reem;TRUE;355;3820;16,17;23;137;62;110;04.04;05.09
2023-02;Mira;Reem;TRUE;372;4007;17,54;24;38;34;86;04.04;05.09
2023-03;Mira;Reem;TRUE;362;3898;16,13;24;72;42;37;04.04;05.09
2023-04;Mira;Reem;TRUE;373;4012;16,71;24;69;9;47;04.04;05.09
2023-05;Mira;Reem;TRUE;373;4010;17,46;24;34;61;41;04.04;05.09
2023-06;Mira;Reem;TRUE;389;4185;17,54;25;58;76;118;04.04;05.09
2023-07;Mira;Reem;TRUE;397;4276;18,63;26;64;6;92;05.04;06.09
2023-08;Mira;Reem;TRUE;395;4250;17,79;26;137;17;104;05.04;06.09
2023-09;Mira;Reem;TRUE;394;4246;18,67;26;87;50;60;05.04;06.09
2023-10;Mira;Reem;TRUE;409;4406;19,13;27;23;22;69;05.04;06.09
2023-11;Mira;Reem;TRUE;420;4519;19,46;27;64;79;69;05.04;06.09
2023-12;Mira;Reem;TRUE;414;4452;19,54;27;66;72;71;05.04;06.09
2024-01;Mira;Reem;TRUE;409;4401;18,71;27;38;43;32;05.04;06.09
2024-02;Mira;Reem;TRUE;408;4388;18,42;26;49;57;87;05.04;06.09
2024-03;Mira;Reem;TRUE;414;4456;19,21;27;119;17;61;05.04;06.09
2024-04;Mira;Reem;TRUE;385;4140;17,25;25;75;24;32;05.04;06.09
2024-05;Mira;Reem;TRUE;412;4436;18,33;27;142;46;74;05.04;06.09
2024-06;Mira;Reem;TRUE;382;4116;18,04;25;18;38;84;05.04;06.09
2024-07;Mira;Reem;TRUE;409;4407;17,88;27;166;15;65;0,211805556;06.15
2024-08;Mira;Reem;TRUE;426;4581;18,88;28;58;5;55;0,211805556;06.15
2024-09;Mira;Reem;TRUE;408;4392;18,58;27;92;13;74;0,211805556;06.15
2024-10;Mira;Reem;TRUE;423;4557;19,17;28;121;12;46;0,211805556;06.15
2024-11;Mira;Reem;TRUE;409;4405;19,00;27;72;58;91;0,211805556;06.15
2024-12;Mira;Reem;TRUE;407;4376;18,54;26;127;16;63;0,211805556;06.15
2025-01;Mira;Reem;TRUE;408;4392;19,71;27;19;46;42;0,211805556;06.15
2025-02;Mira;Reem;TRUE;395;4248;17,50;26;141;46;116;0,211805556;06.15
2025-03;Mira;Reem;TRUE;390;4194;18,33;25;93;24;118;0,211805556;06.15
2025-04;Mira;Reem;TRUE;395;4255;18,04;26;47;26;20;0,211805556;06.15
2025-05;Mira;Reem;TRUE;383;4127;17,92;25;86;22;31;0,211805556;06.15
2025-06;Mira;Reem;TRUE;395;4248;17,54;26;171;52;103;0,211805556;06.15
2025-07;Mira;Reem;TRUE;385;4148;16,75;25;21;78;51;04.00;05.05
2025-08;Mira;Reem;TRUE;400;4308;18,25;26;141;51;17;04.00;05.05
2025-09;Mira;Reem;TRUE;406;4374;18,13;26;27;59;30;04.00;05.05
2025-10;Mira;Reem;TRUE;403;4337;18,54;26;70;25;72;04.00;05.05
2025-11;Mira;Reem;TRUE;409;4405;18,67;27;76;45;115;04.00;05.05
2025-12;Mira;Reem;TRUE;394;4238;17,88;26;146;60;63;04.00;05.05
2026-01;Mira;Reem;TRUE;396;4264;18,33;26;90;14;32;04.00;05.05
2026-02;Mira;Reem;TRUE;399;4291;17,67;26;83;59;17;04.00;05.05
2026-03;Mira;Reem;TRUE;391;4206;18,00;25;91;68;96;04.00;05.05
2026-04;Mira;Reem;TRUE;410;4416;18,58;27;31;62;77;04.00;05.05
2020-01;Sobha Hartland;MBR City;TRUE;398;4283;18,29;26;89;59;10;01.05;03.00
2020-02;Sobha Hartland;MBR City;TRUE;398;4288;18,50;26;155;48;76;01.05;03.00
2020-03;Sobha Hartland;MBR City;TRUE;397;4272;18,71;26;78;23;81;01.05;03.00
2020-04;Sobha Hartland;MBR City;TRUE;405;4361;19,13;26;161;15;75;00.04;01.09
2020-05;Sobha Hartland;MBR City;TRUE;379;4077;17,00;25;51;30;35;00.04;01.09
2020-06;Sobha Hartland;MBR City;TRUE;396;4268;17,79;26;158;33;73;00.04;01.09
2020-07;Sobha Hartland;MBR City;TRUE;381;4100;17,04;25;90;25;13;00.04;01.09
2020-08;Sobha Hartland;MBR City;TRUE;384;4133;19,29;25;148;51;111;00.04;01.09
2020-09;Sobha Hartland;MBR City;TRUE;367;3954;16,92;24;36;15;13;00.04;01.09
2020-10;Sobha Hartland;MBR City;TRUE;369;3972;17,17;24;93;34;42;00.04;01.09
2020-11;Sobha Hartland;MBR City;TRUE;365;3932;16,29;24;148;56;35;00.04;01.09
2020-12;Sobha Hartland;MBR City;TRUE;359;3864;16,71;23;105;63;115;00.04;01.09
2021-01;Sobha Hartland;MBR City;TRUE;386;4155;18,25;25;37;35;115;00.04;01.09
2021-02;Sobha Hartland;MBR City;TRUE;413;4443;18,79;27;174;62;107;00.04;01.09
2021-03;Sobha Hartland;MBR City;TRUE;416;4482;19,25;27;99;66;30;00.04;01.09
2021-04;Sobha Hartland;MBR City;TRUE;407;4376;18,92;26;42;35;70;00.04;01.09
2021-05;Sobha Hartland;MBR City;TRUE;446;4796;21,21;29;117;6;11;00.04;01.09
2021-06;Sobha Hartland;MBR City;TRUE;436;4689;20,25;28;143;14;91;00.04;01.09
2021-07;Sobha Hartland;MBR City;TRUE;427;4600;20,00;28;143;18;74;00.04;01.09
2021-08;Sobha Hartland;MBR City;TRUE;439;4728;20,88;29;159;34;28;00.04;01.09
2021-09;Sobha Hartland;MBR City;TRUE;451;4850;20,92;29;20;42;116;00.04;01.09
2021-10;Sobha Hartland;MBR City;TRUE;446;4802;19,21;29;109;22;37;00.04;01.09
2021-11;Sobha Hartland;MBR City;TRUE;457;4924;21,33;30;47;75;73;00.04;01.09
2021-12;Sobha Hartland;MBR City;TRUE;485;5218;22,21;32;77;76;66;00.04;01.09
2022-01;Sobha Hartland;MBR City;TRUE;491;5285;23,00;32;164;66;39;00.04;01.09
2022-02;Sobha Hartland;MBR City;TRUE;509;5484;23,83;33;40;53;59;00.04;01.09
2022-03;Sobha Hartland;MBR City;TRUE;535;5758;23,33;35;37;26;114;00.04;01.09
2022-04;Sobha Hartland;MBR City;TRUE;512;5510;22,83;33;55;68;67;01.04;02.09
2022-05;Sobha Hartland;MBR City;TRUE;546;5872;23,79;35;99;68;104;01.04;02.09
2022-06;Sobha Hartland;MBR City;TRUE;543;5848;25,29;35;31;20;40;01.04;02.09
2022-07;Sobha Hartland;MBR City;TRUE;580;6246;26,33;38;91;14;92;01.04;02.09
2022-08;Sobha Hartland;MBR City;TRUE;577;6206;26,08;37;81;61;108;01.04;02.09
2022-09;Sobha Hartland;MBR City;TRUE;582;6263;25,63;38;163;7;43;01.04;02.09
2022-10;Sobha Hartland;MBR City;TRUE;594;6397;27,33;39;149;8;11;04.04;05.09
2022-11;Sobha Hartland;MBR City;TRUE;596;6413;27,83;39;140;45;13;04.04;05.09
2022-12;Sobha Hartland;MBR City;TRUE;626;6734;28,00;41;161;26;100;04.04;05.09
2023-01;Sobha Hartland;MBR City;TRUE;596;6417;27,29;39;34;13;27;04.04;05.09
2023-02;Sobha Hartland;MBR City;TRUE;621;6679;28,38;40;159;54;95;04.04;05.09
2023-03;Sobha Hartland;MBR City;TRUE;640;6894;29,13;42;118;31;49;04.04;05.09
2023-04;Sobha Hartland;MBR City;TRUE;652;7022;31,25;42;85;65;62;04.04;05.09
2023-05;Sobha Hartland;MBR City;TRUE;687;7399;32,50;45;93;14;13;04.04;05.09
2023-06;Sobha Hartland;MBR City;TRUE;669;7201;31,83;43;176;74;46;04.04;05.09
2023-07;Sobha Hartland;MBR City;TRUE;676;7278;30,00;44;16;29;88;05.04;06.09
2023-08;Sobha Hartland;MBR City;TRUE;705;7588;32,46;46;93;20;59;05.04;06.09
2023-09;Sobha Hartland;MBR City;TRUE;700;7536;31,38;46;103;56;38;05.04;06.09
2023-10;Sobha Hartland;MBR City;TRUE;722;7775;32,58;47;19;34;115;05.04;06.09
2023-11;Sobha Hartland;MBR City;TRUE;698;7515;31,79;45;31;8;106;05.04;06.09
2023-12;Sobha Hartland;MBR City;TRUE;701;7541;33,13;46;69;61;86;05.04;06.09
2024-01;Sobha Hartland;MBR City;TRUE;763;8213;34,33;50;177;38;55;05.04;06.09
2024-02;Sobha Hartland;MBR City;TRUE;707;7612;32,83;46;85;57;62;05.04;06.09
2024-03;Sobha Hartland;MBR City;TRUE;713;7672;33,04;46;156;11;102;05.04;06.09
2024-04;Sobha Hartland;MBR City;TRUE;699;7524;31,67;45;162;76;67;05.04;06.09
2024-05;Sobha Hartland;MBR City;TRUE;699;7524;32,50;45;133;58;54;05.04;06.09
2024-06;Sobha Hartland;MBR City;TRUE;712;7662;32,92;46;34;38;38;05.04;06.09
2024-07;Sobha Hartland;MBR City;TRUE;668;7188;30,38;43;66;61;57;0,211805556;06.15
2024-08;Sobha Hartland;MBR City;TRUE;691;7441;32,17;45;136;55;31;0,211805556;06.15
2024-09;Sobha Hartland;MBR City;TRUE;700;7537;32,46;46;160;21;82;0,211805556;06.15
2024-10;Sobha Hartland;MBR City;TRUE;698;7518;31,17;45;160;7;107;0,211805556;06.15
2024-11;Sobha Hartland;MBR City;TRUE;711;7649;33,00;46;155;38;118;0,211805556;06.15
2024-12;Sobha Hartland;MBR City;TRUE;722;7775;31,67;47;132;71;83;0,211805556;06.15
2025-01;Sobha Hartland;MBR City;TRUE;705;7584;31,88;46;51;26;25;0,211805556;06.15
2025-02;Sobha Hartland;MBR City;TRUE;734;7902;32,92;48;102;19;116;0,211805556;06.15
2025-03;Sobha Hartland;MBR City;TRUE;715;7694;33,71;46;26;52;117;0,211805556;06.15
2025-04;Sobha Hartland;MBR City;TRUE;708;7618;32,08;46;164;28;105;0,211805556;06.15
2025-05;Sobha Hartland;MBR City;TRUE;698;7516;32,46;45;121;39;56;0,211805556;06.15
2025-06;Sobha Hartland;MBR City;TRUE;713;7673;32,13;46;97;8;29;0,211805556;06.15
2025-07;Sobha Hartland;MBR City;TRUE;693;7462;33,04;45;43;71;119;04.00;05.05
2025-08;Sobha Hartland;MBR City;TRUE;655;7050;28,96;43;162;67;100;04.00;05.05
2025-09;Sobha Hartland;MBR City;TRUE;700;7540;33,08;46;106;36;105;04.00;05.05
2025-10;Sobha Hartland;MBR City;TRUE;711;7658;32,83;46;145;11;26;04.00;05.05
2025-11;Sobha Hartland;MBR City;TRUE;711;7651;34,21;46;158;33;51;04.00;05.05
2025-12;Sobha Hartland;MBR City;TRUE;696;7494;33,13;45;97;19;41;04.00;05.05
2026-01;Sobha Hartland;MBR City;TRUE;705;7586;30,50;46;116;78;82;04.00;05.05
2026-02;Sobha Hartland;MBR City;TRUE;709;7632;33,13;46;94;12;107;04.00;05.05
2026-03;Sobha Hartland;MBR City;TRUE;703;7570;32,00;46;106;49;66;04.00;05.05
2026-04;Sobha Hartland;MBR City;TRUE;722;7768;32,92;47;104;57;106;04.00;05.05
2020-01;Meydan;Meydan;TRUE;364;3922;17,38;24;30;60;47;01.05;03.00
2020-02;Meydan;Meydan;TRUE;356;3829;16,96;23;126;6;44;01.05;03.00
2020-03;Meydan;Meydan;TRUE;349;3760;15,54;23;154;20;39;01.05;03.00
2020-04;Meydan;Meydan;TRUE;332;3570;15,21;22;70;56;69;00.04;01.09
2020-05;Meydan;Meydan;TRUE;355;3825;16,71;23;177;65;24;00.04;01.09
2020-06;Meydan;Meydan;TRUE;334;3600;15,25;22;115;41;55;00.04;01.09
2020-07;Meydan;Meydan;TRUE;336;3612;15,33;22;62;57;64;00.04;01.09
2020-08;Meydan;Meydan;TRUE;329;3545;15,17;21;121;28;101;00.04;01.09
2020-09;Meydan;Meydan;TRUE;340;3659;15,21;22;138;37;85;00.04;01.09
2020-10;Meydan;Meydan;TRUE;330;3554;15,42;21;126;41;44;00.04;01.09
2020-11;Meydan;Meydan;TRUE;346;3719;15,71;22;142;38;107;00.04;01.09
2020-12;Meydan;Meydan;TRUE;349;3754;15,75;23;94;48;84;00.04;01.09
2021-01;Meydan;Meydan;TRUE;354;3808;16,08;23;73;47;104;00.04;01.09
2021-02;Meydan;Meydan;TRUE;349;3758;15,96;23;85;38;95;00.04;01.09
2021-03;Meydan;Meydan;TRUE;366;3939;18,08;24;141;42;17;00.04;01.09
2021-04;Meydan;Meydan;TRUE;354;3805;15,83;23;29;75;14;00.04;01.09
2021-05;Meydan;Meydan;TRUE;362;3895;17,17;24;140;11;108;00.04;01.09
2021-06;Meydan;Meydan;TRUE;382;4109;17,54;25;63;51;72;00.04;01.09
2021-07;Meydan;Meydan;TRUE;395;4248;17,38;26;128;37;34;00.04;01.09
2021-08;Meydan;Meydan;TRUE;383;4125;17,83;25;83;26;103;00.04;01.09
2021-09;Meydan;Meydan;TRUE;399;4295;18,83;26;20;59;42;00.04;01.09
2021-10;Meydan;Meydan;TRUE;393;4231;18,17;26;100;38;99;00.04;01.09
2021-11;Meydan;Meydan;TRUE;397;4272;17,92;26;68;63;17;00.04;01.09
2021-12;Meydan;Meydan;TRUE;424;4559;19,25;28;149;18;16;00.04;01.09
2022-01;Meydan;Meydan;TRUE;436;4692;19,88;28;94;36;116;00.04;01.09
2022-02;Meydan;Meydan;TRUE;441;4751;19,83;29;65;8;118;00.04;01.09
2022-03;Meydan;Meydan;TRUE;452;4865;20,00;29;100;17;57;00.04;01.09
2022-04;Meydan;Meydan;TRUE;481;5173;21,75;31;74;34;42;01.04;02.09
2022-05;Meydan;Meydan;TRUE;470;5057;21,88;31;15;37;94;01.04;02.09
2022-06;Meydan;Meydan;TRUE;468;5033;22,50;30;25;18;77;01.04;02.09
2022-07;Meydan;Meydan;TRUE;512;5515;23,29;33;16;42;43;01.04;02.09
2022-08;Meydan;Meydan;TRUE;501;5394;23,08;33;20;72;104;01.04;02.09
2022-09;Meydan;Meydan;TRUE;500;5382;22,58;33;109;46;94;01.04;02.09
2022-10;Meydan;Meydan;TRUE;505;5437;23,96;33;112;66;75;04.04;05.09
2022-11;Meydan;Meydan;TRUE;530;5705;24,96;34;53;54;32;04.04;05.09
2022-12;Meydan;Meydan;TRUE;540;5809;24,88;35;43;47;45;04.04;05.09
2023-01;Meydan;Meydan;TRUE;542;5831;24,33;35;168;37;43;04.04;05.09
2023-02;Meydan;Meydan;TRUE;541;5825;23,17;35;96;72;12;04.04;05.09
2023-03;Meydan;Meydan;TRUE;556;5983;24,79;36;110;79;49;04.04;05.09
2023-04;Meydan;Meydan;TRUE;586;6311;26,96;38;114;58;39;04.04;05.09
2023-05;Meydan;Meydan;TRUE;605;6517;28,04;39;132;41;45;04.04;05.09
2023-06;Meydan;Meydan;TRUE;583;6279;27,79;38;103;47;47;04.04;05.09
2023-07;Meydan;Meydan;TRUE;584;6288;27,04;38;165;43;106;05.04;06.09
2023-08;Meydan;Meydan;TRUE;614;6612;28,21;40;112;70;58;05.04;06.09
2023-09;Meydan;Meydan;TRUE;632;6800;28,42;41;103;70;70;05.04;06.09
2023-10;Meydan;Meydan;TRUE;635;6839;29,58;41;173;57;67;05.04;06.09
2023-11;Meydan;Meydan;TRUE;623;6709;28,75;41;45;40;115;05.04;06.09
2023-12;Meydan;Meydan;TRUE;610;6569;28,04;40;151;12;17;05.04;06.09
2024-01;Meydan;Meydan;TRUE;603;6488;28,50;39;131;6;59;05.04;06.09
2024-02;Meydan;Meydan;TRUE;639;6883;30,21;42;79;69;79;05.04;06.09
2024-03;Meydan;Meydan;TRUE;625;6732;28,75;41;98;21;119;05.04;06.09
2024-04;Meydan;Meydan;TRUE;615;6621;29,13;40;114;27;31;05.04;06.09
2024-05;Meydan;Meydan;TRUE;631;6792;28,00;41;22;63;115;05.04;06.09
2024-06;Meydan;Meydan;TRUE;638;6866;27,67;41;113;52;56;05.04;06.09
2024-07;Meydan;Meydan;TRUE;604;6497;26,29;39;85;28;49;0,211805556;06.15
2024-08;Meydan;Meydan;TRUE;608;6546;28,17;40;111;36;94;0,211805556;06.15
2024-09;Meydan;Meydan;TRUE;604;6500;28,04;39;104;37;110;0,211805556;06.15
2024-10;Meydan;Meydan;TRUE;607;6535;26,96;39;38;37;98;0,211805556;06.15
2024-11;Meydan;Meydan;TRUE;632;6798;28,71;41;124;54;96;0,211805556;06.15
2024-12;Meydan;Meydan;TRUE;586;6310;26,00;38;137;52;101;0,211805556;06.15
2025-01;Meydan;Meydan;TRUE;634;6828;30,17;41;16;36;20;0,211805556;06.15
2025-02;Meydan;Meydan;TRUE;651;7003;28,67;42;78;41;32;0,211805556;06.15
2025-03;Meydan;Meydan;TRUE;629;6767;27,25;41;143;60;86;0,211805556;06.15
2025-04;Meydan;Meydan;TRUE;591;6364;27,67;38;162;69;34;0,211805556;06.15
2025-05;Meydan;Meydan;TRUE;583;6276;27,25;38;148;79;96;0,211805556;06.15
2025-06;Meydan;Meydan;TRUE;596;6419;27,38;39;78;16;95;0,211805556;06.15
2025-07;Meydan;Meydan;TRUE;606;6519;28,71;39;149;64;93;04.00;05.05
2025-08;Meydan;Meydan;TRUE;639;6875;30,29;42;57;68;35;04.00;05.05
2025-09;Meydan;Meydan;TRUE;608;6546;26,71;40;119;19;80;04.00;05.05
2025-10;Meydan;Meydan;TRUE;618;6648;28,58;40;121;44;119;04.00;05.05
2025-11;Meydan;Meydan;TRUE;629;6771;28,67;41;25;23;54;04.00;05.05
2025-12;Meydan;Meydan;TRUE;634;6829;28,38;41;124;61;53;04.00;05.05
2026-01;Meydan;Meydan;TRUE;607;6531;27,58;39;40;59;34;04.00;05.05
2026-02;Meydan;Meydan;TRUE;608;6545;27,96;40;145;38;15;04.00;05.05
2026-03;Meydan;Meydan;TRUE;619;6667;29,13;40;176;17;104;04.00;05.05
2026-04;Meydan;Meydan;TRUE;623;6707;26,63;40;150;50;115;04.00;05.05
2020-01;Azizi Riviera;MBR City;TRUE;307;3302;14,13;20;70;8;79;01.05;03.00
2020-02;Azizi Riviera;MBR City;TRUE;304;3270;13,71;20;149;56;35;01.05;03.00
2020-03;Azizi Riviera;MBR City;TRUE;304;3277;13,88;20;134;29;41;01.05;03.00
2020-04;Azizi Riviera;MBR City;TRUE;296;3188;13,54;19;157;30;21;00.04;01.09
2020-05;Azizi Riviera;MBR City;TRUE;290;3119;13,58;19;118;35;66;00.04;01.09
2020-06;Azizi Riviera;MBR City;TRUE;283;3046;13,13;18;158;62;36;00.04;01.09
2020-07;Azizi Riviera;MBR City;TRUE;285;3067;12,88;19;61;26;22;00.04;01.09
2020-08;Azizi Riviera;MBR City;TRUE;289;3114;13,92;19;66;66;41;00.04;01.09
2020-09;Azizi Riviera;MBR City;TRUE;287;3086;13,00;19;63;77;81;00.04;01.09
2020-10;Azizi Riviera;MBR City;TRUE;280;3019;12,17;18;20;18;12;00.04;01.09
2020-11;Azizi Riviera;MBR City;TRUE;294;3168;13,46;19;15;47;16;00.04;01.09
2020-12;Azizi Riviera;MBR City;TRUE;282;3037;13,33;18;167;37;114;00.04;01.09
2021-01;Azizi Riviera;MBR City;TRUE;295;3176;14,00;19;93;10;52;00.04;01.09
2021-02;Azizi Riviera;MBR City;TRUE;301;3244;13,17;20;134;7;117;00.04;01.09
2021-03;Azizi Riviera;MBR City;TRUE;302;3251;13,92;20;162;32;17;00.04;01.09
2021-04;Azizi Riviera;MBR City;TRUE;309;3325;13,75;20;40;46;48;00.04;01.09
2021-05;Azizi Riviera;MBR City;TRUE;313;3365;14,42;20;26;64;107;00.04;01.09
2021-06;Azizi Riviera;MBR City;TRUE;313;3368;14,29;20;41;9;59;00.04;01.09
2021-07;Azizi Riviera;MBR City;TRUE;339;3653;15,54;22;92;31;110;00.04;01.09
2021-08;Azizi Riviera;MBR City;TRUE;331;3563;15,00;22;169;34;28;00.04;01.09
2021-09;Azizi Riviera;MBR City;TRUE;337;3624;15,96;22;55;66;50;00.04;01.09
2021-10;Azizi Riviera;MBR City;TRUE;329;3538;15,00;21;158;52;114;00.04;01.09
2021-11;Azizi Riviera;MBR City;TRUE;344;3706;16,38;22;18;70;66;00.04;01.09
2021-12;Azizi Riviera;MBR City;TRUE;357;3843;16,29;23;166;51;88;00.04;01.09
2022-01;Azizi Riviera;MBR City;TRUE;362;3895;16,42;24;22;24;111;00.04;01.09
2022-02;Azizi Riviera;MBR City;TRUE;377;4055;16,58;24;96;42;86;00.04;01.09
2022-03;Azizi Riviera;MBR City;TRUE;383;4125;16,83;25;25;17;82;00.04;01.09
2022-04;Azizi Riviera;MBR City;TRUE;396;4261;17,92;26;60;75;77;01.04;02.09
2022-05;Azizi Riviera;MBR City;TRUE;404;4347;18,54;26;112;48;99;01.04;02.09
2022-06;Azizi Riviera;MBR City;TRUE;412;4430;19,04;27;142;33;18;01.04;02.09
2022-07;Azizi Riviera;MBR City;TRUE;404;4347;18,58;26;100;15;102;01.04;02.09
2022-08;Azizi Riviera;MBR City;TRUE;442;4760;20,21;29;76;41;117;01.04;02.09
2022-09;Azizi Riviera;MBR City;TRUE;434;4674;20,29;28;175;30;26;01.04;02.09
2022-10;Azizi Riviera;MBR City;TRUE;437;4702;20,29;28;43;66;108;04.04;05.09
2022-11;Azizi Riviera;MBR City;TRUE;423;4553;19,71;27;120;49;91;04.04;05.09
2022-12;Azizi Riviera;MBR City;TRUE;441;4744;20,00;29;137;65;17;04.04;05.09
2023-01;Azizi Riviera;MBR City;TRUE;470;5058;22,33;31;154;53;67;04.04;05.09
2023-02;Azizi Riviera;MBR City;TRUE;475;5108;21,50;31;90;47;85;04.04;05.09
2023-03;Azizi Riviera;MBR City;TRUE;470;5058;21,54;31;47;37;116;04.04;05.09
2023-04;Azizi Riviera;MBR City;TRUE;515;5545;23,71;33;156;13;84;04.04;05.09
2023-05;Azizi Riviera;MBR City;TRUE;508;5463;23,54;33;49;32;19;04.04;05.09
2023-06;Azizi Riviera;MBR City;TRUE;507;5452;22,79;33;179;11;73;04.04;05.09
2023-07;Azizi Riviera;MBR City;TRUE;516;5557;23,08;34;28;42;107;05.04;06.09
2023-08;Azizi Riviera;MBR City;TRUE;529;5691;23,71;34;125;38;59;05.04;06.09
2023-09;Azizi Riviera;MBR City;TRUE;539;5800;23,96;35;93;7;77;05.04;06.09
2023-10;Azizi Riviera;MBR City;TRUE;533;5734;24,29;35;149;43;61;05.04;06.09
2023-11;Azizi Riviera;MBR City;TRUE;536;5769;24,67;35;100;34;74;05.04;06.09
2023-12;Azizi Riviera;MBR City;TRUE;538;5786;24,75;35;85;6;45;05.04;06.09
2024-01;Azizi Riviera;MBR City;TRUE;527;5669;24,17;34;118;25;108;05.04;06.09
2024-02;Azizi Riviera;MBR City;TRUE;543;5842;24,08;35;115;74;87;05.04;06.09
2024-03;Azizi Riviera;MBR City;TRUE;523;5634;24,67;34;49;24;39;05.04;06.09
2024-04;Azizi Riviera;MBR City;TRUE;561;6039;26,25;36;123;56;78;05.04;06.09
2024-05;Azizi Riviera;MBR City;TRUE;532;5725;24,71;35;53;27;61;05.04;06.09
2024-06;Azizi Riviera;MBR City;TRUE;513;5517;23,88;33;54;8;104;05.04;06.09
2024-07;Azizi Riviera;MBR City;TRUE;514;5536;24,04;33;43;71;80;0,211805556;06.15
2024-08;Azizi Riviera;MBR City;TRUE;516;5551;24,54;34;124;21;65;0,211805556;06.15
2024-09;Azizi Riviera;MBR City;TRUE;539;5800;24,79;35;178;64;62;0,211805556;06.15
2024-10;Azizi Riviera;MBR City;TRUE;524;5638;24,88;34;25;24;85;0,211805556;06.15
2024-11;Azizi Riviera;MBR City;TRUE;503;5413;23,29;33;39;17;89;0,211805556;06.15
2024-12;Azizi Riviera;MBR City;TRUE;532;5723;24,79;35;72;47;84;0,211805556;06.15
2025-01;Azizi Riviera;MBR City;TRUE;531;5712;24,50;34;114;20;90;0,211805556;06.15
2025-02;Azizi Riviera;MBR City;TRUE;549;5910;26,67;36;110;38;65;0,211805556;06.15
2025-03;Azizi Riviera;MBR City;TRUE;510;5490;23,88;33;49;43;44;0,211805556;06.15
2025-04;Azizi Riviera;MBR City;TRUE;511;5502;23,92;33;113;62;35;0,211805556;06.15
2025-05;Azizi Riviera;MBR City;TRUE;518;5577;24,71;34;45;40;34;0,211805556;06.15
2025-06;Azizi Riviera;MBR City;TRUE;522;5616;23,46;34;145;41;26;0,211805556;06.15
2025-07;Azizi Riviera;MBR City;TRUE;520;5593;23,96;34;144;53;17;04.00;05.05
2025-08;Azizi Riviera;MBR City;TRUE;509;5483;23,00;33;64;45;26;04.00;05.05
2025-09;Azizi Riviera;MBR City;TRUE;516;5553;23,63;34;96;73;92;04.00;05.05
2025-10;Azizi Riviera;MBR City;TRUE;529;5693;23,58;34;114;42;99;04.00;05.05
2025-11;Azizi Riviera;MBR City;TRUE;511;5497;23,13;33;43;16;41;04.00;05.05
2025-12;Azizi Riviera;MBR City;TRUE;538;5795;24,08;35;177;58;21;04.00;05.05
2026-01;Azizi Riviera;MBR City;TRUE;518;5578;23,04;34;46;21;84;04.00;05.05
2026-02;Azizi Riviera;MBR City;TRUE;548;5901;25,92;36;20;40;12;04.00;05.05
2026-03;Azizi Riviera;MBR City;TRUE;534;5747;23,58;35;160;59;108;04.00;05.05
2026-04;Azizi Riviera;MBR City;TRUE;529;5698;24,63;34;35;40;50;04.00;05.05
2020-01;Maritime City;Maritime City;TRUE;343;3695;15,67;22;126;31;67;01.05;03.00
2020-02;Maritime City;Maritime City;TRUE;332;3572;15,29;22;179;41;42;01.05;03.00
2020-03;Maritime City;Maritime City;TRUE;334;3598;15,42;22;94;12;52;01.05;03.00
2020-04;Maritime City;Maritime City;TRUE;342;3678;15,83;22;75;49;25;00.04;01.09
2020-05;Maritime City;Maritime City;TRUE;333;3589;15,38;22;89;46;70;00.04;01.09
2020-06;Maritime City;Maritime City;TRUE;336;3612;15,33;22;149;15;98;00.04;01.09
2020-07;Maritime City;Maritime City;TRUE;331;3565;15,13;22;17;42;54;00.04;01.09
2020-08;Maritime City;Maritime City;TRUE;321;3457;14,96;21;77;7;58;00.04;01.09
2020-09;Maritime City;Maritime City;TRUE;349;3756;15,83;23;61;41;14;00.04;01.09
2020-10;Maritime City;Maritime City;TRUE;304;3274;14,13;20;48;42;21;00.04;01.09
2020-11;Maritime City;Maritime City;TRUE;322;3467;14,42;21;40;8;35;00.04;01.09
2020-12;Maritime City;Maritime City;TRUE;320;3445;14,42;21;110;53;32;00.04;01.09
2021-01;Maritime City;Maritime City;TRUE;334;3594;14,92;22;84;68;11;00.04;01.09
2021-02;Maritime City;Maritime City;TRUE;340;3663;15,71;22;27;79;21;00.04;01.09
2021-03;Maritime City;Maritime City;TRUE;335;3602;15,29;22;101;57;35;00.04;01.09
2021-04;Maritime City;Maritime City;TRUE;344;3698;15,42;22;36;22;35;00.04;01.09
2021-05;Maritime City;Maritime City;TRUE;350;3768;15,58;23;37;48;78;00.04;01.09
2021-06;Maritime City;Maritime City;TRUE;353;3794;15,96;23;74;55;28;00.04;01.09
2021-07;Maritime City;Maritime City;TRUE;355;3819;16,17;23;40;23;60;00.04;01.09
2021-08;Maritime City;Maritime City;TRUE;353;3802;16,33;23;104;51;59;00.04;01.09
2021-09;Maritime City;Maritime City;TRUE;379;4075;17,83;25;143;39;107;00.04;01.09
2021-10;Maritime City;Maritime City;TRUE;394;4236;18,00;26;60;5;80;00.04;01.09
2021-11;Maritime City;Maritime City;TRUE;383;4124;17,71;25;132;12;53;00.04;01.09
2021-12;Maritime City;Maritime City;TRUE;425;4571;19,58;28;172;63;18;00.04;01.09
2022-01;Maritime City;Maritime City;TRUE;411;4429;19,17;27;59;17;35;00.04;01.09
2022-02;Maritime City;Maritime City;TRUE;422;4537;18,71;27;97;76;88;00.04;01.09
2022-03;Maritime City;Maritime City;TRUE;440;4738;20,29;29;168;72;109;00.04;01.09
2022-04;Maritime City;Maritime City;TRUE;450;4847;20,33;29;95;64;68;01.04;02.09
2022-05;Maritime City;Maritime City;TRUE;453;4872;21,17;29;28;60;69;01.04;02.09
2022-06;Maritime City;Maritime City;TRUE;485;5217;20,79;32;49;67;10;01.04;02.09
2022-07;Maritime City;Maritime City;TRUE;477;5139;22,04;31;96;70;84;01.04;02.09
2022-08;Maritime City;Maritime City;TRUE;487;5237;23,04;32;92;29;25;01.04;02.09
2022-09;Maritime City;Maritime City;TRUE;497;5350;22,13;32;101;54;100;01.04;02.09
2022-10;Maritime City;Maritime City;TRUE;480;5165;22,29;31;171;11;92;04.04;05.09
2022-11;Maritime City;Maritime City;TRUE;523;5626;24,21;34;25;56;56;04.04;05.09
2022-12;Maritime City;Maritime City;TRUE;502;5405;23,38;33;163;17;53;04.04;05.09
2023-01;Maritime City;Maritime City;TRUE;526;5659;23,92;34;90;42;23;04.04;05.09
2023-02;Maritime City;Maritime City;TRUE;519;5590;24,21;34;124;43;36;04.04;05.09
2023-03;Maritime City;Maritime City;TRUE;550;5916;24,63;36;47;26;87;04.04;05.09
2023-04;Maritime City;Maritime City;TRUE;574;6176;26,46;37;138;30;96;04.04;05.09
2023-05;Maritime City;Maritime City;TRUE;579;6237;26,83;38;179;43;12;04.04;05.09
2023-06;Maritime City;Maritime City;TRUE;564;6073;25,96;37;60;71;82;04.04;05.09
2023-07;Maritime City;Maritime City;TRUE;575;6193;26,71;37;111;9;51;05.04;06.09
2023-08;Maritime City;Maritime City;TRUE;600;6454;28,50;39;114;71;20;05.04;06.09
2023-09;Maritime City;Maritime City;TRUE;590;6349;27,08;38;163;23;74;05.04;06.09
2023-10;Maritime City;Maritime City;TRUE;609;6558;29,08;40;112;57;31;05.04;06.09
2023-11;Maritime City;Maritime City;TRUE;591;6358;27,38;38;143;58;29;05.04;06.09
2023-12;Maritime City;Maritime City;TRUE;590;6348;26,88;38;110;34;75;05.04;06.09
2024-01;Maritime City;Maritime City;TRUE;610;6564;27,63;40;47;76;11;05.04;06.09
2024-02;Maritime City;Maritime City;TRUE;577;6205;26,00;37;72;27;15;05.04;06.09
2024-03;Maritime City;Maritime City;TRUE;586;6304;25,88;38;50;26;90;05.04;06.09
2024-04;Maritime City;Maritime City;TRUE;586;6309;27,21;38;81;72;23;05.04;06.09
2024-05;Maritime City;Maritime City;TRUE;606;6518;27,71;39;20;69;69;05.04;06.09
2024-06;Maritime City;Maritime City;TRUE;620;6669;29,08;40;84;30;105;05.04;06.09
2024-07;Maritime City;Maritime City;TRUE;586;6303;25,33;38;164;49;113;0,211805556;06.15
2024-08;Maritime City;Maritime City;TRUE;587;6315;26,92;38;18;21;21;0,211805556;06.15
2024-09;Maritime City;Maritime City;TRUE;589;6343;26,67;38;52;8;97;0,211805556;06.15
2024-10;Maritime City;Maritime City;TRUE;619;6666;28,08;40;178;43;77;0,211805556;06.15
2024-11;Maritime City;Maritime City;TRUE;579;6236;25,25;38;111;72;111;0,211805556;06.15
2024-12;Maritime City;Maritime City;TRUE;568;6110;25,79;37;26;24;34;0,211805556;06.15
2025-01;Maritime City;Maritime City;TRUE;585;6298;26,67;38;179;71;29;0,211805556;06.15
2025-02;Maritime City;Maritime City;TRUE;561;6041;24,88;36;91;72;115;0,211805556;06.15
2025-03;Maritime City;Maritime City;TRUE;554;5962;25,08;36;60;62;38;0,211805556;06.15
2025-04;Maritime City;Maritime City;TRUE;584;6289;27,79;38;18;9;46;0,211805556;06.15
2025-05;Maritime City;Maritime City;TRUE;591;6364;27,92;38;75;30;100;0,211805556;06.15
2025-06;Maritime City;Maritime City;TRUE;575;6190;26,63;37;126;17;90;0,211805556;06.15
2025-07;Maritime City;Maritime City;TRUE;578;6218;26,46;38;101;18;52;04.00;05.05
2025-08;Maritime City;Maritime City;TRUE;574;6173;26,17;37;23;39;94;04.00;05.05
2025-09;Maritime City;Maritime City;TRUE;581;6254;26,50;38;178;66;105;04.00;05.05
2025-10;Maritime City;Maritime City;TRUE;604;6506;27,79;39;64;27;119;04.00;05.05
2025-11;Maritime City;Maritime City;TRUE;565;6082;27,21;37;171;78;119;04.00;05.05
2025-12;Maritime City;Maritime City;TRUE;588;6329;28,00;38;22;67;17;04.00;05.05
2026-01;Maritime City;Maritime City;TRUE;560;6026;25,75;36;128;50;21;04.00;05.05
2026-02;Maritime City;Maritime City;TRUE;595;6402;26,50;39;29;79;56;04.00;05.05
2026-03;Maritime City;Maritime City;TRUE;595;6408;27,58;39;44;66;83;04.00;05.05
2026-04;Maritime City;Maritime City;TRUE;602;6478;28,67;39;166;45;72;04.00;05.05
2020-01;Bukadra;Bukadra;TRUE;272;2932;12,54;18;170;15;44;01.05;03.00
2020-02;Bukadra;Bukadra;TRUE;256;2755;12,00;17;120;44;23;01.05;03.00
2020-03;Bukadra;Bukadra;TRUE;278;2996;12,33;18;155;6;80;01.05;03.00
2020-04;Bukadra;Bukadra;TRUE;268;2889;12,96;17;150;52;25;00.04;01.09
2020-05;Bukadra;Bukadra;TRUE;266;2859;12,54;17;40;34;22;00.04;01.09
2020-06;Bukadra;Bukadra;TRUE;273;2941;12,75;18;172;11;117;00.04;01.09
2020-07;Bukadra;Bukadra;TRUE;268;2882;11,67;17;178;35;11;00.04;01.09
2020-08;Bukadra;Bukadra;TRUE;260;2802;11,63;17;39;6;50;00.04;01.09
2020-09;Bukadra;Bukadra;TRUE;259;2792;12,00;17;135;41;84;00.04;01.09
2020-10;Bukadra;Bukadra;TRUE;252;2714;11,50;16;112;34;80;00.04;01.09
2020-11;Bukadra;Bukadra;TRUE;257;2763;11,96;17;138;58;33;00.04;01.09
2020-12;Bukadra;Bukadra;TRUE;267;2877;12,33;17;106;61;55;00.04;01.09
2021-01;Bukadra;Bukadra;TRUE;272;2928;12,29;18;144;7;60;00.04;01.09
2021-02;Bukadra;Bukadra;TRUE;271;2921;12,38;18;19;10;106;00.04;01.09
2021-03;Bukadra;Bukadra;TRUE;276;2970;12,17;18;162;49;31;00.04;01.09
2021-04;Bukadra;Bukadra;TRUE;282;3032;12,38;18;84;56;46;00.04;01.09
2021-05;Bukadra;Bukadra;TRUE;304;3277;13,21;20;109;44;94;00.04;01.09
2021-06;Bukadra;Bukadra;TRUE;290;3123;13,25;19;58;58;67;00.04;01.09
2021-07;Bukadra;Bukadra;TRUE;290;3126;13,54;19;37;28;111;00.04;01.09
2021-08;Bukadra;Bukadra;TRUE;312;3363;13,50;20;120;42;66;00.04;01.09
2021-09;Bukadra;Bukadra;TRUE;311;3349;14,38;20;149;65;47;00.04;01.09
2021-10;Bukadra;Bukadra;TRUE;315;3393;14,21;20;52;47;22;00.04;01.09
2021-11;Bukadra;Bukadra;TRUE;315;3387;15,25;20;30;62;62;00.04;01.09
2021-12;Bukadra;Bukadra;TRUE;325;3496;14,33;21;57;67;58;00.04;01.09
2022-01;Bukadra;Bukadra;TRUE;336;3612;15,08;22;100;8;44;00.04;01.09
2022-02;Bukadra;Bukadra;TRUE;333;3588;15,67;22;64;42;93;00.04;01.09
2022-03;Bukadra;Bukadra;TRUE;339;3644;15,00;22;153;35;111;00.04;01.09
2022-04;Bukadra;Bukadra;TRUE;352;3789;16,08;23;124;42;18;01.04;02.09
2022-05;Bukadra;Bukadra;TRUE;370;3981;16,67;24;138;6;107;01.04;02.09
2022-06;Bukadra;Bukadra;TRUE;374;4031;16,46;24;28;76;108;01.04;02.09
2022-07;Bukadra;Bukadra;TRUE;362;3892;16,58;23;152;47;84;01.04;02.09
2022-08;Bukadra;Bukadra;TRUE;390;4196;17,67;25;175;13;89;01.04;02.09
2022-09;Bukadra;Bukadra;TRUE;393;4226;18,88;26;124;64;69;01.04;02.09
2022-10;Bukadra;Bukadra;TRUE;380;4092;17,21;25;27;67;80;04.04;05.09
2022-11;Bukadra;Bukadra;TRUE;409;4402;18,83;27;86;36;119;04.04;05.09
2022-12;Bukadra;Bukadra;TRUE;408;4392;18,50;27;163;74;14;04.04;05.09
2023-01;Bukadra;Bukadra;TRUE;401;4318;18,63;26;26;35;44;04.04;05.09
2023-02;Bukadra;Bukadra;TRUE;446;4802;20,25;29;161;21;45;04.04;05.09
2023-03;Bukadra;Bukadra;TRUE;438;4715;19,75;28;167;62;10;04.04;05.09
2023-04;Bukadra;Bukadra;TRUE;456;4905;20,00;30;112;70;70;04.04;05.09
2023-05;Bukadra;Bukadra;TRUE;446;4796;20,25;29;36;49;30;04.04;05.09
2023-06;Bukadra;Bukadra;TRUE;456;4910;21,42;30;38;12;60;04.04;05.09
2023-07;Bukadra;Bukadra;TRUE;469;5047;21,25;30;113;62;55;05.04;06.09
2023-08;Bukadra;Bukadra;TRUE;476;5120;22,25;31;86;28;32;05.04;06.09
2023-09;Bukadra;Bukadra;TRUE;467;5030;21,33;30;27;45;68;05.04;06.09
2023-10;Bukadra;Bukadra;TRUE;507;5454;23,50;33;125;74;69;05.04;06.09
2023-11;Bukadra;Bukadra;TRUE;494;5312;22,71;32;46;26;31;05.04;06.09
2023-12;Bukadra;Bukadra;TRUE;484;5211;22,71;31;168;26;70;05.04;06.09
2024-01;Bukadra;Bukadra;TRUE;480;5164;21,33;31;99;42;71;05.04;06.09
2024-02;Bukadra;Bukadra;TRUE;492;5298;22,21;32;111;76;117;05.04;06.09
2024-03;Bukadra;Bukadra;TRUE;478;5140;21,25;31;164;46;49;05.04;06.09
2024-04;Bukadra;Bukadra;TRUE;457;4916;20,96;30;60;40;34;05.04;06.09
2024-05;Bukadra;Bukadra;TRUE;477;5133;21,17;31;130;35;19;05.04;06.09
2024-06;Bukadra;Bukadra;TRUE;475;5115;21,67;31;86;69;41;05.04;06.09
2024-07;Bukadra;Bukadra;TRUE;479;5156;22,75;31;172;29;53;0,211805556;06.15
2024-08;Bukadra;Bukadra;TRUE;471;5068;21,42;31;126;31;104;0,211805556;06.15
2024-09;Bukadra;Bukadra;TRUE;463;4987;21,71;30;179;62;103;0,211805556;06.15
2024-10;Bukadra;Bukadra;TRUE;502;5405;23,38;33;103;12;65;0,211805556;06.15
2024-11;Bukadra;Bukadra;TRUE;462;4976;20,71;30;122;67;15;0,211805556;06.15
2024-12;Bukadra;Bukadra;TRUE;477;5135;20,71;31;160;10;86;0,211805556;06.15
2025-01;Bukadra;Bukadra;TRUE;472;5076;20,88;31;39;67;76;0,211805556;06.15
2025-02;Bukadra;Bukadra;TRUE;466;5012;21,25;30;112;75;35;0,211805556;06.15
2025-03;Bukadra;Bukadra;TRUE;468;5042;20,92;30;123;76;44;0,211805556;06.15
2025-04;Bukadra;Bukadra;TRUE;458;4930;20,04;30;131;32;115;0,211805556;06.15
2025-05;Bukadra;Bukadra;TRUE;460;4949;20,92;30;100;44;103;0,211805556;06.15
2025-06;Bukadra;Bukadra;TRUE;450;4844;19,96;29;83;78;74;0,211805556;06.15
2025-07;Bukadra;Bukadra;TRUE;472;5077;21,67;31;89;70;21;04.00;05.05
2025-08;Bukadra;Bukadra;TRUE;481;5176;21,92;31;143;65;56;04.00;05.05
2025-09;Bukadra;Bukadra;TRUE;464;4989;21,54;30;109;51;54;04.00;05.05
2025-10;Bukadra;Bukadra;TRUE;485;5222;21,54;32;151;67;36;04.00;05.05
2025-11;Bukadra;Bukadra;TRUE;461;4964;20,88;30;24;63;57;04.00;05.05
2025-12;Bukadra;Bukadra;TRUE;456;4911;20,67;30;35;5;73;04.00;05.05
2026-01;Bukadra;Bukadra;TRUE;466;5017;22,21;30;142;58;116;04.00;05.05
2026-02;Bukadra;Bukadra;TRUE;464;4990;21,83;30;121;18;73;04.00;05.05
2026-03;Bukadra;Bukadra;TRUE;483;5196;22,46;31;132;60;67;04.00;05.05
2026-04;Bukadra;Bukadra;TRUE;468;5037;21,00;30;98;60;89;04.00;05.05
2020-01;Madinat Jumeirah Living;Jumeirah;TRUE;603;6494;28,04;39;158;39;113;01.05;03.00
2020-02;Madinat Jumeirah Living;Jumeirah;TRUE;570;6135;25,83;37;64;54;64;01.05;03.00
2020-03;Madinat Jumeirah Living;Jumeirah;TRUE;565;6080;25,92;37;51;67;60;01.05;03.00
2020-04;Madinat Jumeirah Living;Jumeirah;TRUE;587;6320;27,13;38;47;16;110;00.04;01.09
2020-05;Madinat Jumeirah Living;Jumeirah;TRUE;550;5919;25,67;36;53;70;118;00.04;01.09
2020-06;Madinat Jumeirah Living;Jumeirah;TRUE;562;6050;25,67;37;116;77;77;00.04;01.09
2020-07;Madinat Jumeirah Living;Jumeirah;TRUE;561;6040;26,00;36;129;52;96;00.04;01.09
2020-08;Madinat Jumeirah Living;Jumeirah;TRUE;544;5857;24,75;35;170;27;35;00.04;01.09
2020-09;Madinat Jumeirah Living;Jumeirah;TRUE;544;5851;24,13;35;46;10;91;00.04;01.09
2020-10;Madinat Jumeirah Living;Jumeirah;TRUE;545;5866;25,33;35;41;21;19;00.04;01.09
2020-11;Madinat Jumeirah Living;Jumeirah;TRUE;564;6073;25,63;37;73;18;102;00.04;01.09
2020-12;Madinat Jumeirah Living;Jumeirah;TRUE;559;6014;24,00;36;161;67;36;00.04;01.09
2021-01;Madinat Jumeirah Living;Jumeirah;TRUE;558;6008;25,42;36;85;44;72;00.04;01.09
2021-02;Madinat Jumeirah Living;Jumeirah;TRUE;581;6254;26,08;38;48;9;41;00.04;01.09
2021-03;Madinat Jumeirah Living;Jumeirah;TRUE;579;6228;27,38;38;101;6;57;00.04;01.09
2021-04;Madinat Jumeirah Living;Jumeirah;TRUE;572;6153;26,13;37;32;27;74;00.04;01.09
2021-05;Madinat Jumeirah Living;Jumeirah;TRUE;603;6491;27,67;39;74;11;108;00.04;01.09
2021-06;Madinat Jumeirah Living;Jumeirah;TRUE;599;6445;28,38;39;62;24;27;00.04;01.09
2021-07;Madinat Jumeirah Living;Jumeirah;TRUE;637;6860;30,46;41;95;53;28;00.04;01.09
2021-08;Madinat Jumeirah Living;Jumeirah;TRUE;621;6686;28,33;40;18;60;70;00.04;01.09
2021-09;Madinat Jumeirah Living;Jumeirah;TRUE;657;7075;29,79;43;81;44;72;00.04;01.09
2021-10;Madinat Jumeirah Living;Jumeirah;TRUE;661;7110;29,33;43;121;16;41;00.04;01.09
2021-11;Madinat Jumeirah Living;Jumeirah;TRUE;676;7278;32,08;44;154;60;14;00.04;01.09
2021-12;Madinat Jumeirah Living;Jumeirah;TRUE;712;7665;32,54;46;166;77;68;00.04;01.09
2022-01;Madinat Jumeirah Living;Jumeirah;TRUE;702;7557;31,42;46;25;8;28;00.04;01.09
2022-02;Madinat Jumeirah Living;Jumeirah;TRUE;721;7765;32,63;47;142;42;111;00.04;01.09
2022-03;Madinat Jumeirah Living;Jumeirah;TRUE;729;7848;33,63;47;105;70;31;00.04;01.09
2022-04;Madinat Jumeirah Living;Jumeirah;TRUE;778;8374;34,67;51;143;51;113;01.04;02.09
2022-05;Madinat Jumeirah Living;Jumeirah;TRUE;762;8198;36,67;50;77;71;21;01.04;02.09
2022-06;Madinat Jumeirah Living;Jumeirah;TRUE;800;8609;36,33;52;45;20;107;01.04;02.09
2022-07;Madinat Jumeirah Living;Jumeirah;TRUE;837;9011;38,96;54;151;58;32;01.04;02.09
2022-08;Madinat Jumeirah Living;Jumeirah;TRUE;848;9127;40,42;55;142;79;45;01.04;02.09
2022-09;Madinat Jumeirah Living;Jumeirah;TRUE;843;9076;39,29;55;168;73;19;01.04;02.09
2022-10;Madinat Jumeirah Living;Jumeirah;TRUE;856;9218;39,54;56;23;17;74;04.04;05.09
2022-11;Madinat Jumeirah Living;Jumeirah;TRUE;867;9332;38,08;56;110;34;30;04.04;05.09
2022-12;Madinat Jumeirah Living;Jumeirah;TRUE;857;9222;39,13;56;116;8;28;04.04;05.09
2023-01;Madinat Jumeirah Living;Jumeirah;TRUE;865;9315;39,96;56;157;18;59;04.04;05.09
2023-02;Madinat Jumeirah Living;Jumeirah;TRUE;919;9895;43,46;60;162;31;36;04.04;05.09
2023-03;Madinat Jumeirah Living;Jumeirah;TRUE;918;9877;39,96;60;116;70;70;04.04;05.09
2023-04;Madinat Jumeirah Living;Jumeirah;TRUE;954;10269;43,33;62;158;68;44;04.04;05.09
2023-05;Madinat Jumeirah Living;Jumeirah;TRUE;945;10168;44,33;61;133;57;87;04.04;05.09
2023-06;Madinat Jumeirah Living;Jumeirah;TRUE;954;10264;42,54;62;28;69;23;04.04;05.09
2023-07;Madinat Jumeirah Living;Jumeirah;TRUE;1017;10947;48,75;66;167;74;73;05.04;06.09
2023-08;Madinat Jumeirah Living;Jumeirah;TRUE;1008;10854;47,21;66;29;40;24;05.04;06.09
2023-09;Madinat Jumeirah Living;Jumeirah;TRUE;1047;11271;49,04;68;175;25;89;05.04;06.09
2023-10;Madinat Jumeirah Living;Jumeirah;TRUE;1022;11003;44,00;66;63;75;68;05.04;06.09
2023-11;Madinat Jumeirah Living;Jumeirah;TRUE;1022;11004;47,63;66;150;33;117;05.04;06.09
2023-12;Madinat Jumeirah Living;Jumeirah;TRUE;1006;10827;46,75;65;32;18;42;05.04;06.09
2024-01;Madinat Jumeirah Living;Jumeirah;TRUE;1020;10981;47,25;66;19;65;98;05.04;06.09
2024-02;Madinat Jumeirah Living;Jumeirah;TRUE;1036;11153;48,21;67;118;66;49;05.04;06.09
2024-03;Madinat Jumeirah Living;Jumeirah;TRUE;1013;10903;45,67;66;101;26;96;05.04;06.09
2024-04;Madinat Jumeirah Living;Jumeirah;TRUE;995;10709;43,42;65;144;39;67;05.04;06.09
2024-05;Madinat Jumeirah Living;Jumeirah;TRUE;971;10449;46,71;63;110;19;82;05.04;06.09
2024-06;Madinat Jumeirah Living;Jumeirah;TRUE;1023;11014;47,17;67;177;10;18;05.04;06.09
2024-07;Madinat Jumeirah Living;Jumeirah;TRUE;990;10654;45,71;64;32;26;47;0,211805556;06.15
2024-08;Madinat Jumeirah Living;Jumeirah;TRUE;1004;10811;44,88;65;62;33;55;0,211805556;06.15
2024-09;Madinat Jumeirah Living;Jumeirah;TRUE;1002;10788;47,00;65;164;65;68;0,211805556;06.15
2024-10;Madinat Jumeirah Living;Jumeirah;TRUE;971;10450;46,25;63;82;17;23;0,211805556;06.15
2024-11;Madinat Jumeirah Living;Jumeirah;TRUE;1048;11278;45,67;68;42;69;51;0,211805556;06.15
2024-12;Madinat Jumeirah Living;Jumeirah;TRUE;1001;10771;47,67;65;119;56;60;0,211805556;06.15
2025-01;Madinat Jumeirah Living;Jumeirah;TRUE;948;10209;43,54;62;25;20;32;0,211805556;06.15
2025-02;Madinat Jumeirah Living;Jumeirah;TRUE;996;10719;46,63;65;32;20;56;0,211805556;06.15
2025-03;Madinat Jumeirah Living;Jumeirah;TRUE;1009;10863;46,29;66;69;13;78;0,211805556;06.15
2025-04;Madinat Jumeirah Living;Jumeirah;TRUE;992;10682;44,50;65;32;54;114;0,211805556;06.15
2025-05;Madinat Jumeirah Living;Jumeirah;TRUE;981;10565;45,79;64;127;18;72;0,211805556;06.15
2025-06;Madinat Jumeirah Living;Jumeirah;TRUE;973;10470;45,17;63;113;53;91;0,211805556;06.15
2025-07;Madinat Jumeirah Living;Jumeirah;TRUE;968;10423;45,38;63;105;79;102;04.00;05.05
2025-08;Madinat Jumeirah Living;Jumeirah;TRUE;1006;10828;44,83;65;28;16;105;04.00;05.05
2025-09;Madinat Jumeirah Living;Jumeirah;TRUE;975;10492;44,33;63;79;56;16;04.00;05.05
2025-10;Madinat Jumeirah Living;Jumeirah;TRUE;1003;10801;46,92;65;114;53;48;04.00;05.05
2025-11;Madinat Jumeirah Living;Jumeirah;TRUE;965;10385;44,54;63;106;18;51;04.00;05.05
2025-12;Madinat Jumeirah Living;Jumeirah;TRUE;998;10738;46,75;65;159;13;64;04.00;05.05
2026-01;Madinat Jumeirah Living;Jumeirah;TRUE;990;10653;46,88;64;81;11;39;04.00;05.05
2026-02;Madinat Jumeirah Living;Jumeirah;TRUE;1017;10949;45,71;66;132;29;10;04.00;05.05
2026-03;Madinat Jumeirah Living;Jumeirah;TRUE;1041;11205;47,25;68;30;41;53;04.00;05.05
2026-04;Madinat Jumeirah Living;Jumeirah;TRUE;983;10580;45,17;64;48;76;74;04.00;05.05
2020-01;La Mer;Jumeirah;TRUE;622;6692;28,67;40;38;10;20;01.05;03.00
2020-02;La Mer;Jumeirah;TRUE;662;7123;30,88;43;126;64;60;01.05;03.00
2020-03;La Mer;Jumeirah;TRUE;637;6853;29,00;41;146;58;106;01.05;03.00
2020-04;La Mer;Jumeirah;TRUE;626;6739;29,54;41;54;59;73;00.04;01.09
2020-05;La Mer;Jumeirah;TRUE;609;6557;29,13;40;40;38;14;00.04;01.09
2020-06;La Mer;Jumeirah;TRUE;623;6705;28,13;40;37;10;52;00.04;01.09
2020-07;La Mer;Jumeirah;TRUE;584;6288;27,46;38;31;52;117;00.04;01.09
2020-08;La Mer;Jumeirah;TRUE;608;6544;26,58;40;35;72;35;00.04;01.09
2020-09;La Mer;Jumeirah;TRUE;595;6407;28,21;39;33;28;112;00.04;01.09
2020-10;La Mer;Jumeirah;TRUE;596;6414;26,67;39;113;36;77;00.04;01.09
2020-11;La Mer;Jumeirah;TRUE;590;6351;27,38;38;58;42;31;00.04;01.09
2020-12;La Mer;Jumeirah;TRUE;600;6457;27,83;39;109;31;30;00.04;01.09
2021-01;La Mer;Jumeirah;TRUE;632;6805;28,04;41;103;29;49;00.04;01.09
2021-02;La Mer;Jumeirah;TRUE;655;7050;29,92;43;141;41;99;00.04;01.09
2021-03;La Mer;Jumeirah;TRUE;642;6908;29,79;42;153;32;86;00.04;01.09
2021-04;La Mer;Jumeirah;TRUE;662;7128;29,71;43;171;23;74;00.04;01.09
2021-05;La Mer;Jumeirah;TRUE;688;7411;31,00;45;57;9;81;00.04;01.09
2021-06;La Mer;Jumeirah;TRUE;664;7145;29,79;43;170;27;58;00.04;01.09
2021-07;La Mer;Jumeirah;TRUE;671;7224;29,96;44;27;75;79;00.04;01.09
2021-08;La Mer;Jumeirah;TRUE;698;7515;31,88;45;78;70;112;00.04;01.09
2021-09;La Mer;Jumeirah;TRUE;690;7426;31,29;45;71;51;22;00.04;01.09
2021-10;La Mer;Jumeirah;TRUE;727;7822;34,63;47;129;67;24;00.04;01.09
2021-11;La Mer;Jumeirah;TRUE;745;8020;34,00;48;98;10;107;00.04;01.09
2021-12;La Mer;Jumeirah;TRUE;762;8206;34,46;50;115;35;83;00.04;01.09
2022-01;La Mer;Jumeirah;TRUE;778;8371;33,83;51;34;18;51;00.04;01.09
2022-02;La Mer;Jumeirah;TRUE;780;8398;35,67;51;164;20;52;00.04;01.09
2022-03;La Mer;Jumeirah;TRUE;817;8792;38,13;53;64;18;14;00.04;01.09
2022-04;La Mer;Jumeirah;TRUE;803;8648;36,04;52;28;22;33;01.04;02.09
2022-05;La Mer;Jumeirah;TRUE;857;9223;39,17;56;22;67;109;01.04;02.09
2022-06;La Mer;Jumeirah;TRUE;867;9336;39,08;56;48;59;107;01.04;02.09
2022-07;La Mer;Jumeirah;TRUE;866;9321;40,63;56;122;38;37;01.04;02.09
2022-08;La Mer;Jumeirah;TRUE;914;9835;41,88;59;149;8;76;01.04;02.09
2022-09;La Mer;Jumeirah;TRUE;905;9743;40,96;59;51;46;89;01.04;02.09
2022-10;La Mer;Jumeirah;TRUE;926;9968;42,42;60;25;28;19;04.04;05.09
2022-11;La Mer;Jumeirah;TRUE;983;10580;45,00;64;67;71;87;04.04;05.09
2022-12;La Mer;Jumeirah;TRUE;947;10195;43,13;62;19;71;31;04.04;05.09
2023-01;La Mer;Jumeirah;TRUE;986;10610;46,67;64;122;38;71;04.04;05.09
2023-02;La Mer;Jumeirah;TRUE;999;10756;46,46;65;68;53;113;04.04;05.09
2023-03;La Mer;Jumeirah;TRUE;1015;10928;48,50;66;82;79;103;04.04;05.09
2023-04;La Mer;Jumeirah;TRUE;999;10758;46,21;65;164;74;70;04.04;05.09
2023-05;La Mer;Jumeirah;TRUE;1056;11362;48,75;69;49;68;93;04.04;05.09
2023-06;La Mer;Jumeirah;TRUE;1008;10853;47,25;66;116;50;115;04.04;05.09
2023-07;La Mer;Jumeirah;TRUE;1063;11445;48,58;69;94;28;15;05.04;06.09
2023-08;La Mer;Jumeirah;TRUE;1100;11836;52,00;71;97;59;95;05.04;06.09
2023-09;La Mer;Jumeirah;TRUE;1094;11771;52,46;71;74;42;84;05.04;06.09
2023-10;La Mer;Jumeirah;TRUE;1191;12816;51,75;77;104;45;74;05.04;06.09
2023-11;La Mer;Jumeirah;TRUE;1073;11551;48,13;70;141;76;43;05.04;06.09
2023-12;La Mer;Jumeirah;TRUE;1115;11997;50,88;72;76;38;34;05.04;06.09
2024-01;La Mer;Jumeirah;TRUE;1125;12108;52,29;73;89;72;31;05.04;06.09
2024-02;La Mer;Jumeirah;TRUE;1148;12356;54,00;75;48;73;18;05.04;06.09
2024-03;La Mer;Jumeirah;TRUE;1102;11857;50,33;72;100;12;50;05.04;06.09
2024-04;La Mer;Jumeirah;TRUE;1130;12167;51,38;73;52;41;48;05.04;06.09
2024-05;La Mer;Jumeirah;TRUE;1066;11469;48,21;69;25;18;12;05.04;06.09
2024-06;La Mer;Jumeirah;TRUE;1132;12184;50,63;74;30;51;22;05.04;06.09
2024-07;La Mer;Jumeirah;TRUE;1101;11855;47,67;72;78;46;56;0,211805556;06.15
2024-08;La Mer;Jumeirah;TRUE;1109;11932;52,08;72;169;16;103;0,211805556;06.15
2024-09;La Mer;Jumeirah;TRUE;1103;11876;52,29;72;168;19;40;0,211805556;06.15
2024-10;La Mer;Jumeirah;TRUE;1094;11775;48,96;71;80;20;94;0,211805556;06.15
2024-11;La Mer;Jumeirah;TRUE;1113;11981;51,13;72;173;45;119;0,211805556;06.15
2024-12;La Mer;Jumeirah;TRUE;1094;11781;50,50;71;104;41;33;0,211805556;06.15
2025-01;La Mer;Jumeirah;TRUE;1075;11568;49,00;70;118;77;83;0,211805556;06.15
2025-02;La Mer;Jumeirah;TRUE;1133;12199;49,88;74;176;37;27;0,211805556;06.15
2025-03;La Mer;Jumeirah;TRUE;1066;11476;47,88;69;69;68;15;0,211805556;06.15
2025-04;La Mer;Jumeirah;TRUE;1087;11700;48,79;71;100;26;43;0,211805556;06.15
2025-05;La Mer;Jumeirah;TRUE;1072;11536;48,33;70;136;38;106;0,211805556;06.15
2025-06;La Mer;Jumeirah;TRUE;1076;11584;48,04;70;167;39;99;0,211805556;06.15
2025-07;La Mer;Jumeirah;TRUE;1108;11923;51,21;72;21;42;119;04.00;05.05
2025-08;La Mer;Jumeirah;TRUE;1110;11946;52,38;72;97;17;72;04.00;05.05
2025-09;La Mer;Jumeirah;TRUE;1135;12216;51,21;74;176;35;22;04.00;05.05
2025-10;La Mer;Jumeirah;TRUE;1096;11798;50,04;71;168;51;85;04.00;05.05
2025-11;La Mer;Jumeirah;TRUE;1085;11682;49,42;71;66;77;14;04.00;05.05
2025-12;La Mer;Jumeirah;TRUE;1102;11864;50,71;72;150;55;71;04.00;05.05
2026-01;La Mer;Jumeirah;TRUE;1088;11715;49,42;71;154;50;34;04.00;05.05
2026-02;La Mer;Jumeirah;TRUE;1057;11383;49,00;69;15;64;47;04.00;05.05
2026-03;La Mer;Jumeirah;TRUE;1120;12060;52,25;73;67;40;29;04.00;05.05
2026-04;La Mer;Jumeirah;TRUE;1075;11573;51,25;70;44;59;102;04.00;05.05
2020-01;Bulgari Resort;Jumeirah Bay;TRUE;1438;15477;64,04;93;95;16;83;01.05;03.00
2020-02;Bulgari Resort;Jumeirah Bay;TRUE;1464;15755;64,79;95;143;17;111;01.05;03.00
2020-03;Bulgari Resort;Jumeirah Bay;TRUE;1420;15282;64,67;92;61;53;10;01.05;03.00
2020-04;Bulgari Resort;Jumeirah Bay;TRUE;1424;15331;67,33;93;18;50;53;00.04;01.09
2020-05;Bulgari Resort;Jumeirah Bay;TRUE;1457;15682;64,63;95;15;12;45;00.04;01.09
2020-06;Bulgari Resort;Jumeirah Bay;TRUE;1418;15264;65,83;92;113;42;18;00.04;01.09
2020-07;Bulgari Resort;Jumeirah Bay;TRUE;1398;15051;65,75;91;166;39;111;00.04;01.09
2020-08;Bulgari Resort;Jumeirah Bay;TRUE;1373;14782;61,25;89;68;17;45;00.04;01.09
2020-09;Bulgari Resort;Jumeirah Bay;TRUE;1343;14457;64,71;87;59;71;41;00.04;01.09
2020-10;Bulgari Resort;Jumeirah Bay;TRUE;1326;14268;60,25;86;20;56;110;00.04;01.09
2020-11;Bulgari Resort;Jumeirah Bay;TRUE;1375;14798;65,04;89;94;47;12;00.04;01.09
2020-12;Bulgari Resort;Jumeirah Bay;TRUE;1373;14783;60,96;89;115;43;115;00.04;01.09
2021-01;Bulgari Resort;Jumeirah Bay;TRUE;1379;14848;66,58;90;124;56;50;00.04;01.09
2021-02;Bulgari Resort;Jumeirah Bay;TRUE;1431;15407;67,50;93;74;8;20;00.04;01.09
2021-03;Bulgari Resort;Jumeirah Bay;TRUE;1398;15053;63,33;91;29;72;51;00.04;01.09
2021-04;Bulgari Resort;Jumeirah Bay;TRUE;1431;15404;61,42;93;83;7;85;00.04;01.09
2021-05;Bulgari Resort;Jumeirah Bay;TRUE;1483;15958;68,17;96;156;35;74;00.04;01.09
2021-06;Bulgari Resort;Jumeirah Bay;TRUE;1475;15874;68,08;96;125;33;87;00.04;01.09
2021-07;Bulgari Resort;Jumeirah Bay;TRUE;1532;16493;71,63;100;58;18;86;00.04;01.09
2021-08;Bulgari Resort;Jumeirah Bay;TRUE;1517;16331;68,46;99;127;35;83;00.04;01.09
2021-09;Bulgari Resort;Jumeirah Bay;TRUE;1526;16424;72,21;99;51;10;81;00.04;01.09
2021-10;Bulgari Resort;Jumeirah Bay;TRUE;1611;17340;71,00;105;55;6;41;00.04;01.09
2021-11;Bulgari Resort;Jumeirah Bay;TRUE;1633;17575;74,58;106;120;61;36;00.04;01.09
2021-12;Bulgari Resort;Jumeirah Bay;TRUE;1691;18203;77,92;110;44;43;58;00.04;01.09
2022-01;Bulgari Resort;Jumeirah Bay;TRUE;1778;19134;82,00;116;53;39;14;00.04;01.09
2022-02;Bulgari Resort;Jumeirah Bay;TRUE;1783;19189;83,17;116;85;33;15;00.04;01.09
2022-03;Bulgari Resort;Jumeirah Bay;TRUE;1809;19475;86,88;118;157;74;38;00.04;01.09
2022-04;Bulgari Resort;Jumeirah Bay;TRUE;1883;20263;86,58;122;128;25;18;01.04;02.09
2022-05;Bulgari Resort;Jumeirah Bay;TRUE;1883;20273;90,63;122;157;35;65;01.04;02.09
2022-06;Bulgari Resort;Jumeirah Bay;TRUE;1971;21213;87,67;128;158;13;88;01.04;02.09
2022-07;Bulgari Resort;Jumeirah Bay;TRUE;1955;21041;88,21;127;138;66;14;01.04;02.09
2022-08;Bulgari Resort;Jumeirah Bay;TRUE;1977;21278;88,58;128;20;73;44;01.04;02.09
2022-09;Bulgari Resort;Jumeirah Bay;TRUE;2007;21600;92,00;130;94;75;26;01.04;02.09
2022-10;Bulgari Resort;Jumeirah Bay;TRUE;2050;22066;91,33;133;96;62;52;04.04;05.09
2022-11;Bulgari Resort;Jumeirah Bay;TRUE;2131;22933;95,17;138;98;25;85;04.04;05.09
2022-12;Bulgari Resort;Jumeirah Bay;TRUE;2147;23115;100,58;140;75;68;48;04.04;05.09
2023-01;Bulgari Resort;Jumeirah Bay;TRUE;2157;23220;102,29;140;124;38;51;04.04;05.09
2023-02;Bulgari Resort;Jumeirah Bay;TRUE;2274;24475;107,04;148;161;70;119;04.04;05.09
2023-03;Bulgari Resort;Jumeirah Bay;TRUE;2238;24094;100,17;145;65;73;62;04.04;05.09
2023-04;Bulgari Resort;Jumeirah Bay;TRUE;2277;24512;104,75;148;100;77;23;04.04;05.09
2023-05;Bulgari Resort;Jumeirah Bay;TRUE;2227;23968;101,58;145;87;47;74;04.04;05.09
2023-06;Bulgari Resort;Jumeirah Bay;TRUE;2272;24451;105,21;148;35;57;12;04.04;05.09
2023-07;Bulgari Resort;Jumeirah Bay;TRUE;2536;27295;112,83;165;103;49;57;05.04;06.09
2023-08;Bulgari Resort;Jumeirah Bay;TRUE;2497;26882;114,46;162;148;53;60;05.04;06.09
2023-09;Bulgari Resort;Jumeirah Bay;TRUE;2559;27541;114,79;166;51;76;72;05.04;06.09
2023-10;Bulgari Resort;Jumeirah Bay;TRUE;2610;28093;116,88;170;147;48;53;05.04;06.09
2023-11;Bulgari Resort;Jumeirah Bay;TRUE;2457;26446;113,83;160;73;69;75;05.04;06.09
2023-12;Bulgari Resort;Jumeirah Bay;TRUE;2501;26925;109,38;163;178;54;87;05.04;06.09
2024-01;Bulgari Resort;Jumeirah Bay;TRUE;2476;26655;114,71;161;113;23;10;05.04;06.09
2024-02;Bulgari Resort;Jumeirah Bay;TRUE;2514;27064;111,63;163;113;69;74;05.04;06.09
2024-03;Bulgari Resort;Jumeirah Bay;TRUE;2545;27392;111,46;165;18;23;18;05.04;06.09
2024-04;Bulgari Resort;Jumeirah Bay;TRUE;2504;26956;111,67;163;112;20;30;05.04;06.09
2024-05;Bulgari Resort;Jumeirah Bay;TRUE;2486;26763;112,54;162;53;7;89;05.04;06.09
2024-06;Bulgari Resort;Jumeirah Bay;TRUE;2538;27315;116,96;165;64;77;74;05.04;06.09
2024-07;Bulgari Resort;Jumeirah Bay;TRUE;2472;26603;111,33;161;128;9;60;0,211805556;06.15
2024-08;Bulgari Resort;Jumeirah Bay;TRUE;2497;26878;117,88;162;74;37;74;0,211805556;06.15
2024-09;Bulgari Resort;Jumeirah Bay;TRUE;2508;27000;113,29;163;129;41;42;0,211805556;06.15
2024-10;Bulgari Resort;Jumeirah Bay;TRUE;2397;25802;109,42;156;66;29;68;0,211805556;06.15
2024-11;Bulgari Resort;Jumeirah Bay;TRUE;2537;27313;117,25;165;80;48;79;0,211805556;06.15
2024-12;Bulgari Resort;Jumeirah Bay;TRUE;2503;26945;114,83;163;63;56;107;0,211805556;06.15
2025-01;Bulgari Resort;Jumeirah Bay;TRUE;2404;25873;111,79;156;50;39;63;0,211805556;06.15
2025-02;Bulgari Resort;Jumeirah Bay;TRUE;2444;26303;112,67;159;164;7;70;0,211805556;06.15
2025-03;Bulgari Resort;Jumeirah Bay;TRUE;2539;27328;115,92;165;163;42;111;0,211805556;06.15
2025-04;Bulgari Resort;Jumeirah Bay;TRUE;2428;26140;113,54;158;70;53;28;0,211805556;06.15
2025-05;Bulgari Resort;Jumeirah Bay;TRUE;2450;26377;112,96;159;147;16;16;0,211805556;06.15
2025-06;Bulgari Resort;Jumeirah Bay;TRUE;2383;25656;110,04;155;83;51;65;0,211805556;06.15
2025-07;Bulgari Resort;Jumeirah Bay;TRUE;2458;26462;110,13;160;105;31;64;04.00;05.05
2025-08;Bulgari Resort;Jumeirah Bay;TRUE;2458;26455;110,17;160;66;67;33;04.00;05.05
2025-09;Bulgari Resort;Jumeirah Bay;TRUE;2338;25162;102,92;152;70;33;55;04.00;05.05
2025-10;Bulgari Resort;Jumeirah Bay;TRUE;2408;25924;110,96;157;92;30;90;04.00;05.05
2025-11;Bulgari Resort;Jumeirah Bay;TRUE;2397;25806;105,29;156;129;18;78;04.00;05.05
2025-12;Bulgari Resort;Jumeirah Bay;TRUE;2380;25623;110,25;155;103;23;119;04.00;05.05
2026-01;Bulgari Resort;Jumeirah Bay;TRUE;2344;25234;106,42;152;59;59;118;04.00;05.05
2026-02;Bulgari Resort;Jumeirah Bay;TRUE;2439;26258;112,21;159;64;15;30;04.00;05.05
2026-03;Bulgari Resort;Jumeirah Bay;TRUE;2600;27990;117,71;169;130;51;76;04.00;05.05
2026-04;Bulgari Resort;Jumeirah Bay;TRUE;2478;26676;115,79;161;176;27;110;04.00;05.05
2020-01;Al Reem;Arabian Ranches;TRUE;309;3326;14,42;20;104;27;111;01.05;03.00
2020-02;Al Reem;Arabian Ranches;TRUE;293;3149;13,63;19;170;42;19;01.05;03.00
2020-03;Al Reem;Arabian Ranches;TRUE;305;3280;13,92;20;129;20;27;01.05;03.00
2020-04;Al Reem;Arabian Ranches;TRUE;297;3196;13,88;19;93;39;34;00.04;01.09
2020-05;Al Reem;Arabian Ranches;TRUE;302;3253;14,13;20;65;37;34;00.04;01.09
2020-06;Al Reem;Arabian Ranches;TRUE;282;3031;13,50;18;179;25;23;00.04;01.09
2020-07;Al Reem;Arabian Ranches;TRUE;290;3125;13,17;19;99;53;52;00.04;01.09
2020-08;Al Reem;Arabian Ranches;TRUE;296;3185;13,04;19;31;46;80;00.04;01.09
2020-09;Al Reem;Arabian Ranches;TRUE;289;3113;13,21;19;145;12;39;00.04;01.09
2020-10;Al Reem;Arabian Ranches;TRUE;268;2883;12,04;17;44;9;70;00.04;01.09
2020-11;Al Reem;Arabian Ranches;TRUE;276;2971;13,33;18;30;76;13;00.04;01.09
2020-12;Al Reem;Arabian Ranches;TRUE;283;3046;12,79;18;42;53;41;00.04;01.09
2021-01;Al Reem;Arabian Ranches;TRUE;304;3269;13,83;20;134;65;73;00.04;01.09
2021-02;Al Reem;Arabian Ranches;TRUE;302;3254;13,79;20;97;9;105;00.04;01.09
2021-03;Al Reem;Arabian Ranches;TRUE;315;3390;14,79;20;148;23;77;00.04;01.09
2021-04;Al Reem;Arabian Ranches;TRUE;323;3476;14,96;21;78;34;73;00.04;01.09
2021-05;Al Reem;Arabian Ranches;TRUE;313;3365;14,29;20;118;51;100;00.04;01.09
2021-06;Al Reem;Arabian Ranches;TRUE;333;3581;15,29;22;112;12;41;00.04;01.09
2021-07;Al Reem;Arabian Ranches;TRUE;315;3389;14,42;20;84;70;40;00.04;01.09
2021-08;Al Reem;Arabian Ranches;TRUE;334;3598;15,38;22;68;49;30;00.04;01.09
2021-09;Al Reem;Arabian Ranches;TRUE;329;3545;15,08;21;78;10;41;00.04;01.09
2021-10;Al Reem;Arabian Ranches;TRUE;338;3637;15,04;22;66;57;31;00.04;01.09
2021-11;Al Reem;Arabian Ranches;TRUE;365;3933;17,29;24;66;36;40;00.04;01.09
2021-12;Al Reem;Arabian Ranches;TRUE;365;3924;17,29;24;83;26;79;00.04;01.09
2022-01;Al Reem;Arabian Ranches;TRUE;356;3836;16,50;23;155;22;84;00.04;01.09
2022-02;Al Reem;Arabian Ranches;TRUE;372;4001;16,79;24;147;9;94;00.04;01.09
2022-03;Al Reem;Arabian Ranches;TRUE;382;4116;17,04;25;50;73;28;00.04;01.09
2022-04;Al Reem;Arabian Ranches;TRUE;391;4209;17,29;25;129;31;104;01.04;02.09
2022-05;Al Reem;Arabian Ranches;TRUE;410;4417;19,04;27;133;79;70;01.04;02.09
2022-06;Al Reem;Arabian Ranches;TRUE;404;4345;18,63;26;121;65;24;01.04;02.09
2022-07;Al Reem;Arabian Ranches;TRUE;412;4438;19,54;27;126;24;62;01.04;02.09
2022-08;Al Reem;Arabian Ranches;TRUE;408;4392;18,96;27;147;79;45;01.04;02.09
2022-09;Al Reem;Arabian Ranches;TRUE;448;4818;19,83;29;54;54;28;01.04;02.09
2022-10;Al Reem;Arabian Ranches;TRUE;465;5002;21,17;30;42;56;106;04.04;05.09
2022-11;Al Reem;Arabian Ranches;TRUE;435;4682;19,58;28;122;65;16;04.04;05.09
2022-12;Al Reem;Arabian Ranches;TRUE;471;5068;21,58;31;53;60;18;04.04;05.09
2023-01;Al Reem;Arabian Ranches;TRUE;450;4843;20,83;29;59;34;112;04.04;05.09
2023-02;Al Reem;Arabian Ranches;TRUE;476;5124;21,29;31;64;79;60;04.04;05.09
2023-03;Al Reem;Arabian Ranches;TRUE;481;5182;22,58;31;60;34;102;04.04;05.09
2023-04;Al Reem;Arabian Ranches;TRUE;499;5369;23,50;32;31;25;78;04.04;05.09
2023-05;Al Reem;Arabian Ranches;TRUE;486;5229;22,29;32;22;34;37;04.04;05.09
2023-06;Al Reem;Arabian Ranches;TRUE;496;5337;22,63;32;120;46;119;04.04;05.09
2023-07;Al Reem;Arabian Ranches;TRUE;529;5691;22,88;34;62;30;51;05.04;06.09
2023-08;Al Reem;Arabian Ranches;TRUE;548;5904;25,88;36;39;16;14;05.04;06.09
2023-09;Al Reem;Arabian Ranches;TRUE;509;5475;24,00;33;100;22;104;05.04;06.09
2023-10;Al Reem;Arabian Ranches;TRUE;512;5514;24,46;33;65;52;17;05.04;06.09
2023-11;Al Reem;Arabian Ranches;TRUE;523;5626;24,08;34;57;31;70;05.04;06.09
2023-12;Al Reem;Arabian Ranches;TRUE;513;5519;24,38;33;51;40;38;05.04;06.09
2024-01;Al Reem;Arabian Ranches;TRUE;550;5925;25,71;36;29;57;104;05.04;06.09
2024-02;Al Reem;Arabian Ranches;TRUE;571;6142;26,83;37;94;16;13;05.04;06.09
2024-03;Al Reem;Arabian Ranches;TRUE;524;5640;23,54;34;90;49;50;05.04;06.09
2024-04;Al Reem;Arabian Ranches;TRUE;525;5651;24,00;34;86;71;107;05.04;06.09
2024-05;Al Reem;Arabian Ranches;TRUE;558;6011;25,13;36;61;26;107;05.04;06.09
2024-06;Al Reem;Arabian Ranches;TRUE;528;5683;23,75;34;117;66;23;05.04;06.09
2024-07;Al Reem;Arabian Ranches;TRUE;519;5587;24,25;34;21;62;81;0,211805556;06.15
2024-08;Al Reem;Arabian Ranches;TRUE;531;5714;25,17;35;140;45;102;0,211805556;06.15
2024-09;Al Reem;Arabian Ranches;TRUE;532;5724;24,04;35;164;25;29;0,211805556;06.15
2024-10;Al Reem;Arabian Ranches;TRUE;489;5261;22,96;32;179;47;86;0,211805556;06.15
2024-11;Al Reem;Arabian Ranches;TRUE;517;5567;24,17;34;78;70;85;0,211805556;06.15
2024-12;Al Reem;Arabian Ranches;TRUE;516;5554;23,50;34;130;31;118;0,211805556;06.15
2025-01;Al Reem;Arabian Ranches;TRUE;528;5682;23,96;34;86;6;20;0,211805556;06.15
2025-02;Al Reem;Arabian Ranches;TRUE;497;5352;22,96;32;104;14;21;0,211805556;06.15
2025-03;Al Reem;Arabian Ranches;TRUE;486;5235;23,25;32;165;33;31;0,211805556;06.15
2025-04;Al Reem;Arabian Ranches;TRUE;527;5670;24,58;34;78;30;80;0,211805556;06.15
2025-05;Al Reem;Arabian Ranches;TRUE;516;5553;23,33;34;40;48;90;0,211805556;06.15
2025-06;Al Reem;Arabian Ranches;TRUE;503;5412;22,54;33;115;6;79;0,211805556;06.15
2025-07;Al Reem;Arabian Ranches;TRUE;514;5532;22,83;33;173;57;37;04.00;05.05
2025-08;Al Reem;Arabian Ranches;TRUE;532;5728;23,29;35;130;51;70;04.00;05.05
2025-09;Al Reem;Arabian Ranches;TRUE;517;5567;22,92;34;64;71;64;04.00;05.05
2025-10;Al Reem;Arabian Ranches;TRUE;497;5348;23,38;32;174;54;26;04.00;05.05
2025-11;Al Reem;Arabian Ranches;TRUE;538;5796;24,33;35;121;41;60;04.00;05.05
2025-12;Al Reem;Arabian Ranches;TRUE;516;5556;22,54;34;86;72;34;04.00;05.05
2026-01;Al Reem;Arabian Ranches;TRUE;518;5572;23,88;34;104;57;100;04.00;05.05
2026-02;Al Reem;Arabian Ranches;TRUE;521;5609;24,71;34;110;34;66;04.00;05.05
2026-03;Al Reem;Arabian Ranches;TRUE;513;5519;25,00;33;45;39;82;04.00;05.05
2026-04;Al Reem;Arabian Ranches;TRUE;507;5456;23,71;33;156;46;23;04.00;05.05
2020-01;Falcon City of Wonders;Dubailand;TRUE;189;2038;8,67;12;19;69;39;01.05;03.00
2020-02;Falcon City of Wonders;Dubailand;TRUE;206;2215;9,13;13;58;72;39;01.05;03.00
2020-03;Falcon City of Wonders;Dubailand;TRUE;202;2174;9,42;13;82;65;99;01.05;03.00
2020-04;Falcon City of Wonders;Dubailand;TRUE;196;2113;8,92;13;87;34;13;00.04;01.09
2020-05;Falcon City of Wonders;Dubailand;TRUE;200;2153;9,13;13;65;35;99;00.04;01.09
2020-06;Falcon City of Wonders;Dubailand;TRUE;198;2133;8,96;13;73;64;25;00.04;01.09
2020-07;Falcon City of Wonders;Dubailand;TRUE;188;2023;8,83;12;133;23;93;00.04;01.09
2020-08;Falcon City of Wonders;Dubailand;TRUE;189;2039;8,54;12;25;60;33;00.04;01.09
2020-09;Falcon City of Wonders;Dubailand;TRUE;190;2045;8,63;12;123;43;93;00.04;01.09
2020-10;Falcon City of Wonders;Dubailand;TRUE;197;2125;9,21;13;71;24;48;00.04;01.09
2020-11;Falcon City of Wonders;Dubailand;TRUE;188;2025;8,79;12;161;71;60;00.04;01.09
2020-12;Falcon City of Wonders;Dubailand;TRUE;206;2213;9,25;13;40;70;13;00.04;01.09
2021-01;Falcon City of Wonders;Dubailand;TRUE;196;2111;9,46;13;127;76;97;00.04;01.09
2021-02;Falcon City of Wonders;Dubailand;TRUE;197;2124;8,71;13;148;36;67;00.04;01.09
2021-03;Falcon City of Wonders;Dubailand;TRUE;208;2239;9,75;14;69;13;110;00.04;01.09
2021-04;Falcon City of Wonders;Dubailand;TRUE;209;2248;9,54;14;122;76;70;00.04;01.09
2021-05;Falcon City of Wonders;Dubailand;TRUE;215;2317;9,63;14;111;11;33;00.04;01.09
2021-06;Falcon City of Wonders;Dubailand;TRUE;214;2299;9,79;14;132;21;100;00.04;01.09
2021-07;Falcon City of Wonders;Dubailand;TRUE;219;2357;9,71;14;53;45;22;00.04;01.09
2021-08;Falcon City of Wonders;Dubailand;TRUE;224;2410;10,33;15;25;65;43;00.04;01.09
2021-09;Falcon City of Wonders;Dubailand;TRUE;231;2483;10,96;15;73;60;90;00.04;01.09
2021-10;Falcon City of Wonders;Dubailand;TRUE;241;2593;11,42;16;156;24;42;00.04;01.09
2021-11;Falcon City of Wonders;Dubailand;TRUE;239;2576;11,33;16;129;49;25;00.04;01.09
2021-12;Falcon City of Wonders;Dubailand;TRUE;244;2626;11,38;16;145;20;82;00.04;01.09
2022-01;Falcon City of Wonders;Dubailand;TRUE;242;2606;10,96;16;168;56;54;00.04;01.09
2022-02;Falcon City of Wonders;Dubailand;TRUE;261;2805;11,38;17;43;48;119;00.04;01.09
2022-03;Falcon City of Wonders;Dubailand;TRUE;272;2928;12,50;18;60;46;24;00.04;01.09
2022-04;Falcon City of Wonders;Dubailand;TRUE;277;2979;12,50;18;117;15;10;01.04;02.09
2022-05;Falcon City of Wonders;Dubailand;TRUE;278;2992;12,83;18;86;34;103;01.04;02.09
2022-06;Falcon City of Wonders;Dubailand;TRUE;276;2968;12,25;18;173;14;13;01.04;02.09
2022-07;Falcon City of Wonders;Dubailand;TRUE;293;3152;13,25;19;24;66;19;01.04;02.09
2022-08;Falcon City of Wonders;Dubailand;TRUE;289;3109;13,46;19;109;22;10;01.04;02.09
2022-09;Falcon City of Wonders;Dubailand;TRUE;286;3075;13,25;19;66;23;63;01.04;02.09
2022-10;Falcon City of Wonders;Dubailand;TRUE;302;3248;14,33;20;32;47;103;04.04;05.09
2022-11;Falcon City of Wonders;Dubailand;TRUE;307;3302;14,38;20;162;34;49;04.04;05.09
2022-12;Falcon City of Wonders;Dubailand;TRUE;293;3149;12,88;19;126;27;115;04.04;05.09
2023-01;Falcon City of Wonders;Dubailand;TRUE;324;3483;14,79;21;96;21;22;04.04;05.09
2023-02;Falcon City of Wonders;Dubailand;TRUE;324;3484;15,96;21;111;73;79;04.04;05.09
2023-03;Falcon City of Wonders;Dubailand;TRUE;334;3597;15,54;22;153;48;40;04.04;05.09
2023-04;Falcon City of Wonders;Dubailand;TRUE;326;3511;14,63;21;63;19;49;04.04;05.09
2023-05;Falcon City of Wonders;Dubailand;TRUE;331;3565;14,83;22;39;27;20;04.04;05.09
2023-06;Falcon City of Wonders;Dubailand;TRUE;342;3678;15,58;22;37;22;24;04.04;05.09
2023-07;Falcon City of Wonders;Dubailand;TRUE;327;3515;14,38;21;138;34;47;05.04;06.09
2023-08;Falcon City of Wonders;Dubailand;TRUE;359;3860;16,88;23;160;71;60;05.04;06.09
2023-09;Falcon City of Wonders;Dubailand;TRUE;355;3824;16,21;23;161;47;46;05.04;06.09
2023-10;Falcon City of Wonders;Dubailand;TRUE;368;3962;16,54;24;154;34;55;05.04;06.09
2023-11;Falcon City of Wonders;Dubailand;TRUE;375;4032;16,92;24;105;11;51;05.04;06.09
2023-12;Falcon City of Wonders;Dubailand;TRUE;364;3913;16,79;24;84;9;101;05.04;06.09
2024-01;Falcon City of Wonders;Dubailand;TRUE;348;3748;16,21;23;61;70;45;05.04;06.09
2024-02;Falcon City of Wonders;Dubailand;TRUE;356;3828;15,88;23;138;50;112;05.04;06.09
2024-03;Falcon City of Wonders;Dubailand;TRUE;364;3921;16,50;24;73;45;88;05.04;06.09
2024-04;Falcon City of Wonders;Dubailand;TRUE;359;3861;16,38;23;164;51;14;05.04;06.09
2024-05;Falcon City of Wonders;Dubailand;TRUE;361;3882;16,00;23;102;68;29;05.04;06.09
2024-06;Falcon City of Wonders;Dubailand;TRUE;373;4015;17,13;24;81;16;110;05.04;06.09
2024-07;Falcon City of Wonders;Dubailand;TRUE;353;3801;15,42;23;27;34;46;0,211805556;06.15
2024-08;Falcon City of Wonders;Dubailand;TRUE;352;3788;16,42;23;125;17;22;0,211805556;06.15
2024-09;Falcon City of Wonders;Dubailand;TRUE;370;3988;17,46;24;42;21;55;0,211805556;06.15
2024-10;Falcon City of Wonders;Dubailand;TRUE;338;3643;15,38;22;95;39;32;0,211805556;06.15
2024-11;Falcon City of Wonders;Dubailand;TRUE;370;3987;17,21;24;92;52;48;0,211805556;06.15
2024-12;Falcon City of Wonders;Dubailand;TRUE;364;3918;17,04;24;102;76;54;0,211805556;06.15
2025-01;Falcon City of Wonders;Dubailand;TRUE;345;3714;16,46;22;100;72;89;0,211805556;06.15
2025-02;Falcon City of Wonders;Dubailand;TRUE;342;3679;15,88;22;122;47;56;0,211805556;06.15
2025-03;Falcon City of Wonders;Dubailand;TRUE;350;3763;15,88;23;36;34;39;0,211805556;06.15
2025-04;Falcon City of Wonders;Dubailand;TRUE;336;3621;14,83;22;125;15;117;0,211805556;06.15
2025-05;Falcon City of Wonders;Dubailand;TRUE;343;3693;15,71;22;112;30;40;0,211805556;06.15
2025-06;Falcon City of Wonders;Dubailand;TRUE;347;3731;16,17;23;96;40;21;0,211805556;06.15
2025-07;Falcon City of Wonders;Dubailand;TRUE;342;3686;16,04;22;137;72;99;04.00;05.05
2025-08;Falcon City of Wonders;Dubailand;TRUE;348;3750;16,33;23;20;10;49;04.00;05.05
2025-09;Falcon City of Wonders;Dubailand;TRUE;348;3745;16,67;23;164;38;42;04.00;05.05
2025-10;Falcon City of Wonders;Dubailand;TRUE;352;3784;16,08;23;84;49;61;04.00;05.05
2025-11;Falcon City of Wonders;Dubailand;TRUE;351;3780;16,79;23;152;40;83;04.00;05.05
2025-12;Falcon City of Wonders;Dubailand;TRUE;363;3902;16,88;24;111;17;80;04.00;05.05
2026-01;Falcon City of Wonders;Dubailand;TRUE;354;3807;15,54;23;143;48;90;04.00;05.05
2026-02;Falcon City of Wonders;Dubailand;TRUE;344;3702;15,79;22;58;33;83;04.00;05.05
2026-03;Falcon City of Wonders;Dubailand;TRUE;346;3727;16,67;23;30;57;110;04.00;05.05
2026-04;Falcon City of Wonders;Dubailand;TRUE;351;3783;15,58;23;98;63;22;04.00;05.05
2020-01;Living Legends;Dubailand;TRUE;208;2240;9,25;14;75;8;64;01.05;03.00
2020-02;Living Legends;Dubailand;TRUE;225;2426;10,33;15;90;18;30;01.05;03.00
2020-03;Living Legends;Dubailand;TRUE;216;2327;9,92;14;18;23;67;01.05;03.00
2020-04;Living Legends;Dubailand;TRUE;215;2311;9,75;14;133;75;61;00.04;01.09
2020-05;Living Legends;Dubailand;TRUE;213;2289;10,00;14;70;31;98;00.04;01.09
2020-06;Living Legends;Dubailand;TRUE;209;2247;9,79;14;132;9;38;00.04;01.09
2020-07;Living Legends;Dubailand;TRUE;206;2221;9,17;13;149;47;62;00.04;01.09
2020-08;Living Legends;Dubailand;TRUE;206;2216;9,67;13;123;66;56;00.04;01.09
2020-09;Living Legends;Dubailand;TRUE;206;2219;9,25;13;176;72;99;00.04;01.09
2020-10;Living Legends;Dubailand;TRUE;202;2174;9,42;13;85;9;35;00.04;01.09
2020-11;Living Legends;Dubailand;TRUE;204;2198;9,54;13;140;42;56;00.04;01.09
2020-12;Living Legends;Dubailand;TRUE;207;2232;9,75;13;163;77;33;00.04;01.09
2021-01;Living Legends;Dubailand;TRUE;220;2373;10,04;14;50;69;43;00.04;01.09
2021-02;Living Legends;Dubailand;TRUE;213;2293;9,83;14;35;22;65;00.04;01.09
2021-03;Living Legends;Dubailand;TRUE;213;2295;10,25;14;159;51;98;00.04;01.09
2021-04;Living Legends;Dubailand;TRUE;219;2358;10,21;14;178;45;101;00.04;01.09
2021-05;Living Legends;Dubailand;TRUE;228;2456;10,33;15;29;49;30;00.04;01.09
2021-06;Living Legends;Dubailand;TRUE;228;2453;10,92;15;172;40;64;00.04;01.09
2021-07;Living Legends;Dubailand;TRUE;227;2441;10,33;15;21;22;61;00.04;01.09
2021-08;Living Legends;Dubailand;TRUE;247;2657;10,88;16;53;6;84;00.04;01.09
2021-09;Living Legends;Dubailand;TRUE;230;2474;10,83;15;76;62;25;00.04;01.09
2021-10;Living Legends;Dubailand;TRUE;244;2629;11,46;16;170;71;113;00.04;01.09
2021-11;Living Legends;Dubailand;TRUE;247;2661;11,58;16;60;20;105;00.04;01.09
2021-12;Living Legends;Dubailand;TRUE;264;2841;12,04;17;150;30;61;00.04;01.09
2022-01;Living Legends;Dubailand;TRUE;264;2847;11,96;17;157;21;63;00.04;01.09
2022-02;Living Legends;Dubailand;TRUE;279;2999;13,04;18;146;14;40;00.04;01.09
2022-03;Living Legends;Dubailand;TRUE;292;3138;13,92;19;173;45;118;00.04;01.09
2022-04;Living Legends;Dubailand;TRUE;277;2985;12,75;18;52;21;14;01.04;02.09
2022-05;Living Legends;Dubailand;TRUE;286;3083;13,38;19;108;61;12;01.04;02.09
2022-06;Living Legends;Dubailand;TRUE;301;3239;14,33;20;90;45;18;01.04;02.09
2022-07;Living Legends;Dubailand;TRUE;305;3279;13,71;20;145;77;106;01.04;02.09
2022-08;Living Legends;Dubailand;TRUE;299;3218;14,08;19;121;8;64;01.04;02.09
2022-09;Living Legends;Dubailand;TRUE;325;3503;14,79;21;97;22;33;01.04;02.09
2022-10;Living Legends;Dubailand;TRUE;311;3351;14,71;20;98;36;90;04.04;05.09
2022-11;Living Legends;Dubailand;TRUE;328;3532;15,25;21;179;31;117;04.04;05.09
2022-12;Living Legends;Dubailand;TRUE;315;3389;14,54;20;46;74;89;04.04;05.09
2023-01;Living Legends;Dubailand;TRUE;340;3665;15,92;22;154;46;47;04.04;05.09
2023-02;Living Legends;Dubailand;TRUE;333;3580;15,42;22;25;21;28;04.04;05.09
2023-03;Living Legends;Dubailand;TRUE;347;3738;14,88;23;18;44;115;04.04;05.09
2023-04;Living Legends;Dubailand;TRUE;367;3949;17,42;24;54;7;18;04.04;05.09
2023-05;Living Legends;Dubailand;TRUE;357;3839;16,75;23;22;46;11;04.04;05.09
2023-06;Living Legends;Dubailand;TRUE;374;4027;17,00;24;148;74;30;04.04;05.09
2023-07;Living Legends;Dubailand;TRUE;367;3945;16,75;24;129;38;34;05.04;06.09
2023-08;Living Legends;Dubailand;TRUE;376;4043;16,79;24;38;30;32;05.04;06.09
2023-09;Living Legends;Dubailand;TRUE;381;4105;17,67;25;99;37;12;05.04;06.09
2023-10;Living Legends;Dubailand;TRUE;390;4195;17,92;25;82;60;42;05.04;06.09
2023-11;Living Legends;Dubailand;TRUE;388;4174;17,92;25;74;77;56;05.04;06.09
2023-12;Living Legends;Dubailand;TRUE;403;4338;18,92;26;175;48;48;05.04;06.09
2024-01;Living Legends;Dubailand;TRUE;375;4036;16,58;24;155;69;61;05.04;06.09
2024-02;Living Legends;Dubailand;TRUE;379;4084;17,63;25;36;65;22;05.04;06.09
2024-03;Living Legends;Dubailand;TRUE;379;4083;17,79;25;32;39;89;05.04;06.09
2024-04;Living Legends;Dubailand;TRUE;369;3970;16,92;24;117;16;90;05.04;06.09
2024-05;Living Legends;Dubailand;TRUE;365;3932;16,46;24;168;24;32;05.04;06.09
2024-06;Living Legends;Dubailand;TRUE;351;3776;16,42;23;68;46;95;05.04;06.09
2024-07;Living Legends;Dubailand;TRUE;376;4049;17,13;24;87;65;82;0,211805556;06.15
2024-08;Living Legends;Dubailand;TRUE;365;3924;17,33;24;16;66;54;0,211805556;06.15
2024-09;Living Legends;Dubailand;TRUE;382;4111;17,71;25;116;76;98;0,211805556;06.15
2024-10;Living Legends;Dubailand;TRUE;361;3886;16,08;23;40;74;18;0,211805556;06.15
2024-11;Living Legends;Dubailand;TRUE;382;4107;17,25;25;132;32;77;0,211805556;06.15
2024-12;Living Legends;Dubailand;TRUE;371;3997;16,25;24;75;26;42;0,211805556;06.15
2025-01;Living Legends;Dubailand;TRUE;390;4193;17,67;25;75;53;108;0,211805556;06.15
2025-02;Living Legends;Dubailand;TRUE;364;3918;16,38;24;138;49;53;0,211805556;06.15
2025-03;Living Legends;Dubailand;TRUE;369;3969;16,54;24;68;76;87;0,211805556;06.15
2025-04;Living Legends;Dubailand;TRUE;370;3980;17,75;24;65;24;89;0,211805556;06.15
2025-05;Living Legends;Dubailand;TRUE;360;3879;16,75;23;135;31;32;0,211805556;06.15
2025-06;Living Legends;Dubailand;TRUE;356;3827;16,63;23;152;16;104;0,211805556;06.15
2025-07;Living Legends;Dubailand;TRUE;358;3854;16,50;23;66;28;28;04.00;05.05
2025-08;Living Legends;Dubailand;TRUE;371;3995;17,50;24;103;53;91;04.00;05.05
2025-09;Living Legends;Dubailand;TRUE;358;3851;15,46;23;152;10;25;04.00;05.05
2025-10;Living Legends;Dubailand;TRUE;366;3939;16,38;24;84;31;23;04.00;05.05
2025-11;Living Legends;Dubailand;TRUE;372;4007;17,33;24;125;25;61;04.00;05.05
2025-12;Living Legends;Dubailand;TRUE;381;4098;18,17;25;158;18;15;04.00;05.05
2026-01;Living Legends;Dubailand;TRUE;395;4255;17,79;26;87;71;89;04.00;05.05
2026-02;Living Legends;Dubailand;TRUE;391;4210;17,50;25;152;48;15;04.00;05.05
2026-03;Living Legends;Dubailand;TRUE;379;4083;17,33;25;68;52;105;04.00;05.05
2026-04;Living Legends;Dubailand;TRUE;388;4180;17,79;25;126;9;59;04.00;05.05
2020-01;Mudon;Dubailand;TRUE;218;2352;10,00;14;64;70;63;01.05;03.00
2020-02;Mudon;Dubailand;TRUE;214;2300;10,00;14;104;27;119;01.05;03.00
2020-03;Mudon;Dubailand;TRUE;215;2312;9,96;14;120;74;32;01.05;03.00
2020-04;Mudon;Dubailand;TRUE;209;2249;9,67;14;128;40;88;00.04;01.09
2020-05;Mudon;Dubailand;TRUE;216;2322;10,17;14;173;59;18;00.04;01.09
2020-06;Mudon;Dubailand;TRUE;221;2383;9,92;14;42;6;25;00.04;01.09
2020-07;Mudon;Dubailand;TRUE;210;2265;9,88;14;91;6;102;00.04;01.09
2020-08;Mudon;Dubailand;TRUE;204;2193;9,25;13;52;66;48;00.04;01.09
2020-09;Mudon;Dubailand;TRUE;200;2153;8,92;13;66;35;117;00.04;01.09
2020-10;Mudon;Dubailand;TRUE;202;2170;9,29;13;45;44;109;00.04;01.09
2020-11;Mudon;Dubailand;TRUE;197;2125;9,17;13;128;64;65;00.04;01.09
2020-12;Mudon;Dubailand;TRUE;206;2219;9,42;13;152;54;64;00.04;01.09
2021-01;Mudon;Dubailand;TRUE;204;2199;9,38;13;16;23;87;00.04;01.09
2021-02;Mudon;Dubailand;TRUE;213;2293;9,83;14;162;65;84;00.04;01.09
2021-03;Mudon;Dubailand;TRUE;216;2323;10,25;14;135;5;117;00.04;01.09
2021-04;Mudon;Dubailand;TRUE;219;2354;9,96;14;166;20;15;00.04;01.09
2021-05;Mudon;Dubailand;TRUE;229;2465;10,79;15;154;21;49;00.04;01.09
2021-06;Mudon;Dubailand;TRUE;235;2530;11,17;15;88;65;31;00.04;01.09
2021-07;Mudon;Dubailand;TRUE;233;2505;10,92;15;104;66;54;00.04;01.09
2021-08;Mudon;Dubailand;TRUE;233;2503;10,88;15;29;78;107;00.04;01.09
2021-09;Mudon;Dubailand;TRUE;237;2551;11,04;15;111;11;28;00.04;01.09
2021-10;Mudon;Dubailand;TRUE;237;2550;10,75;15;120;46;48;00.04;01.09
2021-11;Mudon;Dubailand;TRUE;254;2734;11,54;17;118;20;17;00.04;01.09
2021-12;Mudon;Dubailand;TRUE;274;2944;12,42;18;148;50;82;00.04;01.09
2022-01;Mudon;Dubailand;TRUE;268;2889;12,21;17;104;58;17;00.04;01.09
2022-02;Mudon;Dubailand;TRUE;276;2969;12,58;18;94;63;22;00.04;01.09
2022-03;Mudon;Dubailand;TRUE;284;3054;13,17;18;31;49;88;00.04;01.09
2022-04;Mudon;Dubailand;TRUE;289;3109;13,71;19;61;43;99;01.04;02.09
2022-05;Mudon;Dubailand;TRUE;294;3168;13,50;19;21;14;34;01.04;02.09
2022-06;Mudon;Dubailand;TRUE;297;3199;13,50;19;134;51;114;01.04;02.09
2022-07;Mudon;Dubailand;TRUE;300;3225;13,79;19;125;65;66;01.04;02.09
2022-08;Mudon;Dubailand;TRUE;299;3216;14,08;19;109;57;111;01.04;02.09
2022-09;Mudon;Dubailand;TRUE;320;3444;14,46;21;145;6;67;01.04;02.09
2022-10;Mudon;Dubailand;TRUE;296;3186;13,33;19;97;79;26;04.04;05.09
2022-11;Mudon;Dubailand;TRUE;338;3643;15,04;22;105;64;61;04.04;05.09
2022-12;Mudon;Dubailand;TRUE;324;3490;14,92;21;160;13;74;04.04;05.09
2023-01;Mudon;Dubailand;TRUE;348;3741;15,54;23;88;71;26;04.04;05.09
2023-02;Mudon;Dubailand;TRUE;329;3546;14,92;21;27;12;96;04.04;05.09
2023-03;Mudon;Dubailand;TRUE;350;3772;16,75;23;86;14;96;04.04;05.09
2023-04;Mudon;Dubailand;TRUE;368;3956;17,42;24;178;8;106;04.04;05.09
2023-05;Mudon;Dubailand;TRUE;358;3854;16,21;23;79;62;104;04.04;05.09
2023-06;Mudon;Dubailand;TRUE;355;3816;17,08;23;80;62;116;04.04;05.09
2023-07;Mudon;Dubailand;TRUE;358;3849;16,29;23;43;20;104;05.04;06.09
2023-08;Mudon;Dubailand;TRUE;367;3954;16,25;24;140;46;32;05.04;06.09
2023-09;Mudon;Dubailand;TRUE;365;3931;17,29;24;59;5;78;05.04;06.09
2023-10;Mudon;Dubailand;TRUE;410;4408;17,92;27;113;66;67;05.04;06.09
2023-11;Mudon;Dubailand;TRUE;394;4236;18,21;26;73;77;15;05.04;06.09
2023-12;Mudon;Dubailand;TRUE;387;4169;17,54;25;79;79;65;05.04;06.09
2024-01;Mudon;Dubailand;TRUE;382;4115;17,50;25;68;32;48;05.04;06.09
2024-02;Mudon;Dubailand;TRUE;385;4140;18,08;25;164;9;78;05.04;06.09
2024-03;Mudon;Dubailand;TRUE;391;4208;17,21;25;121;11;98;05.04;06.09
2024-04;Mudon;Dubailand;TRUE;381;4097;17,17;25;111;16;119;05.04;06.09
2024-05;Mudon;Dubailand;TRUE;374;4028;17,42;24;132;19;57;05.04;06.09
2024-06;Mudon;Dubailand;TRUE;371;3995;17,33;24;72;19;95;05.04;06.09
2024-07;Mudon;Dubailand;TRUE;368;3958;17,04;24;122;22;12;0,211805556;06.15
2024-08;Mudon;Dubailand;TRUE;375;4035;16,79;24;159;27;76;0,211805556;06.15
2024-09;Mudon;Dubailand;TRUE;369;3974;17,71;24;34;29;61;0,211805556;06.15
2024-10;Mudon;Dubailand;TRUE;396;4261;18,29;26;102;56;22;0,211805556;06.15
2024-11;Mudon;Dubailand;TRUE;372;4001;16,96;24;48;34;14;0,211805556;06.15
2024-12;Mudon;Dubailand;TRUE;370;3986;18,08;24;91;6;68;0,211805556;06.15
2025-01;Mudon;Dubailand;TRUE;382;4109;17,92;25;68;48;21;0,211805556;06.15
2025-02;Mudon;Dubailand;TRUE;373;4014;18,50;24;177;65;30;0,211805556;06.15
2025-03;Mudon;Dubailand;TRUE;389;4192;17,88;25;58;11;72;0,211805556;06.15
2025-04;Mudon;Dubailand;TRUE;385;4149;17,75;25;59;26;15;0,211805556;06.15
2025-05;Mudon;Dubailand;TRUE;379;4084;17,29;25;29;24;29;0,211805556;06.15
2025-06;Mudon;Dubailand;TRUE;380;4095;18,25;25;165;53;20;0,211805556;06.15
2025-07;Mudon;Dubailand;TRUE;361;3883;16,21;23;45;13;41;04.00;05.05
2025-08;Mudon;Dubailand;TRUE;380;4094;17,42;25;25;43;77;04.00;05.05
2025-09;Mudon;Dubailand;TRUE;374;4030;17,71;24;167;32;115;04.00;05.05
2025-10;Mudon;Dubailand;TRUE;357;3839;16,46;23;134;68;80;04.00;05.05
2025-11;Mudon;Dubailand;TRUE;369;3977;17,50;24;131;28;15;04.00;05.05
2025-12;Mudon;Dubailand;TRUE;378;4066;17,04;25;82;47;77;04.00;05.05
2026-01;Mudon;Dubailand;TRUE;386;4159;17,08;25;34;48;65;04.00;05.05
2026-02;Mudon;Dubailand;TRUE;368;3960;17,13;24;71;54;26;04.00;05.05
2026-03;Mudon;Dubailand;TRUE;383;4121;18,21;25;37;40;48;04.00;05.05
2026-04;Mudon;Dubailand;TRUE;396;4259;18,75;26;123;69;26;04.00;05.05
2020-01;Reem Mira;Reem;TRUE;230;2477;10,46;15;20;63;51;01.05;03.00
2020-02;Reem Mira;Reem;TRUE;231;2481;10,75;15;120;15;71;01.05;03.00
2020-03;Reem Mira;Reem;TRUE;229;2468;10,21;15;149;52;67;01.05;03.00
2020-04;Reem Mira;Reem;TRUE;230;2474;10,38;15;68;23;45;00.04;01.09
2020-05;Reem Mira;Reem;TRUE;224;2414;10,29;15;30;28;28;00.04;01.09
2020-06;Reem Mira;Reem;TRUE;213;2295;9,63;14;96;14;11;00.04;01.09
2020-07;Reem Mira;Reem;TRUE;207;2230;9,25;13;133;78;25;00.04;01.09
2020-08;Reem Mira;Reem;TRUE;212;2286;9,75;14;98;49;82;00.04;01.09
2020-09;Reem Mira;Reem;TRUE;210;2265;9,50;14;155;67;119;00.04;01.09
2020-10;Reem Mira;Reem;TRUE;215;2315;9,71;14;37;53;31;00.04;01.09
2020-11;Reem Mira;Reem;TRUE;215;2319;9,88;14;115;76;96;00.04;01.09
2020-12;Reem Mira;Reem;TRUE;218;2347;10,13;14;148;58;48;00.04;01.09
2021-01;Reem Mira;Reem;TRUE;210;2258;10,13;14;29;36;63;00.04;01.09
2021-02;Reem Mira;Reem;TRUE;226;2434;10,67;15;106;68;38;00.04;01.09
2021-03;Reem Mira;Reem;TRUE;234;2518;10,67;15;72;45;73;00.04;01.09
2021-04;Reem Mira;Reem;TRUE;241;2590;10,88;16;119;58;98;00.04;01.09
2021-05;Reem Mira;Reem;TRUE;242;2609;11,13;16;128;53;30;00.04;01.09
2021-06;Reem Mira;Reem;TRUE;245;2635;10,58;16;151;78;104;00.04;01.09
2021-07;Reem Mira;Reem;TRUE;245;2639;11,50;16;74;40;54;00.04;01.09
2021-08;Reem Mira;Reem;TRUE;259;2789;11,88;17;68;28;82;00.04;01.09
2021-09;Reem Mira;Reem;TRUE;254;2730;11,38;16;65;51;18;00.04;01.09
2021-10;Reem Mira;Reem;TRUE;262;2819;11,75;17;160;47;42;00.04;01.09
2021-11;Reem Mira;Reem;TRUE;275;2961;12,04;18;38;66;91;00.04;01.09
2021-12;Reem Mira;Reem;TRUE;285;3072;13,58;19;39;66;25;00.04;01.09
2022-01;Reem Mira;Reem;TRUE;291;3127;13,38;19;178;62;58;00.04;01.09
2022-02;Reem Mira;Reem;TRUE;283;3044;12,88;18;141;37;16;00.04;01.09
2022-03;Reem Mira;Reem;TRUE;310;3341;14,17;20;131;77;44;00.04;01.09
2022-04;Reem Mira;Reem;TRUE;310;3336;13,88;20;50;75;94;01.04;02.09
2022-05;Reem Mira;Reem;TRUE;310;3337;15,46;20;137;38;13;01.04;02.09
2022-06;Reem Mira;Reem;TRUE;306;3291;13,46;20;137;6;24;01.04;02.09
2022-07;Reem Mira;Reem;TRUE;325;3503;14,79;21;168;5;53;01.04;02.09
2022-08;Reem Mira;Reem;TRUE;313;3367;14,17;20;21;70;21;01.04;02.09
2022-09;Reem Mira;Reem;TRUE;338;3635;16,00;22;76;17;104;01.04;02.09
2022-10;Reem Mira;Reem;TRUE;331;3559;14,88;21;71;51;90;04.04;05.09
2022-11;Reem Mira;Reem;TRUE;333;3585;14,75;22;125;45;94;04.04;05.09
2022-12;Reem Mira;Reem;TRUE;347;3734;16,13;23;23;74;46;04.04;05.09
2023-01;Reem Mira;Reem;TRUE;342;3676;15,46;22;77;41;95;04.04;05.09
2023-02;Reem Mira;Reem;TRUE;370;3978;16,63;24;23;21;119;04.04;05.09
2023-03;Reem Mira;Reem;TRUE;367;3951;17,04;24;56;55;36;04.04;05.09
2023-04;Reem Mira;Reem;TRUE;366;3942;16,96;24;35;59;17;04.04;05.09
2023-05;Reem Mira;Reem;TRUE;375;4040;17,04;24;21;77;67;04.04;05.09
2023-06;Reem Mira;Reem;TRUE;385;4145;17,88;25;131;7;68;04.04;05.09
2023-07;Reem Mira;Reem;TRUE;378;4073;17,54;25;85;6;20;05.04;06.09
2023-08;Reem Mira;Reem;TRUE;394;4245;18,29;26;160;42;42;05.04;06.09
2023-09;Reem Mira;Reem;TRUE;409;4405;18,58;27;56;27;93;05.04;06.09
2023-10;Reem Mira;Reem;TRUE;420;4524;19,29;27;125;17;32;05.04;06.09
2023-11;Reem Mira;Reem;TRUE;403;4341;18,83;26;141;60;67;05.04;06.09
2023-12;Reem Mira;Reem;TRUE;424;4565;18,96;28;138;35;24;05.04;06.09
2024-01;Reem Mira;Reem;TRUE;404;4351;18,96;26;105;11;49;05.04;06.09
2024-02;Reem Mira;Reem;TRUE;422;4547;19,67;27;31;24;116;05.04;06.09
2024-03;Reem Mira;Reem;TRUE;419;4514;19,42;27;170;76;20;05.04;06.09
2024-04;Reem Mira;Reem;TRUE;404;4344;19,83;26;172;37;86;05.04;06.09
2024-05;Reem Mira;Reem;TRUE;392;4217;17,71;25;18;63;72;05.04;06.09
2024-06;Reem Mira;Reem;TRUE;385;4144;18,50;25;128;26;84;05.04;06.09
2024-07;Reem Mira;Reem;TRUE;406;4374;19,04;26;124;29;31;0,211805556;06.15
2024-08;Reem Mira;Reem;TRUE;403;4342;18,42;26;18;39;108;0,211805556;06.15
2024-09;Reem Mira;Reem;TRUE;390;4199;17,63;25;46;47;78;0,211805556;06.15
2024-10;Reem Mira;Reem;TRUE;397;4268;18,50;26;175;35;101;0,211805556;06.15
2024-11;Reem Mira;Reem;TRUE;388;4181;17,58;25;78;48;15;0,211805556;06.15
2024-12;Reem Mira;Reem;TRUE;404;4345;17,83;26;88;57;83;0,211805556;06.15
2025-01;Reem Mira;Reem;TRUE;393;4235;18,83;26;126;33;91;0,211805556;06.15
2025-02;Reem Mira;Reem;TRUE;396;4258;19,04;26;110;33;10;0,211805556;06.15
2025-03;Reem Mira;Reem;TRUE;398;4286;19,00;26;136;17;56;0,211805556;06.15
2025-04;Reem Mira;Reem;TRUE;387;4167;17,42;25;150;32;52;0,211805556;06.15
2025-05;Reem Mira;Reem;TRUE;384;4138;17,38;25;127;34;119;0,211805556;06.15
2025-06;Reem Mira;Reem;TRUE;395;4248;17,92;26;150;16;43;0,211805556;06.15
2025-07;Reem Mira;Reem;TRUE;387;4163;18,13;25;61;38;29;04.00;05.05
2025-08;Reem Mira;Reem;TRUE;383;4122;17,33;25;138;30;97;04.00;05.05
2025-09;Reem Mira;Reem;TRUE;396;4260;18,67;26;74;48;19;04.00;05.05
2025-10;Reem Mira;Reem;TRUE;396;4267;18,42;26;173;76;79;04.00;05.05
2025-11;Reem Mira;Reem;TRUE;397;4272;17,83;26;101;78;52;04.00;05.05
2025-12;Reem Mira;Reem;TRUE;393;4226;18,58;26;95;37;102;04.00;05.05
2026-01;Reem Mira;Reem;TRUE;410;4410;19,25;27;176;70;116;04.00;05.05
2026-02;Reem Mira;Reem;TRUE;405;4355;18,71;26;149;44;21;04.00;05.05
2026-03;Reem Mira;Reem;TRUE;402;4332;18,79;26;20;10;45;04.00;05.05
2026-04;Reem Mira;Reem;TRUE;411;4422;18,96;27;79;48;67;04.00;05.05
2020-01;Sustainable City;Sustainable City;TRUE;268;2888;12,42;17;142;64;107;01.05;03.00
2020-02;Sustainable City;Sustainable City;TRUE;261;2805;12,00;17;86;48;15;01.05;03.00
2020-03;Sustainable City;Sustainable City;TRUE;256;2756;11,79;17;174;62;97;01.05;03.00
2020-04;Sustainable City;Sustainable City;TRUE;255;2745;11,63;17;142;56;117;00.04;01.09
2020-05;Sustainable City;Sustainable City;TRUE;260;2802;12,08;17;111;72;59;00.04;01.09
2020-06;Sustainable City;Sustainable City;TRUE;260;2796;11,83;17;27;42;64;00.04;01.09
2020-07;Sustainable City;Sustainable City;TRUE;247;2661;11,38;16;62;35;96;00.04;01.09
2020-08;Sustainable City;Sustainable City;TRUE;254;2737;11,67;17;17;32;40;00.04;01.09
2020-09;Sustainable City;Sustainable City;TRUE;248;2666;11,29;16;70;28;110;00.04;01.09
2020-10;Sustainable City;Sustainable City;TRUE;231;2490;10,46;15;18;79;71;00.04;01.09
2020-11;Sustainable City;Sustainable City;TRUE;237;2549;10,38;15;25;46;61;00.04;01.09
2020-12;Sustainable City;Sustainable City;TRUE;244;2629;11,54;16;130;64;80;00.04;01.09
2021-01;Sustainable City;Sustainable City;TRUE;258;2779;11,63;17;131;74;95;00.04;01.09
2021-02;Sustainable City;Sustainable City;TRUE;259;2792;12,04;17;55;72;43;00.04;01.09
2021-03;Sustainable City;Sustainable City;TRUE;264;2841;12,17;17;121;27;105;00.04;01.09
2021-04;Sustainable City;Sustainable City;TRUE;253;2723;11,33;16;98;8;112;00.04;01.09
2021-05;Sustainable City;Sustainable City;TRUE;273;2936;12,38;18;99;12;66;00.04;01.09
2021-06;Sustainable City;Sustainable City;TRUE;268;2889;12,00;17;86;36;40;00.04;01.09
2021-07;Sustainable City;Sustainable City;TRUE;278;2991;12,33;18;158;29;58;00.04;01.09
2021-08;Sustainable City;Sustainable City;TRUE;291;3133;12,58;19;92;12;10;00.04;01.09
2021-09;Sustainable City;Sustainable City;TRUE;277;2979;12,96;18;62;56;41;00.04;01.09
2021-10;Sustainable City;Sustainable City;TRUE;287;3092;12,96;19;154;38;93;00.04;01.09
2021-11;Sustainable City;Sustainable City;TRUE;295;3170;13,50;19;79;36;98;00.04;01.09
2021-12;Sustainable City;Sustainable City;TRUE;310;3342;14,00;20;95;37;39;00.04;01.09
2022-01;Sustainable City;Sustainable City;TRUE;327;3525;15,08;21;48;37;20;00.04;01.09
2022-02;Sustainable City;Sustainable City;TRUE;333;3584;15,71;22;106;39;93;00.04;01.09
2022-03;Sustainable City;Sustainable City;TRUE;324;3483;14,46;21;137;72;72;00.04;01.09
2022-04;Sustainable City;Sustainable City;TRUE;326;3506;15,33;21;91;23;85;01.04;02.09
2022-05;Sustainable City;Sustainable City;TRUE;349;3755;15,79;23;144;70;26;01.04;02.09
2022-06;Sustainable City;Sustainable City;TRUE;350;3772;15,83;23;123;59;15;01.04;02.09
2022-07;Sustainable City;Sustainable City;TRUE;376;4043;17,46;24;95;51;51;01.04;02.09
2022-08;Sustainable City;Sustainable City;TRUE;381;4099;17,38;25;85;75;86;01.04;02.09
2022-09;Sustainable City;Sustainable City;TRUE;385;4146;17,29;25;120;41;110;01.04;02.09
2022-10;Sustainable City;Sustainable City;TRUE;370;3979;16,92;24;144;6;17;04.04;05.09
2022-11;Sustainable City;Sustainable City;TRUE;384;4134;17,71;25;93;11;115;04.04;05.09
2022-12;Sustainable City;Sustainable City;TRUE;387;4168;18,00;25;139;9;44;04.04;05.09
2023-01;Sustainable City;Sustainable City;TRUE;402;4325;19,13;26;155;15;41;04.04;05.09
2023-02;Sustainable City;Sustainable City;TRUE;417;4493;19,92;27;64;69;62;04.04;05.09
2023-03;Sustainable City;Sustainable City;TRUE;417;4491;18,54;27;48;24;99;04.04;05.09
2023-04;Sustainable City;Sustainable City;TRUE;433;4657;19,83;28;161;29;101;04.04;05.09
2023-05;Sustainable City;Sustainable City;TRUE;435;4678;20,00;28;33;37;10;04.04;05.09
2023-06;Sustainable City;Sustainable City;TRUE;434;4675;20,08;28;98;67;74;04.04;05.09
2023-07;Sustainable City;Sustainable City;TRUE;439;4730;20,54;29;104;17;64;05.04;06.09
2023-08;Sustainable City;Sustainable City;TRUE;469;5049;21,08;30;87;72;23;05.04;06.09
2023-09;Sustainable City;Sustainable City;TRUE;443;4773;20,83;29;106;68;37;05.04;06.09
2023-10;Sustainable City;Sustainable City;TRUE;476;5121;21,38;31;81;27;11;05.04;06.09
2023-11;Sustainable City;Sustainable City;TRUE;469;5045;20,75;30;107;43;114;05.04;06.09
2023-12;Sustainable City;Sustainable City;TRUE;470;5058;20,92;31;17;9;106;05.04;06.09
2024-01;Sustainable City;Sustainable City;TRUE;457;4921;19,92;30;60;47;40;05.04;06.09
2024-02;Sustainable City;Sustainable City;TRUE;462;4978;21,42;30;174;63;78;05.04;06.09
2024-03;Sustainable City;Sustainable City;TRUE;466;5021;20,92;30;55;34;15;05.04;06.09
2024-04;Sustainable City;Sustainable City;TRUE;457;4924;21,13;30;29;24;17;05.04;06.09
2024-05;Sustainable City;Sustainable City;TRUE;460;4955;21,29;30;156;37;42;05.04;06.09
2024-06;Sustainable City;Sustainable City;TRUE;451;4860;20,71;29;106;72;31;05.04;06.09
2024-07;Sustainable City;Sustainable City;TRUE;471;5071;21,67;31;46;42;13;0,211805556;06.15
2024-08;Sustainable City;Sustainable City;TRUE;457;4914;22,21;30;128;74;97;0,211805556;06.15
2024-09;Sustainable City;Sustainable City;TRUE;437;4702;20,04;28;158;10;54;0,211805556;06.15
2024-10;Sustainable City;Sustainable City;TRUE;454;4889;20,71;30;24;5;33;0,211805556;06.15
2024-11;Sustainable City;Sustainable City;TRUE;438;4715;18,92;28;168;34;50;0,211805556;06.15
2024-12;Sustainable City;Sustainable City;TRUE;440;4737;21,04;29;60;54;24;0,211805556;06.15
2025-01;Sustainable City;Sustainable City;TRUE;451;4857;20,46;29;134;37;21;0,211805556;06.15
2025-02;Sustainable City;Sustainable City;TRUE;464;4995;21,17;30;94;19;55;0,211805556;06.15
2025-03;Sustainable City;Sustainable City;TRUE;445;4795;20,46;29;62;45;53;0,211805556;06.15
2025-04;Sustainable City;Sustainable City;TRUE;433;4665;20,42;28;54;9;56;0,211805556;06.15
2025-05;Sustainable City;Sustainable City;TRUE;442;4762;19,54;29;135;21;38;0,211805556;06.15
2025-06;Sustainable City;Sustainable City;TRUE;435;4683;21,04;28;129;17;30;0,211805556;06.15
2025-07;Sustainable City;Sustainable City;TRUE;435;4685;20,92;28;158;10;17;04.00;05.05
2025-08;Sustainable City;Sustainable City;TRUE;448;4820;21,29;29;119;34;24;04.00;05.05
2025-09;Sustainable City;Sustainable City;TRUE;463;4986;21,46;30;127;24;24;04.00;05.05
2025-10;Sustainable City;Sustainable City;TRUE;453;4876;20,38;29;85;74;37;04.00;05.05
2025-11;Sustainable City;Sustainable City;TRUE;450;4844;21,46;29;29;25;92;04.00;05.05
2025-12;Sustainable City;Sustainable City;TRUE;458;4931;21,29;30;82;31;43;04.00;05.05
2026-01;Sustainable City;Sustainable City;TRUE;427;4593;18,75;28;16;28;79;04.00;05.05
2026-02;Sustainable City;Sustainable City;TRUE;442;4760;20,38;29;38;59;71;04.00;05.05
2026-03;Sustainable City;Sustainable City;TRUE;442;4753;21,08;29;167;35;106;04.00;05.05
2026-04;Sustainable City;Sustainable City;TRUE;439;4720;19,29;29;136;21;49;04.00;05.05
2020-01;Jebel Ali;Jebel Ali;FALSE;141;1512;;9;162;0;106;01.05;03.00
2020-02;Jebel Ali;Jebel Ali;FALSE;144;1555;;9;58;0;83;01.05;03.00
2020-03;Jebel Ali;Jebel Ali;FALSE;146;1569;;9;41;0;108;01.05;03.00
2020-04;Jebel Ali;Jebel Ali;FALSE;142;1525;;9;147;0;78;00.04;01.09
2020-05;Jebel Ali;Jebel Ali;FALSE;135;1458;;9;29;0;69;00.04;01.09
2020-06;Jebel Ali;Jebel Ali;FALSE;137;1473;;9;107;0;83;00.04;01.09
2020-07;Jebel Ali;Jebel Ali;FALSE;135;1451;;9;18;0;83;00.04;01.09
2020-08;Jebel Ali;Jebel Ali;FALSE;130;1403;;8;126;0;32;00.04;01.09
2020-09;Jebel Ali;Jebel Ali;FALSE;135;1450;;9;32;0;67;00.04;01.09
2020-10;Jebel Ali;Jebel Ali;FALSE;127;1368;;8;171;0;37;00.04;01.09
2020-11;Jebel Ali;Jebel Ali;FALSE;133;1428;;9;151;0;67;00.04;01.09
2020-12;Jebel Ali;Jebel Ali;FALSE;123;1321;;8;113;0;34;00.04;01.09
2021-01;Jebel Ali;Jebel Ali;FALSE;130;1404;;8;87;0;13;00.04;01.09
2021-02;Jebel Ali;Jebel Ali;FALSE;141;1516;;9;101;0;108;00.04;01.09
2021-03;Jebel Ali;Jebel Ali;FALSE;141;1516;;9;100;0;112;00.04;01.09
2021-04;Jebel Ali;Jebel Ali;FALSE;146;1570;;9;66;0;59;00.04;01.09
2021-05;Jebel Ali;Jebel Ali;FALSE;152;1639;;10;97;0;84;00.04;01.09
2021-06;Jebel Ali;Jebel Ali;FALSE;153;1644;;10;82;0;39;00.04;01.09
2021-07;Jebel Ali;Jebel Ali;FALSE;151;1630;;10;137;0;114;00.04;01.09
2021-08;Jebel Ali;Jebel Ali;FALSE;156;1675;;10;58;0;21;00.04;01.09
2021-09;Jebel Ali;Jebel Ali;FALSE;155;1667;;10;54;0;24;00.04;01.09
2021-10;Jebel Ali;Jebel Ali;FALSE;162;1747;;11;117;0;116;00.04;01.09
2021-11;Jebel Ali;Jebel Ali;FALSE;163;1750;;11;168;0;71;00.04;01.09
2021-12;Jebel Ali;Jebel Ali;FALSE;172;1850;;11;56;0;105;00.04;01.09
2022-01;Jebel Ali;Jebel Ali;FALSE;162;1741;;11;26;0;78;00.04;01.09
2022-02;Jebel Ali;Jebel Ali;FALSE;174;1876;;11;71;0;32;00.04;01.09
2022-03;Jebel Ali;Jebel Ali;FALSE;187;2014;;12;132;0;74;00.04;01.09
2022-04;Jebel Ali;Jebel Ali;FALSE;186;1998;;12;53;0;16;01.04;02.09
2022-05;Jebel Ali;Jebel Ali;FALSE;193;2079;;13;86;0;83;01.04;02.09
2022-06;Jebel Ali;Jebel Ali;FALSE;193;2082;;13;65;0;85;01.04;02.09
2022-07;Jebel Ali;Jebel Ali;FALSE;196;2110;;13;157;0;47;01.04;02.09
2022-08;Jebel Ali;Jebel Ali;FALSE;189;2037;;12;45;0;18;01.04;02.09
2022-09;Jebel Ali;Jebel Ali;FALSE;205;2206;;13;86;0;72;01.04;02.09
2022-10;Jebel Ali;Jebel Ali;FALSE;209;2246;;14;93;0;100;04.04;05.09
2022-11;Jebel Ali;Jebel Ali;FALSE;200;2156;;13;41;0;14;04.04;05.09
2022-12;Jebel Ali;Jebel Ali;FALSE;209;2248;;14;148;0;102;04.04;05.09
2023-01;Jebel Ali;Jebel Ali;FALSE;214;2300;;14;148;0;61;04.04;05.09
2023-02;Jebel Ali;Jebel Ali;FALSE;222;2394;;14;20;0;32;04.04;05.09
2023-03;Jebel Ali;Jebel Ali;FALSE;225;2426;;15;140;0;35;04.04;05.09
2023-04;Jebel Ali;Jebel Ali;FALSE;232;2498;;15;36;0;23;04.04;05.09
2023-05;Jebel Ali;Jebel Ali;FALSE;232;2498;;15;139;0;42;04.04;05.09
2023-06;Jebel Ali;Jebel Ali;FALSE;233;2504;;15;148;0;29;04.04;05.09
2023-07;Jebel Ali;Jebel Ali;FALSE;228;2453;;15;135;0;47;05.04;06.09
2023-08;Jebel Ali;Jebel Ali;FALSE;238;2565;;15;53;0;101;05.04;06.09
2023-09;Jebel Ali;Jebel Ali;FALSE;248;2669;;16;116;0;18;05.04;06.09
2023-10;Jebel Ali;Jebel Ali;FALSE;258;2778;;17;133;0;23;05.04;06.09
2023-11;Jebel Ali;Jebel Ali;FALSE;253;2719;;16;30;0;66;05.04;06.09
2023-12;Jebel Ali;Jebel Ali;FALSE;255;2741;;17;146;0;49;05.04;06.09
2024-01;Jebel Ali;Jebel Ali;FALSE;248;2670;;16;103;0;51;05.04;06.09
2024-02;Jebel Ali;Jebel Ali;FALSE;256;2751;;17;33;0;63;05.04;06.09
2024-03;Jebel Ali;Jebel Ali;FALSE;250;2690;;16;124;0;108;05.04;06.09
2024-04;Jebel Ali;Jebel Ali;FALSE;254;2738;;17;83;0;81;05.04;06.09
2024-05;Jebel Ali;Jebel Ali;FALSE;240;2584;;16;119;0;58;05.04;06.09
2024-06;Jebel Ali;Jebel Ali;FALSE;245;2635;;16;19;0;93;05.04;06.09
2024-07;Jebel Ali;Jebel Ali;FALSE;248;2672;;16;95;0;104;0,211805556;06.15
2024-08;Jebel Ali;Jebel Ali;FALSE;238;2559;;15;69;0;106;0,211805556;06.15
2024-09;Jebel Ali;Jebel Ali;FALSE;246;2644;;16;168;0;36;0,211805556;06.15
2024-10;Jebel Ali;Jebel Ali;FALSE;245;2640;;16;143;0;71;0,211805556;06.15
2024-11;Jebel Ali;Jebel Ali;FALSE;249;2678;;16;170;0;35;0,211805556;06.15
2024-12;Jebel Ali;Jebel Ali;FALSE;234;2519;;15;46;0;51;0,211805556;06.15
2025-01;Jebel Ali;Jebel Ali;FALSE;253;2724;;16;24;0;70;0,211805556;06.15
2025-02;Jebel Ali;Jebel Ali;FALSE;251;2702;;16;141;0;29;0,211805556;06.15
2025-03;Jebel Ali;Jebel Ali;FALSE;234;2524;;15;140;0;119;0,211805556;06.15
2025-04;Jebel Ali;Jebel Ali;FALSE;259;2786;;17;28;0;115;0,211805556;06.15
2025-05;Jebel Ali;Jebel Ali;FALSE;240;2580;;16;92;0;59;0,211805556;06.15
2025-06;Jebel Ali;Jebel Ali;FALSE;237;2547;;15;169;0;23;0,211805556;06.15
2025-07;Jebel Ali;Jebel Ali;FALSE;244;2630;;16;65;0;53;04.00;05.05
2025-08;Jebel Ali;Jebel Ali;FALSE;235;2535;;15;44;0;71;04.00;05.05
2025-09;Jebel Ali;Jebel Ali;FALSE;235;2531;;15;163;0;105;04.00;05.05
2025-10;Jebel Ali;Jebel Ali;FALSE;244;2626;;16;104;0;61;04.00;05.05
2025-11;Jebel Ali;Jebel Ali;FALSE;248;2666;;16;124;0;77;04.00;05.05
2025-12;Jebel Ali;Jebel Ali;FALSE;246;2645;;16;72;0;51;04.00;05.05
2026-01;Jebel Ali;Jebel Ali;FALSE;248;2675;;16;67;0;34;04.00;05.05
2026-02;Jebel Ali;Jebel Ali;FALSE;248;2668;;16;108;0;28;04.00;05.05
2026-03;Jebel Ali;Jebel Ali;FALSE;246;2653;;16;122;0;86;04.00;05.05
2026-04;Jebel Ali;Jebel Ali;FALSE;241;2591;;16;157;0;61;04.00;05.05
2020-01;Dubai Investment Park;DIP;TRUE;148;1596;7,08;10;173;7;77;01.05;03.00
2020-02;Dubai Investment Park;DIP;TRUE;157;1690;7,25;10;141;47;41;01.05;03.00
2020-03;Dubai Investment Park;DIP;TRUE;158;1702;7,71;10;56;21;110;01.05;03.00
2020-04;Dubai Investment Park;DIP;TRUE;156;1684;7,13;10;58;38;76;00.04;01.09
2020-05;Dubai Investment Park;DIP;TRUE;154;1658;6,75;10;64;32;28;00.04;01.09
2020-06;Dubai Investment Park;DIP;TRUE;155;1669;6,96;10;142;58;100;00.04;01.09
2020-07;Dubai Investment Park;DIP;TRUE;152;1640;6,92;10;150;79;87;00.04;01.09
2020-08;Dubai Investment Park;DIP;TRUE;147;1582;7,08;10;60;28;63;00.04;01.09
2020-09;Dubai Investment Park;DIP;TRUE;144;1547;6,50;9;96;76;13;00.04;01.09
2020-10;Dubai Investment Park;DIP;TRUE;144;1548;6,71;9;32;64;115;00.04;01.09
2020-11;Dubai Investment Park;DIP;TRUE;146;1577;6,88;10;176;64;93;00.04;01.09
2020-12;Dubai Investment Park;DIP;TRUE;152;1633;7,08;10;47;77;10;00.04;01.09
2021-01;Dubai Investment Park;DIP;TRUE;156;1681;7,08;10;105;52;100;00.04;01.09
2021-02;Dubai Investment Park;DIP;TRUE;157;1690;7,33;10;166;63;47;00.04;01.09
2021-03;Dubai Investment Park;DIP;TRUE;159;1709;7,17;10;48;40;84;00.04;01.09
2021-04;Dubai Investment Park;DIP;TRUE;165;1773;7,63;11;137;43;43;00.04;01.09
2021-05;Dubai Investment Park;DIP;TRUE;172;1847;8,13;11;39;56;69;00.04;01.09
2021-06;Dubai Investment Park;DIP;TRUE;165;1781;7,54;11;105;60;51;00.04;01.09
2021-07;Dubai Investment Park;DIP;TRUE;175;1882;8,46;11;117;16;37;00.04;01.09
2021-08;Dubai Investment Park;DIP;TRUE;164;1767;7,29;11;18;5;85;00.04;01.09
2021-09;Dubai Investment Park;DIP;TRUE;174;1870;7,96;11;108;28;92;00.04;01.09
2021-10;Dubai Investment Park;DIP;TRUE;170;1826;7,88;11;132;75;56;00.04;01.09
2021-11;Dubai Investment Park;DIP;TRUE;182;1959;8,29;12;143;32;74;00.04;01.09
2021-12;Dubai Investment Park;DIP;TRUE;192;2062;8,92;12;154;55;16;00.04;01.09
2022-01;Dubai Investment Park;DIP;TRUE;190;2040;8,54;12;15;68;20;00.04;01.09
2022-02;Dubai Investment Park;DIP;TRUE;197;2126;9,21;13;47;12;36;00.04;01.09
2022-03;Dubai Investment Park;DIP;TRUE;198;2127;9,04;13;35;25;64;00.04;01.09
2022-04;Dubai Investment Park;DIP;TRUE;205;2211;9,50;13;115;51;28;01.04;02.09
2022-05;Dubai Investment Park;DIP;TRUE;208;2240;9,67;14;63;6;68;01.04;02.09
2022-06;Dubai Investment Park;DIP;TRUE;214;2299;9,96;14;114;16;116;01.04;02.09
2022-07;Dubai Investment Park;DIP;TRUE;208;2243;9,50;14;29;47;14;01.04;02.09
2022-08;Dubai Investment Park;DIP;TRUE;216;2326;9,75;14;100;77;63;01.04;02.09
2022-09;Dubai Investment Park;DIP;TRUE;222;2386;10,00;14;25;20;31;01.04;02.09
2022-10;Dubai Investment Park;DIP;TRUE;226;2430;10,17;15;159;24;49;04.04;05.09
2022-11;Dubai Investment Park;DIP;TRUE;234;2514;10,96;15;131;30;78;04.04;05.09
2022-12;Dubai Investment Park;DIP;TRUE;233;2512;10,54;15;144;39;97;04.04;05.09
2023-01;Dubai Investment Park;DIP;TRUE;238;2565;10,63;15;65;33;106;04.04;05.09
2023-02;Dubai Investment Park;DIP;TRUE;237;2550;10,71;15;51;24;63;04.04;05.09
2023-03;Dubai Investment Park;DIP;TRUE;243;2618;11,17;16;96;58;111;04.04;05.09
2023-04;Dubai Investment Park;DIP;TRUE;259;2786;11,83;17;21;16;14;04.04;05.09
2023-05;Dubai Investment Park;DIP;TRUE;256;2760;11,54;17;81;52;46;04.04;05.09
2023-06;Dubai Investment Park;DIP;TRUE;260;2799;11,83;17;15;38;23;04.04;05.09
2023-07;Dubai Investment Park;DIP;TRUE;260;2804;11,63;17;122;59;19;05.04;06.09
2023-08;Dubai Investment Park;DIP;TRUE;267;2872;12,21;17;110;52;107;05.04;06.09
2023-09;Dubai Investment Park;DIP;TRUE;278;2988;12,71;18;152;49;97;05.04;06.09
2023-10;Dubai Investment Park;DIP;TRUE;279;3005;13,04;18;102;16;25;05.04;06.09
2023-11;Dubai Investment Park;DIP;TRUE;279;3008;12,54;18;133;56;36;05.04;06.09
2023-12;Dubai Investment Park;DIP;TRUE;275;2956;12,46;18;90;21;69;05.04;06.09
2024-01;Dubai Investment Park;DIP;TRUE;281;3024;12,63;18;152;76;36;05.04;06.09
2024-02;Dubai Investment Park;DIP;TRUE;277;2979;12,46;18;37;50;61;05.04;06.09
2024-03;Dubai Investment Park;DIP;TRUE;278;2997;13,00;18;90;65;110;05.04;06.09
2024-04;Dubai Investment Park;DIP;TRUE;267;2873;12,04;17;113;10;20;05.04;06.09
2024-05;Dubai Investment Park;DIP;TRUE;279;3004;12,83;18;158;69;92;05.04;06.09
2024-06;Dubai Investment Park;DIP;TRUE;267;2878;12,71;17;153;55;36;05.04;06.09
2024-07;Dubai Investment Park;DIP;TRUE;273;2935;12,46;18;175;23;20;0,211805556;06.15
2024-08;Dubai Investment Park;DIP;TRUE;265;2851;12,46;17;148;76;67;0,211805556;06.15
2024-09;Dubai Investment Park;DIP;TRUE;285;3070;13,25;19;145;14;17;0,211805556;06.15
2024-10;Dubai Investment Park;DIP;TRUE;268;2883;11,92;17;124;18;103;0,211805556;06.15
2024-11;Dubai Investment Park;DIP;TRUE;261;2814;12,00;17;111;64;39;0,211805556;06.15
2024-12;Dubai Investment Park;DIP;TRUE;282;3037;12,46;18;153;53;24;0,211805556;06.15
2025-01;Dubai Investment Park;DIP;TRUE;274;2950;12,88;18;136;30;18;0,211805556;06.15
2025-02;Dubai Investment Park;DIP;TRUE;273;2933;12,50;18;174;12;74;0,211805556;06.15
2025-03;Dubai Investment Park;DIP;TRUE;260;2795;11,71;17;70;19;10;0,211805556;06.15
2025-04;Dubai Investment Park;DIP;TRUE;267;2869;12,92;17;168;55;81;0,211805556;06.15
2025-05;Dubai Investment Park;DIP;TRUE;272;2930;12,17;18;92;42;40;0,211805556;06.15
2025-06;Dubai Investment Park;DIP;TRUE;255;2750;11,88;17;165;64;23;0,211805556;06.15
2025-07;Dubai Investment Park;DIP;TRUE;273;2936;12,58;18;145;71;59;04.00;05.05
2025-08;Dubai Investment Park;DIP;TRUE;261;2805;12,08;17;103;73;20;04.00;05.05
2025-09;Dubai Investment Park;DIP;TRUE;270;2909;13,04;18;127;75;41;04.00;05.05
2025-10;Dubai Investment Park;DIP;TRUE;265;2852;12,92;17;149;62;48;04.00;05.05
2025-11;Dubai Investment Park;DIP;TRUE;260;2802;11,79;17;124;37;22;04.00;05.05
2025-12;Dubai Investment Park;DIP;TRUE;280;3017;12,96;18;104;68;29;04.00;05.05
2026-01;Dubai Investment Park;DIP;TRUE;281;3030;12,67;18;82;16;105;04.00;05.05
2026-02;Dubai Investment Park;DIP;TRUE;274;2944;11,96;18;48;51;23;04.00;05.05
2026-03;Dubai Investment Park;DIP;TRUE;274;2950;12,54;18;45;11;13;04.00;05.05
2026-04;Dubai Investment Park;DIP;TRUE;257;2762;11,79;17;46;21;117;04.00;05.05
2020-01;Green Community;DIP;TRUE;210;2265;9,54;14;173;43;14;01.05;03.00
2020-02;Green Community;DIP;TRUE;213;2289;9,67;14;33;32;59;01.05;03.00
2020-03;Green Community;DIP;TRUE;210;2265;9,63;14;173;57;91;01.05;03.00
2020-04;Green Community;DIP;TRUE;215;2312;9,63;14;127;54;55;00.04;01.09
2020-05;Green Community;DIP;TRUE;211;2271;9,67;14;161;44;21;00.04;01.09
2020-06;Green Community;DIP;TRUE;212;2285;9,71;14;164;25;103;00.04;01.09
2020-07;Green Community;DIP;TRUE;205;2205;9,54;13;90;11;88;00.04;01.09
2020-08;Green Community;DIP;TRUE;206;2215;9,08;13;145;68;43;00.04;01.09
2020-09;Green Community;DIP;TRUE;201;2158;9,08;13;18;47;43;00.04;01.09
2020-10;Green Community;DIP;TRUE;204;2197;9,79;13;129;42;77;00.04;01.09
2020-11;Green Community;DIP;TRUE;209;2252;9,75;14;90;41;99;00.04;01.09
2020-12;Green Community;DIP;TRUE;218;2347;9,92;14;93;6;62;00.04;01.09
2021-01;Green Community;DIP;TRUE;216;2324;9,88;14;142;69;59;00.04;01.09
2021-02;Green Community;DIP;TRUE;219;2356;9,79;14;140;61;77;00.04;01.09
2021-03;Green Community;DIP;TRUE;225;2423;10,29;15;80;44;108;00.04;01.09
2021-04;Green Community;DIP;TRUE;226;2438;10,54;15;69;62;15;00.04;01.09
2021-05;Green Community;DIP;TRUE;229;2470;10,17;15;147;55;77;00.04;01.09
2021-06;Green Community;DIP;TRUE;238;2561;10,79;15;58;50;70;00.04;01.09
2021-07;Green Community;DIP;TRUE;232;2492;10,71;15;67;18;25;00.04;01.09
2021-08;Green Community;DIP;TRUE;227;2445;10,75;15;22;68;54;00.04;01.09
2021-09;Green Community;DIP;TRUE;240;2588;11,29;16;144;17;68;00.04;01.09
2021-10;Green Community;DIP;TRUE;252;2711;12,17;16;95;44;82;00.04;01.09
2021-11;Green Community;DIP;TRUE;241;2593;10,88;16;142;17;107;00.04;01.09
2021-12;Green Community;DIP;TRUE;262;2821;12,42;17;133;5;94;00.04;01.09
2022-01;Green Community;DIP;TRUE;256;2754;11,67;17;146;35;24;00.04;01.09
2022-02;Green Community;DIP;TRUE;269;2896;12,63;17;144;77;74;00.04;01.09
2022-03;Green Community;DIP;TRUE;273;2944;12,33;18;162;50;116;00.04;01.09
2022-04;Green Community;DIP;TRUE;298;3204;13,67;19;117;79;105;01.04;02.09
2022-05;Green Community;DIP;TRUE;290;3123;13,88;19;108;53;46;01.04;02.09
2022-06;Green Community;DIP;TRUE;299;3219;13,63;19;56;74;111;01.04;02.09
2022-07;Green Community;DIP;TRUE;293;3149;13,33;19;169;45;116;01.04;02.09
2022-08;Green Community;DIP;TRUE;297;3200;14,04;19;63;56;70;01.04;02.09
2022-09;Green Community;DIP;TRUE;303;3264;14,33;20;25;46;81;01.04;02.09
2022-10;Green Community;DIP;TRUE;310;3338;14,17;20;113;21;86;04.04;05.09
2022-11;Green Community;DIP;TRUE;322;3470;14,54;21;90;64;103;04.04;05.09
2022-12;Green Community;DIP;TRUE;330;3552;14,63;21;94;49;81;04.04;05.09
2023-01;Green Community;DIP;TRUE;322;3465;14,50;21;25;60;58;04.04;05.09
2023-02;Green Community;DIP;TRUE;330;3556;14,92;21;153;52;27;04.04;05.09
2023-03;Green Community;DIP;TRUE;345;3718;15,96;22;82;57;26;04.04;05.09
2023-04;Green Community;DIP;TRUE;360;3879;16,79;23;96;51;57;04.04;05.09
2023-05;Green Community;DIP;TRUE;358;3855;16,08;23;108;30;43;04.04;05.09
2023-06;Green Community;DIP;TRUE;365;3931;16,50;24;111;66;107;04.04;05.09
2023-07;Green Community;DIP;TRUE;358;3856;17,21;23;78;75;108;05.04;06.09
2023-08;Green Community;DIP;TRUE;372;4007;16,17;24;42;8;70;05.04;06.09
2023-09;Green Community;DIP;TRUE;395;4252;18,00;26;101;36;109;05.04;06.09
2023-10;Green Community;DIP;TRUE;406;4374;18,04;26;83;30;55;05.04;06.09
2023-11;Green Community;DIP;TRUE;385;4148;18,00;25;147;45;35;05.04;06.09
2023-12;Green Community;DIP;TRUE;382;4108;17,63;25;61;22;66;05.04;06.09
2024-01;Green Community;DIP;TRUE;370;3988;17,04;24;17;61;52;05.04;06.09
2024-02;Green Community;DIP;TRUE;395;4247;18,75;26;143;72;11;05.04;06.09
2024-03;Green Community;DIP;TRUE;383;4118;17,33;25;144;72;119;05.04;06.09
2024-04;Green Community;DIP;TRUE;376;4043;16,83;24;115;24;55;05.04;06.09
2024-05;Green Community;DIP;TRUE;385;4140;18,08;25;78;42;99;05.04;06.09
2024-06;Green Community;DIP;TRUE;395;4256;18,67;26;90;49;46;05.04;06.09
2024-07;Green Community;DIP;TRUE;380;4089;18,42;25;98;59;52;0,211805556;06.15
2024-08;Green Community;DIP;TRUE;376;4047;17,08;24;99;20;23;0,211805556;06.15
2024-09;Green Community;DIP;TRUE;391;4212;17,54;25;107;43;43;0,211805556;06.15
2024-10;Green Community;DIP;TRUE;382;4115;17,13;25;170;58;33;0,211805556;06.15
2024-11;Green Community;DIP;TRUE;363;3904;16,96;24;26;29;22;0,211805556;06.15
2024-12;Green Community;DIP;TRUE;385;4145;17,75;25;54;51;12;0,211805556;06.15
2025-01;Green Community;DIP;TRUE;373;4017;17,42;24;95;64;101;0,211805556;06.15
2025-02;Green Community;DIP;TRUE;371;3990;17,29;24;71;57;79;0,211805556;06.15
2025-03;Green Community;DIP;TRUE;374;4027;17,08;24;61;70;107;0,211805556;06.15
2025-04;Green Community;DIP;TRUE;392;4215;17,67;25;59;70;36;0,211805556;06.15
2025-05;Green Community;DIP;TRUE;376;4050;17,00;24;36;28;36;0,211805556;06.15
2025-06;Green Community;DIP;TRUE;359;3867;16,25;23;49;66;15;0,211805556;06.15
2025-07;Green Community;DIP;TRUE;376;4047;17,29;24;66;49;31;04.00;05.05
2025-08;Green Community;DIP;TRUE;352;3793;15,88;23;28;68;61;04.00;05.05
2025-09;Green Community;DIP;TRUE;400;4304;18,38;26;143;11;29;04.00;05.05
2025-10;Green Community;DIP;TRUE;381;4096;16,88;25;120;52;85;04.00;05.05
2025-11;Green Community;DIP;TRUE;378;4071;17,46;25;127;79;66;04.00;05.05
2025-12;Green Community;DIP;TRUE;373;4013;16,42;24;72;35;93;04.00;05.05
2026-01;Green Community;DIP;TRUE;369;3972;15,58;24;149;46;108;04.00;05.05
2026-02;Green Community;DIP;TRUE;372;3999;16,04;24;112;52;73;04.00;05.05
2026-03;Green Community;DIP;TRUE;376;4050;17,83;24;150;69;47;04.00;05.05
2026-04;Green Community;DIP;TRUE;393;4226;18,08;26;113;47;80;04.00;05.05
2020-01;World Islands;World Islands;TRUE;683;7349;31,58;44;85;39;33;01.05;03.00
2020-02;World Islands;World Islands;TRUE;699;7525;31,54;45;70;57;62;01.05;03.00
2020-03;World Islands;World Islands;TRUE;686;7384;33,63;45;78;28;37;01.05;03.00
2020-04;World Islands;World Islands;TRUE;719;7736;33,75;47;27;64;75;00.04;01.09
2020-05;World Islands;World Islands;TRUE;720;7749;33,83;47;174;72;72;00.04;01.09
2020-06;World Islands;World Islands;TRUE;666;7169;29,88;43;108;68;110;00.04;01.09
2020-07;World Islands;World Islands;TRUE;687;7392;31,46;45;65;16;20;00.04;01.09
2020-08;World Islands;World Islands;TRUE;666;7165;31,54;43;126;74;50;00.04;01.09
2020-09;World Islands;World Islands;TRUE;679;7305;30,54;44;43;30;47;00.04;01.09
2020-10;World Islands;World Islands;TRUE;667;7175;33,13;43;111;40;50;00.04;01.09
2020-11;World Islands;World Islands;TRUE;653;7034;30,29;42;33;22;28;00.04;01.09
2020-12;World Islands;World Islands;TRUE;656;7058;29,75;43;72;10;43;00.04;01.09
2021-01;World Islands;World Islands;TRUE;674;7253;31,58;44;62;7;43;00.04;01.09
2021-02;World Islands;World Islands;TRUE;700;7532;31,67;45;75;50;109;00.04;01.09
2021-03;World Islands;World Islands;TRUE;741;7973;34,17;48;96;33;19;00.04;01.09
2021-04;World Islands;World Islands;TRUE;756;8137;35,17;49;20;13;91;00.04;01.09
2021-05;World Islands;World Islands;TRUE;735;7911;32,42;48;66;10;24;00.04;01.09
2021-06;World Islands;World Islands;TRUE;786;8460;35,58;51;15;48;49;00.04;01.09
2021-07;World Islands;World Islands;TRUE;783;8423;35,17;51;80;34;61;00.04;01.09
2021-08;World Islands;World Islands;TRUE;748;8050;35,50;49;90;65;69;00.04;01.09
2021-09;World Islands;World Islands;TRUE;778;8376;36,17;51;52;36;15;00.04;01.09
2021-10;World Islands;World Islands;TRUE;782;8413;35,75;51;109;47;49;00.04;01.09
2021-11;World Islands;World Islands;TRUE;801;8625;38,29;52;41;78;39;00.04;01.09
2021-12;World Islands;World Islands;TRUE;871;9378;39,17;57;130;74;16;00.04;01.09
2022-01;World Islands;World Islands;TRUE;871;9374;40,04;57;158;66;98;00.04;01.09
2022-02;World Islands;World Islands;TRUE;885;9522;42,88;58;142;12;116;00.04;01.09
2022-03;World Islands;World Islands;TRUE;880;9474;41,79;57;64;42;100;00.04;01.09
2022-04;World Islands;World Islands;TRUE;910;9797;43,13;59;49;37;113;01.04;02.09
2022-05;World Islands;World Islands;TRUE;926;9963;41,42;60;171;40;108;01.04;02.09
2022-06;World Islands;World Islands;TRUE;966;10402;44,17;63;145;23;48;01.04;02.09
2022-07;World Islands;World Islands;TRUE;997;10736;44,21;65;151;5;86;01.04;02.09
2022-08;World Islands;World Islands;TRUE;1050;11299;46,83;68;166;38;75;01.04;02.09
2022-09;World Islands;World Islands;TRUE;1041;11206;47,33;68;69;35;36;01.04;02.09
2022-10;World Islands;World Islands;TRUE;1045;11245;48,00;68;139;43;101;04.04;05.09
2022-11;World Islands;World Islands;TRUE;1049;11296;48,38;68;111;27;25;04.04;05.09
2022-12;World Islands;World Islands;TRUE;1089;11722;48,63;71;124;37;70;04.04;05.09
2023-01;World Islands;World Islands;TRUE;1073;11549;48,04;70;111;5;74;04.04;05.09
2023-02;World Islands;World Islands;TRUE;1096;11802;51,21;71;138;48;97;04.04;05.09
2023-03;World Islands;World Islands;TRUE;1130;12166;49,25;73;178;7;51;04.04;05.09
2023-04;World Islands;World Islands;TRUE;1132;12185;51,92;74;139;44;116;04.04;05.09
2023-05;World Islands;World Islands;TRUE;1156;12440;53,67;75;27;71;48;04.04;05.09
2023-06;World Islands;World Islands;TRUE;1159;12477;53,46;75;24;30;52;04.04;05.09
2023-07;World Islands;World Islands;TRUE;1170;12592;54,63;76;89;12;39;05.04;06.09
2023-08;World Islands;World Islands;TRUE;1264;13608;59,71;82;73;9;86;05.04;06.09
2023-09;World Islands;World Islands;TRUE;1241;13360;56,33;81;93;66;92;05.04;06.09
2023-10;World Islands;World Islands;TRUE;1233;13271;55,13;80;66;76;117;05.04;06.09
2023-11;World Islands;World Islands;TRUE;1284;13825;58,67;83;54;64;89;05.04;06.09
2023-12;World Islands;World Islands;TRUE;1257;13530;57,92;82;47;58;90;05.04;06.09
2024-01;World Islands;World Islands;TRUE;1229;13229;56,67;80;22;42;99;05.04;06.09
2024-02;World Islands;World Islands;TRUE;1211;13035;57,58;79;161;13;81;05.04;06.09
2024-03;World Islands;World Islands;TRUE;1297;13957;58,88;84;142;69;34;05.04;06.09
2024-04;World Islands;World Islands;TRUE;1213;13061;56,63;79;151;36;62;05.04;06.09
2024-05;World Islands;World Islands;TRUE;1238;13322;54,00;80;92;8;41;05.04;06.09
2024-06;World Islands;World Islands;TRUE;1211;13040;55,08;79;75;48;78;05.04;06.09
2024-07;World Islands;World Islands;TRUE;1264;13610;57,75;82;64;40;43;0,211805556;06.15
2024-08;World Islands;World Islands;TRUE;1249;13445;56,75;81;27;50;41;0,211805556;06.15
2024-09;World Islands;World Islands;TRUE;1259;13556;57,63;82;69;67;79;0,211805556;06.15
2024-10;World Islands;World Islands;TRUE;1217;13099;56,17;79;97;21;60;0,211805556;06.15
2024-11;World Islands;World Islands;TRUE;1205;12972;55,92;78;121;71;39;0,211805556;06.15
2024-12;World Islands;World Islands;TRUE;1232;13262;55,25;80;82;52;47;0,211805556;06.15
2025-01;World Islands;World Islands;TRUE;1237;13313;55,96;80;179;65;93;0,211805556;06.15
2025-02;World Islands;World Islands;TRUE;1252;13477;61,04;81;107;31;28;0,211805556;06.15
2025-03;World Islands;World Islands;TRUE;1161;12497;54,92;75;51;9;47;0,211805556;06.15
2025-04;World Islands;World Islands;TRUE;1173;12628;50,88;76;101;51;71;0,211805556;06.15
2025-05;World Islands;World Islands;TRUE;1161;12494;50,92;75;54;49;56;0,211805556;06.15
2025-06;World Islands;World Islands;TRUE;1196;12869;53,75;78;49;67;105;0,211805556;06.15
2025-07;World Islands;World Islands;TRUE;1189;12794;54,38;77;64;12;87;04.00;05.05
2025-08;World Islands;World Islands;TRUE;1175;12647;54,58;76;20;15;51;04.00;05.05
2025-09;World Islands;World Islands;TRUE;1251;13468;56,88;81;59;58;77;04.00;05.05
2025-10;World Islands;World Islands;TRUE;1229;13227;55,71;80;27;65;23;04.00;05.05
2025-11;World Islands;World Islands;TRUE;1213;13053;54,29;79;16;44;64;04.00;05.05
2025-12;World Islands;World Islands;TRUE;1172;12615;51,38;76;149;36;90;04.00;05.05
2026-01;World Islands;World Islands;TRUE;1238;13330;55,63;80;115;24;22;04.00;05.05
2026-02;World Islands;World Islands;TRUE;1221;13141;55,58;79;73;45;75;04.00;05.05
2026-03;World Islands;World Islands;TRUE;1225;13187;57,83;80;100;75;109;04.00;05.05
2026-04;World Islands;World Islands;TRUE;1244;13387;57,54;81;106;73;98;04.00;05.05
2020-01;Expo City;Dubai South;TRUE;181;1945;8,46;12;162;58;13;01.05;03.00
2020-02;Expo City;Dubai South;TRUE;175;1882;8,00;11;147;55;102;01.05;03.00
2020-03;Expo City;Dubai South;TRUE;184;1984;8,21;12;51;28;115;01.05;03.00
2020-04;Expo City;Dubai South;TRUE;178;1912;8,08;12;43;16;113;00.04;01.09
2020-05;Expo City;Dubai South;TRUE;178;1914;8,33;12;76;15;119;00.04;01.09
2020-06;Expo City;Dubai South;TRUE;183;1964;8,54;12;39;71;69;00.04;01.09
2020-07;Expo City;Dubai South;TRUE;179;1926;8,38;12;69;11;98;00.04;01.09
2020-08;Expo City;Dubai South;TRUE;170;1831;7,83;11;71;34;79;00.04;01.09
2020-09;Expo City;Dubai South;TRUE;178;1912;8,04;12;34;75;11;00.04;01.09
2020-10;Expo City;Dubai South;TRUE;167;1793;7,46;11;53;27;44;00.04;01.09
2020-11;Expo City;Dubai South;TRUE;178;1912;8,08;12;140;8;103;00.04;01.09
2020-12;Expo City;Dubai South;TRUE;167;1794;7,50;11;101;9;79;00.04;01.09
2021-01;Expo City;Dubai South;TRUE;177;1903;8,17;11;163;46;20;00.04;01.09
2021-02;Expo City;Dubai South;TRUE;177;1908;8,25;12;36;58;106;00.04;01.09
2021-03;Expo City;Dubai South;TRUE;181;1949;8,13;12;81;14;82;00.04;01.09
2021-04;Expo City;Dubai South;TRUE;185;1995;8,83;12;173;16;22;00.04;01.09
2021-05;Expo City;Dubai South;TRUE;182;1956;8,33;12;88;70;37;00.04;01.09
2021-06;Expo City;Dubai South;TRUE;183;1973;8,63;12;48;55;15;00.04;01.09
2021-07;Expo City;Dubai South;TRUE;189;2038;8,33;12;36;21;102;00.04;01.09
2021-08;Expo City;Dubai South;TRUE;199;2141;8,75;13;93;51;93;00.04;01.09
2021-09;Expo City;Dubai South;TRUE;197;2116;8,88;13;57;64;76;00.04;01.09
2021-10;Expo City;Dubai South;TRUE;199;2142;8,88;13;97;48;106;00.04;01.09
2021-11;Expo City;Dubai South;TRUE;220;2364;10,54;14;164;21;17;00.04;01.09
2021-12;Expo City;Dubai South;TRUE;208;2243;9,54;14;127;79;27;00.04;01.09
2022-01;Expo City;Dubai South;TRUE;227;2444;10,71;15;168;49;93;00.04;01.09
2022-02;Expo City;Dubai South;TRUE;231;2487;10,25;15;101;15;40;00.04;01.09
2022-03;Expo City;Dubai South;TRUE;233;2512;10,83;15;126;79;65;00.04;01.09
2022-04;Expo City;Dubai South;TRUE;236;2537;10,71;15;168;45;70;01.04;02.09
2022-05;Expo City;Dubai South;TRUE;240;2586;11,04;16;167;24;108;01.04;02.09
2022-06;Expo City;Dubai South;TRUE;239;2575;10,21;16;87;69;95;01.04;02.09
2022-07;Expo City;Dubai South;TRUE;259;2789;11,79;17;35;6;63;01.04;02.09
2022-08;Expo City;Dubai South;TRUE;250;2695;11,54;16;118;75;60;01.04;02.09
2022-09;Expo City;Dubai South;TRUE;252;2708;12,13;16;29;64;93;01.04;02.09
2022-10;Expo City;Dubai South;TRUE;262;2817;11,92;17;111;18;72;04.04;05.09
2022-11;Expo City;Dubai South;TRUE;274;2944;12,42;18;83;72;74;04.04;05.09
2022-12;Expo City;Dubai South;TRUE;273;2941;12,33;18;93;33;61;04.04;05.09
2023-01;Expo City;Dubai South;TRUE;285;3064;13,08;19;52;21;15;04.04;05.09
2023-02;Expo City;Dubai South;TRUE;285;3071;13,21;19;92;48;25;04.04;05.09
2023-03;Expo City;Dubai South;TRUE;287;3092;13,29;19;27;6;54;04.04;05.09
2023-04;Expo City;Dubai South;TRUE;281;3021;13,21;18;17;15;10;04.04;05.09
2023-05;Expo City;Dubai South;TRUE;294;3163;13,04;19;98;74;15;04.04;05.09
2023-06;Expo City;Dubai South;TRUE;308;3317;13,88;20;173;54;108;04.04;05.09
2023-07;Expo City;Dubai South;TRUE;315;3393;15,29;20;16;62;65;05.04;06.09
2023-08;Expo City;Dubai South;TRUE;328;3535;15,17;21;102;22;65;05.04;06.09
2023-09;Expo City;Dubai South;TRUE;306;3290;13,50;20;168;61;35;05.04;06.09
2023-10;Expo City;Dubai South;TRUE;325;3499;15,29;21;163;55;59;05.04;06.09
2023-11;Expo City;Dubai South;TRUE;308;3314;14,29;20;92;43;116;05.04;06.09
2023-12;Expo City;Dubai South;TRUE;330;3556;15,08;21;17;48;93;05.04;06.09
2024-01;Expo City;Dubai South;TRUE;330;3548;14,75;21;164;35;66;05.04;06.09
2024-02;Expo City;Dubai South;TRUE;322;3461;14,92;21;88;51;90;05.04;06.09
2024-03;Expo City;Dubai South;TRUE;329;3541;14,83;21;107;49;49;05.04;06.09
2024-04;Expo City;Dubai South;TRUE;322;3463;14,79;21;118;64;70;05.04;06.09
2024-05;Expo City;Dubai South;TRUE;307;3306;13,83;20;26;15;98;05.04;06.09
2024-06;Expo City;Dubai South;TRUE;307;3305;14,04;20;177;27;47;05.04;06.09
2024-07;Expo City;Dubai South;TRUE;314;3379;13,79;20;115;42;114;0,211805556;06.15
2024-08;Expo City;Dubai South;TRUE;313;3368;14,63;20;160;44;107;0,211805556;06.15
2024-09;Expo City;Dubai South;TRUE;312;3355;14,13;20;163;36;52;0,211805556;06.15
2024-10;Expo City;Dubai South;TRUE;306;3295;14,21;20;61;41;90;0,211805556;06.15
2024-11;Expo City;Dubai South;TRUE;325;3501;15,21;21;140;12;115;0,211805556;06.15
2024-12;Expo City;Dubai South;TRUE;324;3488;15,29;21;140;17;95;0,211805556;06.15
2025-01;Expo City;Dubai South;TRUE;314;3377;14,42;20;138;19;22;0,211805556;06.15
2025-02;Expo City;Dubai South;TRUE;315;3393;14,75;20;46;65;99;0,211805556;06.15
2025-03;Expo City;Dubai South;TRUE;305;3278;14,33;20;84;6;17;0,211805556;06.15
2025-04;Expo City;Dubai South;TRUE;316;3400;14,50;21;110;28;45;0,211805556;06.15
2025-05;Expo City;Dubai South;TRUE;305;3286;13,54;20;41;67;77;0,211805556;06.15
2025-06;Expo City;Dubai South;TRUE;320;3444;14,67;21;46;50;72;0,211805556;06.15
2025-07;Expo City;Dubai South;TRUE;305;3278;13,83;20;76;67;84;04.00;05.05
2025-08;Expo City;Dubai South;TRUE;318;3428;14,46;21;62;7;83;04.00;05.05
2025-09;Expo City;Dubai South;TRUE;310;3340;14,33;20;174;55;38;04.00;05.05
2025-10;Expo City;Dubai South;TRUE;306;3298;13,92;20;24;73;63;04.00;05.05
2025-11;Expo City;Dubai South;TRUE;321;3452;14,88;21;26;13;61;04.00;05.05
2025-12;Expo City;Dubai South;TRUE;297;3199;13,58;19;146;53;81;04.00;05.05
2026-01;Expo City;Dubai South;TRUE;308;3313;13,92;20;35;31;67;04.00;05.05
2026-02;Expo City;Dubai South;TRUE;301;3235;14,08;20;148;77;80;04.00;05.05
2026-03;Expo City;Dubai South;TRUE;311;3349;14,29;20;90;64;44;04.00;05.05
2026-04;Expo City;Dubai South;TRUE;312;3357;14,21;20;94;21;111;04.00;05.05
2020-01;The Valley;Dubai-Al Ain Road;TRUE;188;2022;8,67;12;100;49;63;01.05;03.00
2020-02;The Valley;Dubai-Al Ain Road;TRUE;185;1987;8,42;12;156;37;20;01.05;03.00
2020-03;The Valley;Dubai-Al Ain Road;TRUE;181;1944;8,21;12;45;5;37;01.05;03.00
2020-04;The Valley;Dubai-Al Ain Road;TRUE;186;1999;8,33;12;110;70;16;00.04;01.09
2020-05;The Valley;Dubai-Al Ain Road;TRUE;188;2025;9,00;12;42;53;38;00.04;01.09
2020-06;The Valley;Dubai-Al Ain Road;TRUE;183;1970;8,67;12;78;49;86;00.04;01.09
2020-07;The Valley;Dubai-Al Ain Road;TRUE;173;1864;8,33;11;179;20;114;00.04;01.09
2020-08;The Valley;Dubai-Al Ain Road;TRUE;176;1894;7,75;11;119;20;110;00.04;01.09
2020-09;The Valley;Dubai-Al Ain Road;TRUE;176;1893;7,63;11;139;72;62;00.04;01.09
2020-10;The Valley;Dubai-Al Ain Road;TRUE;170;1830;8,00;11;30;11;53;00.04;01.09
2020-11;The Valley;Dubai-Al Ain Road;TRUE;174;1869;7,96;11;157;69;43;00.04;01.09
2020-12;The Valley;Dubai-Al Ain Road;TRUE;183;1969;8,58;12;147;69;91;00.04;01.09
2021-01;The Valley;Dubai-Al Ain Road;TRUE;181;1945;8,17;12;133;21;60;00.04;01.09
2021-02;The Valley;Dubai-Al Ain Road;TRUE;180;1933;8,17;12;60;73;31;00.04;01.09
2021-03;The Valley;Dubai-Al Ain Road;TRUE;184;1982;8,67;12;41;78;46;00.04;01.09
2021-04;The Valley;Dubai-Al Ain Road;TRUE;183;1973;8,71;12;95;9;58;00.04;01.09
2021-05;The Valley;Dubai-Al Ain Road;TRUE;196;2112;8,88;13;70;36;76;00.04;01.09
2021-06;The Valley;Dubai-Al Ain Road;TRUE;196;2107;9,29;13;166;75;55;00.04;01.09
2021-07;The Valley;Dubai-Al Ain Road;TRUE;201;2164;8,67;13;115;14;78;00.04;01.09
2021-08;The Valley;Dubai-Al Ain Road;TRUE;203;2185;9,50;13;115;47;56;00.04;01.09
2021-09;The Valley;Dubai-Al Ain Road;TRUE;206;2216;9,46;13;72;77;41;00.04;01.09
2021-10;The Valley;Dubai-Al Ain Road;TRUE;219;2356;9,96;14;85;68;94;00.04;01.09
2021-11;The Valley;Dubai-Al Ain Road;TRUE;219;2356;9,38;14;83;49;10;00.04;01.09
2021-12;The Valley;Dubai-Al Ain Road;TRUE;225;2423;10,29;15;25;45;71;00.04;01.09
2022-01;The Valley;Dubai-Al Ain Road;TRUE;225;2420;10,25;15;39;52;23;00.04;01.09
2022-02;The Valley;Dubai-Al Ain Road;TRUE;227;2446;10,08;15;176;11;99;00.04;01.09
2022-03;The Valley;Dubai-Al Ain Road;TRUE;252;2714;11,25;16;19;77;31;00.04;01.09
2022-04;The Valley;Dubai-Al Ain Road;TRUE;254;2735;11,88;17;143;23;70;01.04;02.09
2022-05;The Valley;Dubai-Al Ain Road;TRUE;240;2585;10,54;16;42;45;98;01.04;02.09
2022-06;The Valley;Dubai-Al Ain Road;TRUE;249;2676;11,21;16;32;16;55;01.04;02.09
2022-07;The Valley;Dubai-Al Ain Road;TRUE;249;2682;11,25;16;76;41;95;01.04;02.09
2022-08;The Valley;Dubai-Al Ain Road;TRUE;258;2775;11,88;17;137;8;65;01.04;02.09
2022-09;The Valley;Dubai-Al Ain Road;TRUE;272;2923;12,25;18;130;23;96;01.04;02.09
2022-10;The Valley;Dubai-Al Ain Road;TRUE;263;2827;12,08;17;70;63;108;04.04;05.09
2022-11;The Valley;Dubai-Al Ain Road;TRUE;275;2960;13,04;18;94;56;80;04.04;05.09
2022-12;The Valley;Dubai-Al Ain Road;TRUE;274;2948;12,63;18;92;53;55;04.04;05.09
2023-01;The Valley;Dubai-Al Ain Road;TRUE;278;2988;12,75;18;115;58;116;04.04;05.09
2023-02;The Valley;Dubai-Al Ain Road;TRUE;296;3185;13,58;19;138;73;75;04.04;05.09
2023-03;The Valley;Dubai-Al Ain Road;TRUE;287;3095;12,92;19;122;73;22;04.04;05.09
2023-04;The Valley;Dubai-Al Ain Road;TRUE;312;3362;14,33;20;106;30;82;04.04;05.09
2023-05;The Valley;Dubai-Al Ain Road;TRUE;288;3099;13,71;19;103;34;76;04.04;05.09
2023-06;The Valley;Dubai-Al Ain Road;TRUE;318;3428;14,83;21;138;30;10;04.04;05.09
2023-07;The Valley;Dubai-Al Ain Road;TRUE;321;3460;14,96;21;142;76;78;05.04;06.09
2023-08;The Valley;Dubai-Al Ain Road;TRUE;333;3586;15,67;22;147;40;113;05.04;06.09
2023-09;The Valley;Dubai-Al Ain Road;TRUE;317;3415;14,25;21;17;38;53;05.04;06.09
2023-10;The Valley;Dubai-Al Ain Road;TRUE;320;3443;14,75;21;147;73;119;05.04;06.09
2023-11;The Valley;Dubai-Al Ain Road;TRUE;345;3714;16,42;22;20;55;96;05.04;06.09
2023-12;The Valley;Dubai-Al Ain Road;TRUE;327;3521;15,08;21;58;43;21;05.04;06.09
2024-01;The Valley;Dubai-Al Ain Road;TRUE;318;3427;15,21;21;86;39;116;05.04;06.09
2024-02;The Valley;Dubai-Al Ain Road;TRUE;321;3458;15,25;21;125;10;105;05.04;06.09
2024-03;The Valley;Dubai-Al Ain Road;TRUE;326;3509;15,00;21;175;35;70;05.04;06.09
2024-04;The Valley;Dubai-Al Ain Road;TRUE;325;3498;15,42;21;68;41;89;05.04;06.09
2024-05;The Valley;Dubai-Al Ain Road;TRUE;320;3442;14,63;21;88;73;46;05.04;06.09
2024-06;The Valley;Dubai-Al Ain Road;TRUE;315;3396;14,83;21;87;62;79;05.04;06.09
2024-07;The Valley;Dubai-Al Ain Road;TRUE;316;3396;14,58;21;89;10;53;0,211805556;06.15
2024-08;The Valley;Dubai-Al Ain Road;TRUE;333;3586;14,88;22;24;70;64;0,211805556;06.15
2024-09;The Valley;Dubai-Al Ain Road;TRUE;311;3349;14,21;20;123;79;74;0,211805556;06.15
2024-10;The Valley;Dubai-Al Ain Road;TRUE;311;3350;14,83;20;65;59;49;0,211805556;06.15
2024-11;The Valley;Dubai-Al Ain Road;TRUE;316;3403;14,54;21;132;46;27;0,211805556;06.15
2024-12;The Valley;Dubai-Al Ain Road;TRUE;309;3327;14,33;20;70;69;91;0,211805556;06.15
2025-01;The Valley;Dubai-Al Ain Road;TRUE;314;3380;15,04;20;143;43;40;0,211805556;06.15
2025-02;The Valley;Dubai-Al Ain Road;TRUE;308;3319;13,79;20;134;65;98;0,211805556;06.15
2025-03;The Valley;Dubai-Al Ain Road;TRUE;320;3450;15,17;21;83;79;33;0,211805556;06.15
2025-04;The Valley;Dubai-Al Ain Road;TRUE;309;3328;14,29;20;52;53;10;0,211805556;06.15
2025-05;The Valley;Dubai-Al Ain Road;TRUE;333;3585;15,42;22;47;71;83;0,211805556;06.15
2025-06;The Valley;Dubai-Al Ain Road;TRUE;315;3394;14,33;20;43;76;44;0,211805556;06.15
2025-07;The Valley;Dubai-Al Ain Road;TRUE;315;3395;14,33;21;69;18;89;04.00;05.05
2025-08;The Valley;Dubai-Al Ain Road;TRUE;322;3465;15,58;21;175;28;24;04.00;05.05
2025-09;The Valley;Dubai-Al Ain Road;TRUE;318;3422;14,75;21;125;58;81;04.00;05.05
2025-10;The Valley;Dubai-Al Ain Road;TRUE;326;3513;15,04;21;140;41;113;04.00;05.05
2025-11;The Valley;Dubai-Al Ain Road;TRUE;314;3378;14,38;20;119;31;105;04.00;05.05
2025-12;The Valley;Dubai-Al Ain Road;TRUE;318;3420;14,25;21;51;13;103;04.00;05.05
2026-01;The Valley;Dubai-Al Ain Road;TRUE;326;3504;15,13;21;122;48;73;04.00;05.05
2026-02;The Valley;Dubai-Al Ain Road;TRUE;314;3375;14,46;20;62;30;50;04.00;05.05
2026-03;The Valley;Dubai-Al Ain Road;TRUE;318;3424;14,63;21;163;19;95;04.00;05.05
2026-04;The Valley;Dubai-Al Ain Road;TRUE;314;3384;14,00;20;59;49;29;04.00;05.05
2020-01;Jumeirah Golf Estates;JGE;TRUE;357;3847;16,58;23;43;31;24;01.05;03.00
2020-02;Jumeirah Golf Estates;JGE;TRUE;371;3992;17,88;24;65;46;31;01.05;03.00
2020-03;Jumeirah Golf Estates;JGE;TRUE;358;3852;15,92;23;98;48;45;01.05;03.00
2020-04;Jumeirah Golf Estates;JGE;TRUE;365;3932;17,42;24;156;61;106;00.04;01.09
2020-05;Jumeirah Golf Estates;JGE;TRUE;368;3956;16,71;24;169;44;35;00.04;01.09
2020-06;Jumeirah Golf Estates;JGE;TRUE;345;3719;15,50;22;158;45;37;00.04;01.09
2020-07;Jumeirah Golf Estates;JGE;TRUE;371;3997;17,58;24;78;42;55;00.04;01.09
2020-08;Jumeirah Golf Estates;JGE;TRUE;373;4012;17,21;24;139;70;95;00.04;01.09
2020-09;Jumeirah Golf Estates;JGE;TRUE;347;3732;15,92;23;86;17;25;00.04;01.09
2020-10;Jumeirah Golf Estates;JGE;TRUE;335;3609;15,42;22;19;61;66;00.04;01.09
2020-11;Jumeirah Golf Estates;JGE;TRUE;351;3778;16,54;23;94;66;90;00.04;01.09
2020-12;Jumeirah Golf Estates;JGE;TRUE;359;3869;17,00;23;54;65;104;00.04;01.09
2021-01;Jumeirah Golf Estates;JGE;TRUE;366;3945;16,75;24;54;56;108;00.04;01.09
2021-02;Jumeirah Golf Estates;JGE;TRUE;356;3831;16,58;23;118;48;33;00.04;01.09
2021-03;Jumeirah Golf Estates;JGE;TRUE;370;3984;16,54;24;93;47;53;00.04;01.09
2021-04;Jumeirah Golf Estates;JGE;TRUE;383;4122;17,58;25;15;60;95;00.04;01.09
2021-05;Jumeirah Golf Estates;JGE;TRUE;390;4194;17,00;25;54;37;72;00.04;01.09
2021-06;Jumeirah Golf Estates;JGE;TRUE;388;4176;17,46;25;99;7;72;00.04;01.09
2021-07;Jumeirah Golf Estates;JGE;TRUE;397;4276;17,79;26;142;78;35;00.04;01.09
2021-08;Jumeirah Golf Estates;JGE;TRUE;408;4393;18,75;27;38;67;81;00.04;01.09
2021-09;Jumeirah Golf Estates;JGE;TRUE;412;4437;19,25;27;125;24;94;00.04;01.09
2021-10;Jumeirah Golf Estates;JGE;TRUE;411;4423;18,63;27;17;38;19;00.04;01.09
2021-11;Jumeirah Golf Estates;JGE;TRUE;407;4379;18,46;26;92;37;87;00.04;01.09
2021-12;Jumeirah Golf Estates;JGE;TRUE;445;4791;20,63;29;89;19;20;00.04;01.09
2022-01;Jumeirah Golf Estates;JGE;TRUE;464;4999;22,13;30;55;60;99;00.04;01.09
2022-02;Jumeirah Golf Estates;JGE;TRUE;462;4976;21,13;30;101;74;102;00.04;01.09
2022-03;Jumeirah Golf Estates;JGE;TRUE;476;5126;20,67;31;19;47;94;00.04;01.09
2022-04;Jumeirah Golf Estates;JGE;TRUE;495;5333;23,08;32;131;18;97;01.04;02.09
2022-05;Jumeirah Golf Estates;JGE;TRUE;489;5266;22,13;32;164;69;60;01.04;02.09
2022-06;Jumeirah Golf Estates;JGE;TRUE;513;5522;23,25;33;103;64;65;01.04;02.09
2022-07;Jumeirah Golf Estates;JGE;TRUE;521;5608;23,42;34;34;31;118;01.04;02.09
2022-08;Jumeirah Golf Estates;JGE;TRUE;529;5697;24,50;34;72;10;77;01.04;02.09
2022-09;Jumeirah Golf Estates;JGE;TRUE;537;5785;23,46;35;56;42;105;01.04;02.09
2022-10;Jumeirah Golf Estates;JGE;TRUE;555;5969;24,50;36;48;56;88;04.04;05.09
2022-11;Jumeirah Golf Estates;JGE;TRUE;536;5771;25,38;35;61;15;89;04.04;05.09
2022-12;Jumeirah Golf Estates;JGE;TRUE;550;5921;25,21;36;46;48;27;04.04;05.09
2023-01;Jumeirah Golf Estates;JGE;TRUE;560;6024;24,79;36;161;37;90;04.04;05.09
2023-02;Jumeirah Golf Estates;JGE;TRUE;570;6130;26,42;37;131;60;58;04.04;05.09
2023-03;Jumeirah Golf Estates;JGE;TRUE;586;6313;27,13;38;127;20;51;04.04;05.09
2023-04;Jumeirah Golf Estates;JGE;TRUE;617;6643;27,96;40;173;69;42;04.04;05.09
2023-05;Jumeirah Golf Estates;JGE;TRUE;615;6623;27,42;40;68;7;65;04.04;05.09
2023-06;Jumeirah Golf Estates;JGE;TRUE;634;6820;28,75;41;179;31;95;04.04;05.09
2023-07;Jumeirah Golf Estates;JGE;TRUE;647;6960;28,38;42;22;52;66;05.04;06.09
2023-08;Jumeirah Golf Estates;JGE;TRUE;623;6702;27,71;40;164;78;82;05.04;06.09
2023-09;Jumeirah Golf Estates;JGE;TRUE;673;7249;30,67;44;152;42;36;05.04;06.09
2023-10;Jumeirah Golf Estates;JGE;TRUE;665;7159;31,42;43;90;17;48;05.04;06.09
2023-11;Jumeirah Golf Estates;JGE;TRUE;671;7222;31,63;44;130;47;22;05.04;06.09
2023-12;Jumeirah Golf Estates;JGE;TRUE;690;7432;31,92;45;63;68;78;05.04;06.09
2024-01;Jumeirah Golf Estates;JGE;TRUE;654;7043;30,08;43;85;51;104;05.04;06.09
2024-02;Jumeirah Golf Estates;JGE;TRUE;642;6911;28,96;42;138;43;49;05.04;06.09
2024-03;Jumeirah Golf Estates;JGE;TRUE;648;6980;29,33;42;68;56;101;05.04;06.09
2024-04;Jumeirah Golf Estates;JGE;TRUE;658;7079;30,67;43;158;61;25;05.04;06.09
2024-05;Jumeirah Golf Estates;JGE;TRUE;654;7039;30,46;43;16;19;62;05.04;06.09
2024-06;Jumeirah Golf Estates;JGE;TRUE;657;7070;30,67;43;142;38;115;05.04;06.09
2024-07;Jumeirah Golf Estates;JGE;TRUE;652;7022;30,13;42;172;67;18;0,211805556;06.15
2024-08;Jumeirah Golf Estates;JGE;TRUE;659;7096;29,63;43;132;14;32;0,211805556;06.15
2024-09;Jumeirah Golf Estates;JGE;TRUE;656;7064;30,08;43;26;27;68;0,211805556;06.15
2024-10;Jumeirah Golf Estates;JGE;TRUE;643;6918;28,79;42;124;17;11;0,211805556;06.15
2024-11;Jumeirah Golf Estates;JGE;TRUE;662;7130;30,00;43;101;37;41;0,211805556;06.15
2024-12;Jumeirah Golf Estates;JGE;TRUE;671;7223;30,75;44;49;69;78;0,211805556;06.15
2025-01;Jumeirah Golf Estates;JGE;TRUE;640;6884;28,63;42;43;47;60;0,211805556;06.15
2025-02;Jumeirah Golf Estates;JGE;TRUE;641;6904;28,79;42;70;55;84;0,211805556;06.15
2025-03;Jumeirah Golf Estates;JGE;TRUE;647;6966;30,29;42;105;64;83;0,211805556;06.15
2025-04;Jumeirah Golf Estates;JGE;TRUE;644;6936;29,21;42;62;64;45;0,211805556;06.15
2025-05;Jumeirah Golf Estates;JGE;TRUE;644;6928;29,33;42;133;77;92;0,211805556;06.15
2025-06;Jumeirah Golf Estates;JGE;TRUE;645;6943;29,79;42;155;28;39;0,211805556;06.15
2025-07;Jumeirah Golf Estates;JGE;TRUE;645;6940;30,17;42;175;59;95;04.00;05.05
2025-08;Jumeirah Golf Estates;JGE;TRUE;642;6909;28,71;42;42;54;105;04.00;05.05
2025-09;Jumeirah Golf Estates;JGE;TRUE;658;7085;29,58;43;62;61;72;04.00;05.05
2025-10;Jumeirah Golf Estates;JGE;TRUE;649;6988;30,33;42;144;46;41;04.00;05.05
2025-11;Jumeirah Golf Estates;JGE;TRUE;678;7293;31,04;44;73;26;80;04.00;05.05
2025-12;Jumeirah Golf Estates;JGE;TRUE;636;6850;29,46;41;175;71;54;04.00;05.05
2026-01;Jumeirah Golf Estates;JGE;TRUE;626;6740;27,17;41;136;43;81;04.00;05.05
2026-02;Jumeirah Golf Estates;JGE;TRUE;642;6909;29,21;42;55;33;85;04.00;05.05
2026-03;Jumeirah Golf Estates;JGE;TRUE;619;6664;28,67;40;149;59;97;04.00;05.05
2026-04;Jumeirah Golf Estates;JGE;TRUE;623;6701;28,00;40;166;35;71;04.00;05.05
2020-01;DAMAC Lagoons;Damac;TRUE;245;2633;11,21;16;100;70;20;01.05;03.00
2020-02;DAMAC Lagoons;Damac;TRUE;259;2785;11,88;17;146;16;41;01.05;03.00
2020-03;DAMAC Lagoons;Damac;TRUE;250;2696;12,00;16;68;69;80;01.05;03.00
2020-04;DAMAC Lagoons;Damac;TRUE;260;2798;11,67;17;156;42;31;00.04;01.09
2020-05;DAMAC Lagoons;Damac;TRUE;247;2660;11,17;16;57;47;79;00.04;01.09
2020-06;DAMAC Lagoons;Damac;TRUE;247;2662;11,42;16;100;43;62;00.04;01.09
2020-07;DAMAC Lagoons;Damac;TRUE;252;2716;11,71;16;142;11;26;00.04;01.09
2020-08;DAMAC Lagoons;Damac;TRUE;245;2633;10,83;16;67;73;53;00.04;01.09
2020-09;DAMAC Lagoons;Damac;TRUE;247;2657;11,38;16;126;42;41;00.04;01.09
2020-10;DAMAC Lagoons;Damac;TRUE;240;2586;10,58;16;156;42;88;00.04;01.09
2020-11;DAMAC Lagoons;Damac;TRUE;241;2599;10,88;16;25;25;38;00.04;01.09
2020-12;DAMAC Lagoons;Damac;TRUE;261;2814;11,58;17;34;68;55;00.04;01.09
2021-01;DAMAC Lagoons;Damac;TRUE;245;2640;11,00;16;157;36;29;00.04;01.09
2021-02;DAMAC Lagoons;Damac;TRUE;268;2882;12,13;17;136;58;38;00.04;01.09
2021-03;DAMAC Lagoons;Damac;TRUE;266;2862;11,92;17;16;10;93;00.04;01.09
2021-04;DAMAC Lagoons;Damac;TRUE;273;2939;12,38;18;133;13;91;00.04;01.09
2021-05;DAMAC Lagoons;Damac;TRUE;262;2821;11,92;17;100;50;88;00.04;01.09
2021-06;DAMAC Lagoons;Damac;TRUE;271;2915;12,67;18;31;73;116;00.04;01.09
2021-07;DAMAC Lagoons;Damac;TRUE;265;2852;12,13;17;52;7;89;00.04;01.09
2021-08;DAMAC Lagoons;Damac;TRUE;275;2961;12,33;18;50;17;69;00.04;01.09
2021-09;DAMAC Lagoons;Damac;TRUE;273;2943;12,54;18;65;42;59;00.04;01.09
2021-10;DAMAC Lagoons;Damac;TRUE;291;3128;13,46;19;166;21;98;00.04;01.09
2021-11;DAMAC Lagoons;Damac;TRUE;294;3166;12,96;19;92;8;103;00.04;01.09
2021-12;DAMAC Lagoons;Damac;TRUE;309;3330;14,13;20;106;35;119;00.04;01.09
2022-01;DAMAC Lagoons;Damac;TRUE;316;3402;14,46;21;117;49;90;00.04;01.09
2022-02;DAMAC Lagoons;Damac;TRUE;322;3467;14,29;21;124;71;35;00.04;01.09
2022-03;DAMAC Lagoons;Damac;TRUE;329;3540;15,38;21;66;21;114;00.04;01.09
2022-04;DAMAC Lagoons;Damac;TRUE;347;3731;15,75;23;84;72;64;01.04;02.09
2022-05;DAMAC Lagoons;Damac;TRUE;354;3813;15,58;23;134;39;98;01.04;02.09
2022-06;DAMAC Lagoons;Damac;TRUE;379;4080;17,92;25;83;56;29;01.04;02.09
2022-07;DAMAC Lagoons;Damac;TRUE;357;3838;16,08;23;68;57;22;01.04;02.09
2022-08;DAMAC Lagoons;Damac;TRUE;353;3801;15,71;23;120;57;35;01.04;02.09
2022-09;DAMAC Lagoons;Damac;TRUE;371;3991;16,38;24;71;67;73;01.04;02.09
2022-10;DAMAC Lagoons;Damac;TRUE;380;4089;18,04;25;172;75;40;04.04;05.09
2022-11;DAMAC Lagoons;Damac;TRUE;392;4220;18,50;25;25;11;117;04.04;05.09
2022-12;DAMAC Lagoons;Damac;TRUE;382;4110;17,79;25;72;78;62;04.04;05.09
2023-01;DAMAC Lagoons;Damac;TRUE;379;4082;16,92;25;76;75;50;04.04;05.09
2023-02;DAMAC Lagoons;Damac;TRUE;413;4443;19,13;27;67;20;22;04.04;05.09
2023-03;DAMAC Lagoons;Damac;TRUE;419;4508;18,42;27;119;43;75;04.04;05.09
2023-04;DAMAC Lagoons;Damac;TRUE;425;4569;19,42;28;23;78;34;04.04;05.09
2023-05;DAMAC Lagoons;Damac;TRUE;430;4624;19,79;28;72;57;58;04.04;05.09
2023-06;DAMAC Lagoons;Damac;TRUE;441;4744;20,21;29;167;36;14;04.04;05.09
2023-07;DAMAC Lagoons;Damac;TRUE;449;4832;20,79;29;54;54;67;05.04;06.09
2023-08;DAMAC Lagoons;Damac;TRUE;446;4802;20,21;29;87;73;65;05.04;06.09
2023-09;DAMAC Lagoons;Damac;TRUE;459;4938;21,71;30;161;78;64;05.04;06.09
2023-10;DAMAC Lagoons;Damac;TRUE;450;4846;21,00;29;172;13;90;05.04;06.09
2023-11;DAMAC Lagoons;Damac;TRUE;468;5035;21,21;30;179;74;50;05.04;06.09
2023-12;DAMAC Lagoons;Damac;TRUE;449;4829;20,58;29;101;33;90;05.04;06.09
2024-01;DAMAC Lagoons;Damac;TRUE;455;4899;20,54;30;149;38;92;05.04;06.09
2024-02;DAMAC Lagoons;Damac;TRUE;469;5052;21,33;31;152;63;54;05.04;06.09
2024-03;DAMAC Lagoons;Damac;TRUE;460;4949;20,96;30;152;52;10;05.04;06.09
2024-04;DAMAC Lagoons;Damac;TRUE;438;4710;20,63;28;90;66;54;05.04;06.09
2024-05;DAMAC Lagoons;Damac;TRUE;444;4775;20,17;29;41;70;46;05.04;06.09
2024-06;DAMAC Lagoons;Damac;TRUE;438;4715;20,75;28;43;36;67;05.04;06.09
2024-07;DAMAC Lagoons;Damac;TRUE;420;4516;19,25;27;21;65;13;0,211805556;06.15
2024-08;DAMAC Lagoons;Damac;TRUE;466;5017;20,96;30;50;5;45;0,211805556;06.15
2024-09;DAMAC Lagoons;Damac;TRUE;446;4800;20,08;29;33;67;106;0,211805556;06.15
2024-10;DAMAC Lagoons;Damac;TRUE;453;4876;21,17;29;151;63;116;0,211805556;06.15
2024-11;DAMAC Lagoons;Damac;TRUE;445;4795;20,83;29;77;71;110;0,211805556;06.15
2024-12;DAMAC Lagoons;Damac;TRUE;464;4999;20,92;30;46;62;36;0,211805556;06.15
2025-01;DAMAC Lagoons;Damac;TRUE;450;4840;21,08;29;102;55;18;0,211805556;06.15
2025-02;DAMAC Lagoons;Damac;TRUE;457;4924;20,46;30;103;17;18;0,211805556;06.15
2025-03;DAMAC Lagoons;Damac;TRUE;466;5013;21,29;30;84;70;34;0,211805556;06.15
2025-04;DAMAC Lagoons;Damac;TRUE;446;4799;20,21;29;172;67;55;0,211805556;06.15
2025-05;DAMAC Lagoons;Damac;TRUE;434;4675;19,71;28;27;36;104;0,211805556;06.15
2025-06;DAMAC Lagoons;Damac;TRUE;440;4739;20,67;29;151;6;48;0,211805556;06.15
2025-07;DAMAC Lagoons;Damac;TRUE;433;4663;19,92;28;31;58;22;04.00;05.05
2025-08;DAMAC Lagoons;Damac;TRUE;425;4571;19,13;28;34;42;67;04.00;05.05
2025-09;DAMAC Lagoons;Damac;TRUE;437;4705;19,17;28;167;67;98;04.00;05.05
2025-10;DAMAC Lagoons;Damac;TRUE;451;4859;21,00;29;178;17;15;04.00;05.05
2025-11;DAMAC Lagoons;Damac;TRUE;438;4714;20,13;28;141;62;93;04.00;05.05
2025-12;DAMAC Lagoons;Damac;TRUE;441;4751;19,25;29;162;38;91;04.00;05.05
2026-01;DAMAC Lagoons;Damac;TRUE;439;4728;20,00;29;77;21;39;04.00;05.05
2026-02;DAMAC Lagoons;Damac;TRUE;462;4973;21,42;30;58;24;17;04.00;05.05
2026-03;DAMAC Lagoons;Damac;TRUE;449;4837;20,63;29;53;5;33;04.00;05.05
2026-04;DAMAC Lagoons;Damac;TRUE;439;4728;20,75;29;135;21;43;04.00;05.05
2020-01;Dubai Islands;Deira Islands;TRUE;372;4005;16,58;24;177;10;42;01.05;03.00
2020-02;Dubai Islands;Deira Islands;TRUE;377;4053;17,46;24;135;18;118;01.05;03.00
2020-03;Dubai Islands;Deira Islands;TRUE;369;3973;16,88;24;132;8;38;01.05;03.00
2020-04;Dubai Islands;Deira Islands;TRUE;368;3958;17,00;24;66;77;102;00.04;01.09
2020-05;Dubai Islands;Deira Islands;TRUE;362;3895;16,88;24;112;43;64;00.04;01.09
2020-06;Dubai Islands;Deira Islands;TRUE;366;3937;16,58;24;168;46;110;00.04;01.09
2020-07;Dubai Islands;Deira Islands;TRUE;364;3913;16,25;24;122;63;34;00.04;01.09
2020-08;Dubai Islands;Deira Islands;TRUE;377;4053;17,29;24;15;52;70;00.04;01.09
2020-09;Dubai Islands;Deira Islands;TRUE;357;3839;16,29;23;98;55;35;00.04;01.09
2020-10;Dubai Islands;Deira Islands;TRUE;356;3830;16,71;23;28;51;62;00.04;01.09
2020-11;Dubai Islands;Deira Islands;TRUE;364;3919;16,63;24;42;50;12;00.04;01.09
2020-12;Dubai Islands;Deira Islands;TRUE;361;3882;16,96;23;62;33;45;00.04;01.09
2021-01;Dubai Islands;Deira Islands;TRUE;369;3977;17,50;24;104;64;46;00.04;01.09
2021-02;Dubai Islands;Deira Islands;TRUE;375;4033;16,79;24;19;76;74;00.04;01.09
2021-03;Dubai Islands;Deira Islands;TRUE;386;4159;17,96;25;123;22;53;00.04;01.09
2021-04;Dubai Islands;Deira Islands;TRUE;395;4251;17,67;26;46;24;28;00.04;01.09
2021-05;Dubai Islands;Deira Islands;TRUE;414;4457;19,54;27;87;51;51;00.04;01.09
2021-06;Dubai Islands;Deira Islands;TRUE;395;4252;18,21;26;127;15;101;00.04;01.09
2021-07;Dubai Islands;Deira Islands;TRUE;404;4349;18,04;26;49;57;107;00.04;01.09
2021-08;Dubai Islands;Deira Islands;TRUE;424;4566;19,29;28;27;42;23;00.04;01.09
2021-09;Dubai Islands;Deira Islands;TRUE;429;4614;19,42;28;91;53;90;00.04;01.09
2021-10;Dubai Islands;Deira Islands;TRUE;421;4530;20,29;27;38;31;84;00.04;01.09
2021-11;Dubai Islands;Deira Islands;TRUE;437;4704;20,04;28;161;47;24;00.04;01.09
2021-12;Dubai Islands;Deira Islands;TRUE;444;4779;20,79;29;152;21;63;00.04;01.09
2022-01;Dubai Islands;Deira Islands;TRUE;481;5178;20,83;31;63;71;66;00.04;01.09
2022-02;Dubai Islands;Deira Islands;TRUE;493;5302;22,46;32;19;53;67;00.04;01.09
2022-03;Dubai Islands;Deira Islands;TRUE;493;5309;22,46;32;151;75;92;00.04;01.09
2022-04;Dubai Islands;Deira Islands;TRUE;502;5408;22,25;33;96;75;35;01.04;02.09
2022-05;Dubai Islands;Deira Islands;TRUE;505;5435;22,96;33;66;5;90;01.04;02.09
2022-06;Dubai Islands;Deira Islands;TRUE;536;5769;24,08;35;123;24;68;01.04;02.09
2022-07;Dubai Islands;Deira Islands;TRUE;517;5560;24,00;34;64;16;16;01.04;02.09
2022-08;Dubai Islands;Deira Islands;TRUE;528;5680;23,96;34;26;34;16;01.04;02.09
2022-09;Dubai Islands;Deira Islands;TRUE;562;6052;26,42;37;179;5;52;01.04;02.09
2022-10;Dubai Islands;Deira Islands;TRUE;563;6061;25,50;37;51;16;30;04.04;05.09
2022-11;Dubai Islands;Deira Islands;TRUE;553;5950;25,63;36;79;8;67;04.04;05.09
2022-12;Dubai Islands;Deira Islands;TRUE;564;6072;24,21;37;18;21;60;04.04;05.09
2023-01;Dubai Islands;Deira Islands;TRUE;584;6286;27,13;38;153;40;103;04.04;05.09
2023-02;Dubai Islands;Deira Islands;TRUE;596;6417;27,04;39;98;9;34;04.04;05.09
2023-03;Dubai Islands;Deira Islands;TRUE;593;6382;26,71;39;54;46;87;04.04;05.09
2023-04;Dubai Islands;Deira Islands;TRUE;628;6755;29,17;41;167;40;92;04.04;05.09
2023-05;Dubai Islands;Deira Islands;TRUE;622;6697;27,50;40;67;22;87;04.04;05.09
2023-06;Dubai Islands;Deira Islands;TRUE;647;6960;30,71;42;32;75;76;04.04;05.09
2023-07;Dubai Islands;Deira Islands;TRUE;662;7122;31,67;43;85;23;56;05.04;06.09
2023-08;Dubai Islands;Deira Islands;TRUE;632;6799;29,63;41;70;60;44;05.04;06.09
2023-09;Dubai Islands;Deira Islands;TRUE;658;7077;30,08;43;83;34;108;05.04;06.09
2023-10;Dubai Islands;Deira Islands;TRUE;679;7305;30,58;44;71;54;64;05.04;06.09
2023-11;Dubai Islands;Deira Islands;TRUE;683;7349;31,71;44;48;47;92;05.04;06.09
2023-12;Dubai Islands;Deira Islands;TRUE;673;7244;30,67;44;159;9;41;05.04;06.09
2024-01;Dubai Islands;Deira Islands;TRUE;677;7291;30,29;44;146;27;54;05.04;06.09
2024-02;Dubai Islands;Deira Islands;TRUE;662;7131;31,58;43;61;69;16;05.04;06.09
2024-03;Dubai Islands;Deira Islands;TRUE;677;7287;30,29;44;163;43;30;05.04;06.09
2024-04;Dubai Islands;Deira Islands;TRUE;670;7215;30,63;44;119;24;63;05.04;06.09
2024-05;Dubai Islands;Deira Islands;TRUE;684;7358;30,67;44;148;10;21;05.04;06.09
2024-06;Dubai Islands;Deira Islands;TRUE;696;7487;32,96;45;80;32;89;05.04;06.09
2024-07;Dubai Islands;Deira Islands;TRUE;655;7049;30,08;43;51;65;80;0,211805556;06.15
2024-08;Dubai Islands;Deira Islands;TRUE;662;7127;29,58;43;159;43;68;0,211805556;06.15
2024-09;Dubai Islands;Deira Islands;TRUE;660;7105;30,17;43;113;55;18;0,211805556;06.15
2024-10;Dubai Islands;Deira Islands;TRUE;677;7287;31,88;44;160;61;40;0,211805556;06.15
2024-11;Dubai Islands;Deira Islands;TRUE;653;7029;30,96;42;157;37;29;0,211805556;06.15
2024-12;Dubai Islands;Deira Islands;TRUE;660;7109;30,00;43;140;73;72;0,211805556;06.15
2025-01;Dubai Islands;Deira Islands;TRUE;654;7043;29,58;43;62;59;113;0,211805556;06.15
2025-02;Dubai Islands;Deira Islands;TRUE;665;7160;31,08;43;51;75;115;0,211805556;06.15
2025-03;Dubai Islands;Deira Islands;TRUE;676;7274;31,08;44;139;72;16;0,211805556;06.15
2025-04;Dubai Islands;Deira Islands;TRUE;626;6743;28,21;41;107;45;68;0,211805556;06.15
2025-05;Dubai Islands;Deira Islands;TRUE;667;7177;29,17;43;45;44;80;0,211805556;06.15
2025-06;Dubai Islands;Deira Islands;TRUE;640;6894;28,79;42;146;5;59;0,211805556;06.15
2025-07;Dubai Islands;Deira Islands;TRUE;647;6964;29,83;42;97;62;87;04.00;05.05
2025-08;Dubai Islands;Deira Islands;TRUE;691;7433;32,92;45;154;27;71;04.00;05.05
2025-09;Dubai Islands;Deira Islands;TRUE;668;7190;30,04;43;53;6;81;04.00;05.05
2025-10;Dubai Islands;Deira Islands;TRUE;663;7140;29,50;43;78;14;95;04.00;05.05
2025-11;Dubai Islands;Deira Islands;TRUE;636;6850;29,67;41;62;40;49;04.00;05.05
2025-12;Dubai Islands;Deira Islands;TRUE;648;6978;30,17;42;18;19;60;04.00;05.05
2026-01;Dubai Islands;Deira Islands;TRUE;639;6880;28,92;42;19;73;80;04.00;05.05
2026-02;Dubai Islands;Deira Islands;TRUE;680;7315;30,79;44;152;65;23;04.00;05.05
2026-03;Dubai Islands;Deira Islands;TRUE;670;7209;30,79;44;36;55;115;04.00;05.05
2026-04;Dubai Islands;Deira Islands;TRUE;654;7043;31,13;43;167;77;53;04.00;05.05
2020-01;Al Mamzar;Al Mamzar;FALSE;227;2438;;15;88;0;115;01.05;03.00
2020-02;Al Mamzar;Al Mamzar;FALSE;238;2561;;15;30;0;53;01.05;03.00
2020-03;Al Mamzar;Al Mamzar;FALSE;225;2417;;15;178;0;86;01.05;03.00
2020-04;Al Mamzar;Al Mamzar;FALSE;231;2482;;15;95;0;59;00.04;01.09
2020-05;Al Mamzar;Al Mamzar;FALSE;228;2455;;15;94;0;116;00.04;01.09
2020-06;Al Mamzar;Al Mamzar;FALSE;220;2369;;14;176;0;48;00.04;01.09
2020-07;Al Mamzar;Al Mamzar;FALSE;232;2497;;15;120;0;73;00.04;01.09
2020-08;Al Mamzar;Al Mamzar;FALSE;212;2286;;14;104;0;18;00.04;01.09
2020-09;Al Mamzar;Al Mamzar;FALSE;211;2270;;14;69;0;54;00.04;01.09
2020-10;Al Mamzar;Al Mamzar;FALSE;225;2424;;15;134;0;114;00.04;01.09
2020-11;Al Mamzar;Al Mamzar;FALSE;218;2350;;14;52;0;72;00.04;01.09
2020-12;Al Mamzar;Al Mamzar;FALSE;219;2361;;14;92;0;101;00.04;01.09
2021-01;Al Mamzar;Al Mamzar;FALSE;222;2386;;14;142;0;69;00.04;01.09
2021-02;Al Mamzar;Al Mamzar;FALSE;229;2465;;15;46;0;21;00.04;01.09
2021-03;Al Mamzar;Al Mamzar;FALSE;224;2409;;15;33;0;69;00.04;01.09
2021-04;Al Mamzar;Al Mamzar;FALSE;250;2689;;16;75;0;52;00.04;01.09
2021-05;Al Mamzar;Al Mamzar;FALSE;234;2518;;15;72;0;18;00.04;01.09
2021-06;Al Mamzar;Al Mamzar;FALSE;247;2664;;16;65;0;21;00.04;01.09
2021-07;Al Mamzar;Al Mamzar;FALSE;253;2728;;16;49;0;92;00.04;01.09
2021-08;Al Mamzar;Al Mamzar;FALSE;246;2644;;16;33;0;78;00.04;01.09
2021-09;Al Mamzar;Al Mamzar;FALSE;254;2732;;16;20;0;26;00.04;01.09
2021-10;Al Mamzar;Al Mamzar;FALSE;266;2861;;17;65;0;95;00.04;01.09
2021-11;Al Mamzar;Al Mamzar;FALSE;271;2915;;18;116;0;72;00.04;01.09
2021-12;Al Mamzar;Al Mamzar;FALSE;258;2773;;17;79;0;21;00.04;01.09
2022-01;Al Mamzar;Al Mamzar;FALSE;279;3004;;18;115;0;76;00.04;01.09
2022-02;Al Mamzar;Al Mamzar;FALSE;279;2998;;18;110;0;31;00.04;01.09
2022-03;Al Mamzar;Al Mamzar;FALSE;299;3217;;19;19;0;30;00.04;01.09
2022-04;Al Mamzar;Al Mamzar;FALSE;303;3266;;20;130;0;11;01.04;02.09
2022-05;Al Mamzar;Al Mamzar;FALSE;310;3340;;20;123;0;51;01.04;02.09
2022-06;Al Mamzar;Al Mamzar;FALSE;324;3490;;21;37;0;31;01.04;02.09
2022-07;Al Mamzar;Al Mamzar;FALSE;323;3479;;21;108;0;111;01.04;02.09
2022-08;Al Mamzar;Al Mamzar;FALSE;329;3541;;21;72;0;100;01.04;02.09
2022-09;Al Mamzar;Al Mamzar;FALSE;330;3548;;21;119;0;112;01.04;02.09
2022-10;Al Mamzar;Al Mamzar;FALSE;326;3514;;21;103;0;110;04.04;05.09
2022-11;Al Mamzar;Al Mamzar;FALSE;343;3687;;22;37;0;94;04.04;05.09
2022-12;Al Mamzar;Al Mamzar;FALSE;333;3586;;22;80;0;95;04.04;05.09
2023-01;Al Mamzar;Al Mamzar;FALSE;343;3688;;22;119;0;106;04.04;05.09
2023-02;Al Mamzar;Al Mamzar;FALSE;362;3895;;24;99;0;18;04.04;05.09
2023-03;Al Mamzar;Al Mamzar;FALSE;374;4027;;24;53;0;111;04.04;05.09
2023-04;Al Mamzar;Al Mamzar;FALSE;379;4080;;25;136;0;116;04.04;05.09
2023-05;Al Mamzar;Al Mamzar;FALSE;366;3938;;24;157;0;62;04.04;05.09
2023-06;Al Mamzar;Al Mamzar;FALSE;387;4171;;25;106;0;111;04.04;05.09
2023-07;Al Mamzar;Al Mamzar;FALSE;376;4044;;24;20;0;52;05.04;06.09
2023-08;Al Mamzar;Al Mamzar;FALSE;427;4599;;28;137;0;98;05.04;06.09
2023-09;Al Mamzar;Al Mamzar;FALSE;413;4441;;27;47;0;12;05.04;06.09
2023-10;Al Mamzar;Al Mamzar;FALSE;402;4328;;26;62;0;107;05.04;06.09
2023-11;Al Mamzar;Al Mamzar;FALSE;415;4466;;27;127;0;57;05.04;06.09
2023-12;Al Mamzar;Al Mamzar;FALSE;400;4306;;26;18;0;48;05.04;06.09
2024-01;Al Mamzar;Al Mamzar;FALSE;407;4376;;26;83;0;76;05.04;06.09
2024-02;Al Mamzar;Al Mamzar;FALSE;421;4527;;27;55;0;115;05.04;06.09
2024-03;Al Mamzar;Al Mamzar;FALSE;398;4281;;26;146;0;78;05.04;06.09
2024-04;Al Mamzar;Al Mamzar;FALSE;406;4368;;26;69;0;116;05.04;06.09
2024-05;Al Mamzar;Al Mamzar;FALSE;410;4413;;27;41;0;90;05.04;06.09
2024-06;Al Mamzar;Al Mamzar;FALSE;400;4307;;26;109;0;15;05.04;06.09
2024-07;Al Mamzar;Al Mamzar;FALSE;405;4356;;26;72;0;49;0,211805556;06.15
2024-08;Al Mamzar;Al Mamzar;FALSE;401;4320;;26;128;0;40;0,211805556;06.15
2024-09;Al Mamzar;Al Mamzar;FALSE;396;4259;;26;19;0;112;0,211805556;06.15
2024-10;Al Mamzar;Al Mamzar;FALSE;410;4410;;27;92;0;87;0,211805556;06.15
2024-11;Al Mamzar;Al Mamzar;FALSE;403;4333;;26;148;0;83;0,211805556;06.15
2024-12;Al Mamzar;Al Mamzar;FALSE;401;4321;;26;51;0;16;0,211805556;06.15
2025-01;Al Mamzar;Al Mamzar;FALSE;395;4256;;26;86;0;67;0,211805556;06.15
2025-02;Al Mamzar;Al Mamzar;FALSE;390;4193;;25;139;0;98;0,211805556;06.15
2025-03;Al Mamzar;Al Mamzar;FALSE;414;4460;;27;171;0;12;0,211805556;06.15
2025-04;Al Mamzar;Al Mamzar;FALSE;413;4440;;27;51;0;70;0,211805556;06.15
2025-05;Al Mamzar;Al Mamzar;FALSE;387;4163;;25;101;0;116;0,211805556;06.15
2025-06;Al Mamzar;Al Mamzar;FALSE;415;4471;;27;35;0;57;0,211805556;06.15
2025-07;Al Mamzar;Al Mamzar;FALSE;393;4227;;26;104;0;63;04.00;05.05
2025-08;Al Mamzar;Al Mamzar;FALSE;383;4122;;25;82;0;40;04.00;05.05
2025-09;Al Mamzar;Al Mamzar;FALSE;391;4209;;25;157;0;108;04.00;05.05
2025-10;Al Mamzar;Al Mamzar;FALSE;402;4332;;26;108;0;104;04.00;05.05
2025-11;Al Mamzar;Al Mamzar;FALSE;374;4031;;24;17;0;76;04.00;05.05
2025-12;Al Mamzar;Al Mamzar;FALSE;401;4312;;26;97;0;117;04.00;05.05
2026-01;Al Mamzar;Al Mamzar;FALSE;390;4197;;25;168;0;48;04.00;05.05
2026-02;Al Mamzar;Al Mamzar;FALSE;385;4142;;25;66;0;54;04.00;05.05
2026-03;Al Mamzar;Al Mamzar;FALSE;407;4379;;26;174;0;67;04.00;05.05
2026-04;Al Mamzar;Al Mamzar;FALSE;397;4276;;26;86;0;18;04.00;05.05
2020-01;Umm Suqeim;Jumeirah;TRUE;467;5027;20,46;30;160;51;32;01.05;03.00
2020-02;Umm Suqeim;Jumeirah;TRUE;504;5427;22,50;33;150;73;80;01.05;03.00
2020-03;Umm Suqeim;Jumeirah;TRUE;477;5134;21,79;31;160;16;86;01.05;03.00
2020-04;Umm Suqeim;Jumeirah;TRUE;479;5158;22,04;31;163;49;39;00.04;01.09
2020-05;Umm Suqeim;Jumeirah;TRUE;480;5163;22,50;31;110;20;16;00.04;01.09
2020-06;Umm Suqeim;Jumeirah;TRUE;474;5097;19,83;31;21;66;87;00.04;01.09
2020-07;Umm Suqeim;Jumeirah;TRUE;464;4998;20,71;30;155;61;75;00.04;01.09
2020-08;Umm Suqeim;Jumeirah;TRUE;467;5023;21,54;30;124;38;81;00.04;01.09
2020-09;Umm Suqeim;Jumeirah;TRUE;445;4791;20,67;29;78;65;110;00.04;01.09
2020-10;Umm Suqeim;Jumeirah;TRUE;473;5086;21,88;31;48;20;103;00.04;01.09
2020-11;Umm Suqeim;Jumeirah;TRUE;450;4843;20,58;29;159;26;98;00.04;01.09
2020-12;Umm Suqeim;Jumeirah;TRUE;456;4914;20,46;30;171;74;39;00.04;01.09
2021-01;Umm Suqeim;Jumeirah;TRUE;467;5025;21,29;30;160;19;94;00.04;01.09
2021-02;Umm Suqeim;Jumeirah;TRUE;500;5385;22,79;33;159;74;92;00.04;01.09
2021-03;Umm Suqeim;Jumeirah;TRUE;499;5368;23,04;32;44;68;65;00.04;01.09
2021-04;Umm Suqeim;Jumeirah;TRUE;495;5332;22,71;32;109;78;89;00.04;01.09
2021-05;Umm Suqeim;Jumeirah;TRUE;504;5427;23,67;33;67;27;56;00.04;01.09
2021-06;Umm Suqeim;Jumeirah;TRUE;517;5568;24,04;34;126;15;19;00.04;01.09
2021-07;Umm Suqeim;Jumeirah;TRUE;531;5714;24,33;35;55;43;118;00.04;01.09
2021-08;Umm Suqeim;Jumeirah;TRUE;520;5601;25,17;34;146;13;27;00.04;01.09
2021-09;Umm Suqeim;Jumeirah;TRUE;549;5913;25,92;36;159;38;14;00.04;01.09
2021-10;Umm Suqeim;Jumeirah;TRUE;553;5953;25,04;36;119;65;32;00.04;01.09
2021-11;Umm Suqeim;Jumeirah;TRUE;591;6361;26,50;38;67;54;98;00.04;01.09
2021-12;Umm Suqeim;Jumeirah;TRUE;590;6347;26,00;38;18;58;89;00.04;01.09
2022-01;Umm Suqeim;Jumeirah;TRUE;596;6413;28,50;39;156;76;24;00.04;01.09
2022-02;Umm Suqeim;Jumeirah;TRUE;603;6487;27,75;39;54;65;62;00.04;01.09
2022-03;Umm Suqeim;Jumeirah;TRUE;632;6800;29,08;41;89;18;11;00.04;01.09
2022-04;Umm Suqeim;Jumeirah;TRUE;680;7321;31,13;44;50;30;46;01.04;02.09
2022-05;Umm Suqeim;Jumeirah;TRUE;674;7250;30,46;44;99;55;118;01.04;02.09
2022-06;Umm Suqeim;Jumeirah;TRUE;664;7150;31,29;43;128;55;20;01.04;02.09
2022-07;Umm Suqeim;Jumeirah;TRUE;694;7470;31,04;45;26;47;53;01.04;02.09
2022-08;Umm Suqeim;Jumeirah;TRUE;691;7440;31,08;45;75;48;92;01.04;02.09
2022-09;Umm Suqeim;Jumeirah;TRUE;737;7932;33,17;48;58;75;118;01.04;02.09
2022-10;Umm Suqeim;Jumeirah;TRUE;734;7897;34,08;48;27;54;49;04.04;05.09
2022-11;Umm Suqeim;Jumeirah;TRUE;728;7836;32,71;47;83;27;94;04.04;05.09
2022-12;Umm Suqeim;Jumeirah;TRUE;762;8201;33,92;50;53;47;85;04.04;05.09
2023-01;Umm Suqeim;Jumeirah;TRUE;730;7853;32,83;47;151;66;20;04.04;05.09
2023-02;Umm Suqeim;Jumeirah;TRUE;758;8156;34,38;49;179;61;112;04.04;05.09
2023-03;Umm Suqeim;Jumeirah;TRUE;821;8842;37,63;53;20;57;48;04.04;05.09
2023-04;Umm Suqeim;Jumeirah;TRUE;823;8859;38,75;53;136;67;86;04.04;05.09
2023-05;Umm Suqeim;Jumeirah;TRUE;795;8554;37,46;52;73;73;28;04.04;05.09
2023-06;Umm Suqeim;Jumeirah;TRUE;856;9219;37,50;56;134;40;103;04.04;05.09
2023-07;Umm Suqeim;Jumeirah;TRUE;875;9424;38,33;57;117;41;67;05.04;06.09
2023-08;Umm Suqeim;Jumeirah;TRUE;836;9004;39,54;54;58;74;79;05.04;06.09
2023-09;Umm Suqeim;Jumeirah;TRUE;850;9149;39,21;55;118;58;48;05.04;06.09
2023-10;Umm Suqeim;Jumeirah;TRUE;889;9569;39,38;58;110;63;42;05.04;06.09
2023-11;Umm Suqeim;Jumeirah;TRUE;892;9606;39,54;58;24;5;12;05.04;06.09
2023-12;Umm Suqeim;Jumeirah;TRUE;912;9818;41,38;59;152;77;97;05.04;06.09
2024-01;Umm Suqeim;Jumeirah;TRUE;831;8946;37,71;54;144;21;85;05.04;06.09
2024-02;Umm Suqeim;Jumeirah;TRUE;870;9370;39,63;57;118;51;102;05.04;06.09
2024-03;Umm Suqeim;Jumeirah;TRUE;893;9611;41,17;58;52;16;57;05.04;06.09
2024-04;Umm Suqeim;Jumeirah;TRUE;893;9616;41,83;58;116;44;106;05.04;06.09
2024-05;Umm Suqeim;Jumeirah;TRUE;854;9193;38,29;56;153;57;112;05.04;06.09
2024-06;Umm Suqeim;Jumeirah;TRUE;827;8900;37,54;54;32;48;39;05.04;06.09
2024-07;Umm Suqeim;Jumeirah;TRUE;864;9304;38,46;56;159;32;37;0,211805556;06.15
2024-08;Umm Suqeim;Jumeirah;TRUE;879;9457;39,96;57;39;5;35;0,211805556;06.15
2024-09;Umm Suqeim;Jumeirah;TRUE;879;9465;41,17;57;101;22;28;0,211805556;06.15
2024-10;Umm Suqeim;Jumeirah;TRUE;894;9619;40,08;58;177;27;56;0,211805556;06.15
2024-11;Umm Suqeim;Jumeirah;TRUE;850;9145;38,63;55;131;77;100;0,211805556;06.15
2024-12;Umm Suqeim;Jumeirah;TRUE;835;8989;37,88;54;129;47;53;0,211805556;06.15
2025-01;Umm Suqeim;Jumeirah;TRUE;836;8998;38,00;54;163;10;19;0,211805556;06.15
2025-02;Umm Suqeim;Jumeirah;TRUE;824;8869;37,96;54;134;46;32;0,211805556;06.15
2025-03;Umm Suqeim;Jumeirah;TRUE;833;8969;36,04;54;104;8;105;0,211805556;06.15
2025-04;Umm Suqeim;Jumeirah;TRUE;874;9412;38,79;57;79;51;91;0,211805556;06.15
2025-05;Umm Suqeim;Jumeirah;TRUE;852;9174;38,50;55;129;68;65;0,211805556;06.15
2025-06;Umm Suqeim;Jumeirah;TRUE;821;8838;37,54;53;161;67;106;0,211805556;06.15
2025-07;Umm Suqeim;Jumeirah;TRUE;862;9280;39,42;56;33;57;108;04.00;05.05
2025-08;Umm Suqeim;Jumeirah;TRUE;814;8761;38,88;53;61;28;77;04.00;05.05
2025-09;Umm Suqeim;Jumeirah;TRUE;860;9256;38,25;56;45;5;15;04.00;05.05
2025-10;Umm Suqeim;Jumeirah;TRUE;842;9062;38,21;55;83;10;13;04.00;05.05
2025-11;Umm Suqeim;Jumeirah;TRUE;869;9350;39,33;56;100;64;59;04.00;05.05
2025-12;Umm Suqeim;Jumeirah;TRUE;842;9058;39,58;55;157;19;77;04.00;05.05
2026-01;Umm Suqeim;Jumeirah;TRUE;827;8906;38,50;54;102;16;54;04.00;05.05
2026-02;Umm Suqeim;Jumeirah;TRUE;828;8915;40,08;54;88;7;40;04.00;05.05
2026-03;Umm Suqeim;Jumeirah;TRUE;841;9051;39,50;55;39;37;65;04.00;05.05
2026-04;Umm Suqeim;Jumeirah;TRUE;843;9071;40,21;55;69;33;118;04.00;05.05
2020-01;Jumeirah 1;Jumeirah;TRUE;439;4728;19,67;29;167;67;24;01.05;03.00
2020-02;Jumeirah 1;Jumeirah;TRUE;456;4903;21,42;30;31;53;23;01.05;03.00
2020-03;Jumeirah 1;Jumeirah;TRUE;432;4648;19,83;28;32;43;99;01.05;03.00
2020-04;Jumeirah 1;Jumeirah;TRUE;432;4647;20,17;28;92;52;40;00.04;01.09
2020-05;Jumeirah 1;Jumeirah;TRUE;438;4709;20,88;28;98;75;111;00.04;01.09
2020-06;Jumeirah 1;Jumeirah;TRUE;438;4712;19,75;28;162;65;12;00.04;01.09
2020-07;Jumeirah 1;Jumeirah;TRUE;429;4613;19,63;28;165;79;15;00.04;01.09
2020-08;Jumeirah 1;Jumeirah;TRUE;430;4626;19,79;28;149;76;51;00.04;01.09
2020-09;Jumeirah 1;Jumeirah;TRUE;406;4368;18,67;26;40;26;18;00.04;01.09
2020-10;Jumeirah 1;Jumeirah;TRUE;407;4379;18,96;26;104;10;35;00.04;01.09
2020-11;Jumeirah 1;Jumeirah;TRUE;429;4615;19,63;28;99;58;106;00.04;01.09
2020-12;Jumeirah 1;Jumeirah;TRUE;417;4485;18,79;27;94;33;12;00.04;01.09
2021-01;Jumeirah 1;Jumeirah;TRUE;427;4593;19,79;28;163;72;83;00.04;01.09
2021-02;Jumeirah 1;Jumeirah;TRUE;457;4920;20,33;30;164;45;83;00.04;01.09
2021-03;Jumeirah 1;Jumeirah;TRUE;458;4929;21,00;30;108;27;96;00.04;01.09
2021-04;Jumeirah 1;Jumeirah;TRUE;473;5092;21,42;31;34;57;108;00.04;01.09
2021-05;Jumeirah 1;Jumeirah;TRUE;469;5048;21,92;30;141;24;56;00.04;01.09
2021-06;Jumeirah 1;Jumeirah;TRUE;483;5202;22,79;31;20;28;65;00.04;01.09
2021-07;Jumeirah 1;Jumeirah;TRUE;496;5343;22,71;32;109;8;89;00.04;01.09
2021-08;Jumeirah 1;Jumeirah;TRUE;494;5314;22,38;32;34;65;44;00.04;01.09
2021-09;Jumeirah 1;Jumeirah;TRUE;497;5354;22,17;32;59;7;87;00.04;01.09
2021-10;Jumeirah 1;Jumeirah;TRUE;513;5525;23,21;33;63;13;22;00.04;01.09
2021-11;Jumeirah 1;Jumeirah;TRUE;539;5806;24,83;35;64;30;11;00.04;01.09
2021-12;Jumeirah 1;Jumeirah;TRUE;538;5792;24,46;35;109;33;47;00.04;01.09
2022-01;Jumeirah 1;Jumeirah;TRUE;566;6096;25,50;37;111;75;49;00.04;01.09
2022-02;Jumeirah 1;Jumeirah;TRUE;565;6083;25,58;37;120;11;20;00.04;01.09
2022-03;Jumeirah 1;Jumeirah;TRUE;574;6184;25,71;37;57;59;91;00.04;01.09
2022-04;Jumeirah 1;Jumeirah;TRUE;604;6503;27,71;39;86;31;66;01.04;02.09
2022-05;Jumeirah 1;Jumeirah;TRUE;606;6526;27,58;39;73;52;101;01.04;02.09
2022-06;Jumeirah 1;Jumeirah;TRUE;599;6452;27,00;39;124;53;19;01.04;02.09
2022-07;Jumeirah 1;Jumeirah;TRUE;634;6830;28,63;41;155;60;63;01.04;02.09
2022-08;Jumeirah 1;Jumeirah;TRUE;623;6707;28,08;41;119;11;100;01.04;02.09
2022-09;Jumeirah 1;Jumeirah;TRUE;648;6977;29,42;42;103;22;37;01.04;02.09
2022-10;Jumeirah 1;Jumeirah;TRUE;636;6848;30,13;41;160;63;48;04.04;05.09
2022-11;Jumeirah 1;Jumeirah;TRUE;677;7284;30,25;44;41;28;32;04.04;05.09
2022-12;Jumeirah 1;Jumeirah;TRUE;656;7066;30,42;43;178;46;101;04.04;05.09
2023-01;Jumeirah 1;Jumeirah;TRUE;690;7429;31,33;45;45;31;88;04.04;05.09
2023-02;Jumeirah 1;Jumeirah;TRUE;694;7466;32,38;45;97;17;86;04.04;05.09
2023-03;Jumeirah 1;Jumeirah;TRUE;701;7547;31,79;46;61;74;41;04.04;05.09
2023-04;Jumeirah 1;Jumeirah;TRUE;733;7885;33,08;48;21;60;30;04.04;05.09
2023-05;Jumeirah 1;Jumeirah;TRUE;744;8013;35,17;48;80;68;115;04.04;05.09
2023-06;Jumeirah 1;Jumeirah;TRUE;782;8422;36,42;51;54;21;87;04.04;05.09
2023-07;Jumeirah 1;Jumeirah;TRUE;751;8087;36,08;49;94;40;45;05.04;06.09
2023-08;Jumeirah 1;Jumeirah;TRUE;783;8429;35,63;51;40;12;20;05.04;06.09
2023-09;Jumeirah 1;Jumeirah;TRUE;794;8547;36,29;52;31;16;115;05.04;06.09
2023-10;Jumeirah 1;Jumeirah;TRUE;794;8550;35,75;52;57;49;70;05.04;06.09
2023-11;Jumeirah 1;Jumeirah;TRUE;803;8642;36,00;52;19;37;30;05.04;06.09
2023-12;Jumeirah 1;Jumeirah;TRUE;783;8427;36,04;51;137;66;41;05.04;06.09
2024-01;Jumeirah 1;Jumeirah;TRUE;772;8310;35,88;50;48;79;52;05.04;06.09
2024-02;Jumeirah 1;Jumeirah;TRUE;793;8535;37,46;52;45;18;92;05.04;06.09
2024-03;Jumeirah 1;Jumeirah;TRUE;786;8457;35,29;51;149;72;27;05.04;06.09
2024-04;Jumeirah 1;Jumeirah;TRUE;775;8342;35,25;50;33;14;44;05.04;06.09
2024-05;Jumeirah 1;Jumeirah;TRUE;790;8505;35,71;51;155;33;48;05.04;06.09
2024-06;Jumeirah 1;Jumeirah;TRUE;765;8239;34,96;50;22;7;104;05.04;06.09
2024-07;Jumeirah 1;Jumeirah;TRUE;766;8248;35,54;50;44;15;39;0,211805556;06.15
2024-08;Jumeirah 1;Jumeirah;TRUE;821;8836;37,46;53;151;75;54;0,211805556;06.15
2024-09;Jumeirah 1;Jumeirah;TRUE;781;8405;37,42;51;45;24;39;0,211805556;06.15
2024-10;Jumeirah 1;Jumeirah;TRUE;814;8759;37,58;53;153;30;49;0,211805556;06.15
2024-11;Jumeirah 1;Jumeirah;TRUE;768;8263;34,88;50;178;26;43;0,211805556;06.15
2024-12;Jumeirah 1;Jumeirah;TRUE;759;8172;34,67;49;53;76;110;0,211805556;06.15
2025-01;Jumeirah 1;Jumeirah;TRUE;754;8116;35,50;49;78;5;63;0,211805556;06.15
2025-02;Jumeirah 1;Jumeirah;TRUE;803;8644;37,00;52;66;60;62;0,211805556;06.15
2025-03;Jumeirah 1;Jumeirah;TRUE;801;8626;38,17;52;45;36;108;0,211805556;06.15
2025-04;Jumeirah 1;Jumeirah;TRUE;794;8543;35,00;52;18;29;35;0,211805556;06.15
2025-05;Jumeirah 1;Jumeirah;TRUE;745;8021;35,58;48;140;28;105;0,211805556;06.15
2025-06;Jumeirah 1;Jumeirah;TRUE;772;8311;35,79;50;65;62;49;0,211805556;06.15
2025-07;Jumeirah 1;Jumeirah;TRUE;769;8272;35,50;50;76;45;94;04.00;05.05
2025-08;Jumeirah 1;Jumeirah;TRUE;791;8514;35,88;51;73;17;78;04.00;05.05
2025-09;Jumeirah 1;Jumeirah;TRUE;797;8577;37,21;52;29;15;10;04.00;05.05
2025-10;Jumeirah 1;Jumeirah;TRUE;748;8046;35,00;49;97;51;85;04.00;05.05
2025-11;Jumeirah 1;Jumeirah;TRUE;755;8121;34,50;49;45;37;57;04.00;05.05
2025-12;Jumeirah 1;Jumeirah;TRUE;807;8690;36,88;52;83;58;41;04.00;05.05
2026-01;Jumeirah 1;Jumeirah;TRUE;776;8356;36,46;50;145;37;101;04.00;05.05
2026-02;Jumeirah 1;Jumeirah;TRUE;792;8523;36,17;51;50;79;50;04.00;05.05
2026-03;Jumeirah 1;Jumeirah;TRUE;741;7980;35,00;48;41;39;78;04.00;05.05
2026-04;Jumeirah 1;Jumeirah;TRUE;793;8536;36,50;52;98;71;10;04.00;05.05
2020-01;Jumeirah 2;Jumeirah;TRUE;455;4898;20,71;30;17;78;104;01.05;03.00
2020-02;Jumeirah 2;Jumeirah;TRUE;472;5083;20,96;31;36;69;14;01.05;03.00
2020-03;Jumeirah 2;Jumeirah;TRUE;457;4924;21,50;30;172;75;112;01.05;03.00
2020-04;Jumeirah 2;Jumeirah;TRUE;484;5207;21,58;31;39;46;61;00.04;01.09
2020-05;Jumeirah 2;Jumeirah;TRUE;443;4768;19,79;29;95;60;12;00.04;01.09
2020-06;Jumeirah 2;Jumeirah;TRUE;467;5028;21,83;30;115;62;92;00.04;01.09
2020-07;Jumeirah 2;Jumeirah;TRUE;447;4806;20,67;29;148;37;110;00.04;01.09
2020-08;Jumeirah 2;Jumeirah;TRUE;451;4859;19,83;29;91;32;100;00.04;01.09
2020-09;Jumeirah 2;Jumeirah;TRUE;416;4476;19,71;27;173;29;26;00.04;01.09
2020-10;Jumeirah 2;Jumeirah;TRUE;430;4627;19,33;28;39;42;41;00.04;01.09
2020-11;Jumeirah 2;Jumeirah;TRUE;448;4818;20,79;29;84;77;99;00.04;01.09
2020-12;Jumeirah 2;Jumeirah;TRUE;458;4932;21,17;30;18;6;10;00.04;01.09
2021-01;Jumeirah 2;Jumeirah;TRUE;458;4935;20,63;30;44;35;90;00.04;01.09
2021-02;Jumeirah 2;Jumeirah;TRUE;455;4895;20,92;30;125;49;58;00.04;01.09
2021-03;Jumeirah 2;Jumeirah;TRUE;496;5337;22,33;32;77;41;38;00.04;01.09
2021-04;Jumeirah 2;Jumeirah;TRUE;484;5212;23,54;31;89;29;48;00.04;01.09
2021-05;Jumeirah 2;Jumeirah;TRUE;477;5129;21,29;31;40;7;61;00.04;01.09
2021-06;Jumeirah 2;Jumeirah;TRUE;512;5508;23,29;33;138;79;39;00.04;01.09
2021-07;Jumeirah 2;Jumeirah;TRUE;499;5373;23,17;32;172;39;25;00.04;01.09
2021-08;Jumeirah 2;Jumeirah;TRUE;503;5413;23,63;33;177;66;34;00.04;01.09
2021-09;Jumeirah 2;Jumeirah;TRUE;508;5470;23,38;33;47;41;20;00.04;01.09
2021-10;Jumeirah 2;Jumeirah;TRUE;539;5806;24,88;35;43;74;64;00.04;01.09
2021-11;Jumeirah 2;Jumeirah;TRUE;551;5928;25,92;36;63;70;12;00.04;01.09
2021-12;Jumeirah 2;Jumeirah;TRUE;582;6266;27,88;38;164;62;50;00.04;01.09
2022-01;Jumeirah 2;Jumeirah;TRUE;563;6065;24,29;37;127;63;110;00.04;01.09
2022-02;Jumeirah 2;Jumeirah;TRUE;596;6416;28,04;39;83;6;70;00.04;01.09
2022-03;Jumeirah 2;Jumeirah;TRUE;600;6462;27,21;39;93;64;52;00.04;01.09
2022-04;Jumeirah 2;Jumeirah;TRUE;609;6557;28,13;40;52;9;36;01.04;02.09
2022-05;Jumeirah 2;Jumeirah;TRUE;619;6658;28,08;40;79;24;51;01.04;02.09
2022-06;Jumeirah 2;Jumeirah;TRUE;638;6868;28,00;41;59;44;63;01.04;02.09
2022-07;Jumeirah 2;Jumeirah;TRUE;634;6823;29,08;41;172;77;31;01.04;02.09
2022-08;Jumeirah 2;Jumeirah;TRUE;665;7159;31,29;43;140;7;50;01.04;02.09
2022-09;Jumeirah 2;Jumeirah;TRUE;678;7303;30,96;44;37;29;110;01.04;02.09
2022-10;Jumeirah 2;Jumeirah;TRUE;689;7411;31,38;45;95;60;26;04.04;05.09
2022-11;Jumeirah 2;Jumeirah;TRUE;700;7531;32,38;45;16;15;96;04.04;05.09
2022-12;Jumeirah 2;Jumeirah;TRUE;735;7906;32,25;48;39;57;55;04.04;05.09
2023-01;Jumeirah 2;Jumeirah;TRUE;751;8085;34,33;49;79;28;92;04.04;05.09
2023-02;Jumeirah 2;Jumeirah;TRUE;736;7920;34,79;48;138;35;113;04.04;05.09
2023-03;Jumeirah 2;Jumeirah;TRUE;759;8174;35,63;49;94;40;106;04.04;05.09
2023-04;Jumeirah 2;Jumeirah;TRUE;748;8053;32,17;49;57;46;113;04.04;05.09
2023-05;Jumeirah 2;Jumeirah;TRUE;731;7869;33,29;48;80;5;29;04.04;05.09
2023-06;Jumeirah 2;Jumeirah;TRUE;819;8818;38,33;53;106;65;70;04.04;05.09
2023-07;Jumeirah 2;Jumeirah;TRUE;803;8643;36,63;52;78;41;59;05.04;06.09
2023-08;Jumeirah 2;Jumeirah;TRUE;817;8792;37,13;53;177;37;24;05.04;06.09
2023-09;Jumeirah 2;Jumeirah;TRUE;819;8821;38,75;53;95;50;53;05.04;06.09
2023-10;Jumeirah 2;Jumeirah;TRUE;822;8848;38,38;53;52;78;116;05.04;06.09
2023-11;Jumeirah 2;Jumeirah;TRUE;804;8657;34,50;52;36;60;45;05.04;06.09
2023-12;Jumeirah 2;Jumeirah;TRUE;880;9474;39,46;57;147;38;72;05.04;06.09
2024-01;Jumeirah 2;Jumeirah;TRUE;854;9195;39,79;56;29;26;66;05.04;06.09
2024-02;Jumeirah 2;Jumeirah;TRUE;815;8767;36,58;53;125;20;88;05.04;06.09
2024-03;Jumeirah 2;Jumeirah;TRUE;811;8726;38,08;53;86;10;64;05.04;06.09
2024-04;Jumeirah 2;Jumeirah;TRUE;831;8950;39,25;54;176;12;63;05.04;06.09
2024-05;Jumeirah 2;Jumeirah;TRUE;805;8663;37,08;52;39;48;92;05.04;06.09
2024-06;Jumeirah 2;Jumeirah;TRUE;788;8480;36,29;51;60;42;113;05.04;06.09
2024-07;Jumeirah 2;Jumeirah;TRUE;792;8524;36,79;51;152;75;69;0,211805556;06.15
2024-08;Jumeirah 2;Jumeirah;TRUE;820;8824;37,00;53;152;72;99;0,211805556;06.15
2024-09;Jumeirah 2;Jumeirah;TRUE;812;8745;37,63;53;17;23;20;0,211805556;06.15
2024-10;Jumeirah 2;Jumeirah;TRUE;827;8900;39,29;54;123;33;31;0,211805556;06.15
2024-11;Jumeirah 2;Jumeirah;TRUE;781;8405;37,21;51;120;33;101;0,211805556;06.15
2024-12;Jumeirah 2;Jumeirah;TRUE;806;8679;37,63;52;129;27;26;0,211805556;06.15
2025-01;Jumeirah 2;Jumeirah;TRUE;815;8775;38,04;53;165;70;39;0,211805556;06.15
2025-02;Jumeirah 2;Jumeirah;TRUE;816;8788;35,96;53;66;16;103;0,211805556;06.15
2025-03;Jumeirah 2;Jumeirah;TRUE;815;8774;38,79;53;155;37;67;0,211805556;06.15
2025-04;Jumeirah 2;Jumeirah;TRUE;797;8584;34,38;52;68;5;36;0,211805556;06.15
2025-05;Jumeirah 2;Jumeirah;TRUE;790;8505;36,83;51;138;58;30;0,211805556;06.15
2025-06;Jumeirah 2;Jumeirah;TRUE;800;8614;37,33;52;95;66;108;0,211805556;06.15
2025-07;Jumeirah 2;Jumeirah;TRUE;784;8434;35,88;51;105;43;80;04.00;05.05
2025-08;Jumeirah 2;Jumeirah;TRUE;777;8361;33,96;50;90;29;48;04.00;05.05
2025-09;Jumeirah 2;Jumeirah;TRUE;774;8332;35,21;50;115;51;10;04.00;05.05
2025-10;Jumeirah 2;Jumeirah;TRUE;811;8727;38,13;53;135;52;57;04.00;05.05
2025-11;Jumeirah 2;Jumeirah;TRUE;823;8862;36,17;54;105;63;36;04.00;05.05
2025-12;Jumeirah 2;Jumeirah;TRUE;824;8875;37,33;54;130;45;91;04.00;05.05
2026-01;Jumeirah 2;Jumeirah;TRUE;819;8817;37,54;53;32;66;35;04.00;05.05
2026-02;Jumeirah 2;Jumeirah;TRUE;850;9153;40,42;55;65;69;108;04.00;05.05
2026-03;Jumeirah 2;Jumeirah;TRUE;761;8193;34,29;49;125;43;40;04.00;05.05
2026-04;Jumeirah 2;Jumeirah;TRUE;811;8726;37,25;53;139;63;94;04.00;05.05
2020-01;Jumeirah 3;Jumeirah;TRUE;464;4996;21,00;30;126;72;61;01.05;03.00
2020-02;Jumeirah 3;Jumeirah;TRUE;471;5067;21,42;31;111;69;106;01.05;03.00
2020-03;Jumeirah 3;Jumeirah;TRUE;473;5088;22,00;31;86;46;57;01.05;03.00
2020-04;Jumeirah 3;Jumeirah;TRUE;456;4904;20,54;30;175;41;42;00.04;01.09
2020-05;Jumeirah 3;Jumeirah;TRUE;459;4944;21,21;30;33;6;78;00.04;01.09
2020-06;Jumeirah 3;Jumeirah;TRUE;441;4742;19,96;29;142;32;21;00.04;01.09
2020-07;Jumeirah 3;Jumeirah;TRUE;453;4872;20,13;29;129;12;87;00.04;01.09
2020-08;Jumeirah 3;Jumeirah;TRUE;453;4875;21,04;29;20;67;43;00.04;01.09
2020-09;Jumeirah 3;Jumeirah;TRUE;461;4966;21,88;30;140;54;56;00.04;01.09
2020-10;Jumeirah 3;Jumeirah;TRUE;447;4808;19,96;29;103;69;88;00.04;01.09
2020-11;Jumeirah 3;Jumeirah;TRUE;473;5094;22,08;31;76;77;117;00.04;01.09
2020-12;Jumeirah 3;Jumeirah;TRUE;435;4687;20,00;28;109;29;37;00.04;01.09
2021-01;Jumeirah 3;Jumeirah;TRUE;451;4857;20,21;29;136;59;113;00.04;01.09
2021-02;Jumeirah 3;Jumeirah;TRUE;477;5137;21,46;31;50;60;32;00.04;01.09
2021-03;Jumeirah 3;Jumeirah;TRUE;498;5357;23,04;32;149;32;82;00.04;01.09
2021-04;Jumeirah 3;Jumeirah;TRUE;479;5159;20,88;31;140;72;38;00.04;01.09
2021-05;Jumeirah 3;Jumeirah;TRUE;476;5126;22,58;31;90;37;28;00.04;01.09
2021-06;Jumeirah 3;Jumeirah;TRUE;486;5228;23,29;32;65;10;10;00.04;01.09
2021-07;Jumeirah 3;Jumeirah;TRUE;501;5393;22,46;33;179;77;17;00.04;01.09
2021-08;Jumeirah 3;Jumeirah;TRUE;522;5624;24,17;34;35;26;78;00.04;01.09
2021-09;Jumeirah 3;Jumeirah;TRUE;520;5592;25,50;34;79;76;36;00.04;01.09
2021-10;Jumeirah 3;Jumeirah;TRUE;541;5827;24,92;35;120;78;67;00.04;01.09
2021-11;Jumeirah 3;Jumeirah;TRUE;534;5743;25,13;35;73;77;114;00.04;01.09
2021-12;Jumeirah 3;Jumeirah;TRUE;589;6336;26,54;38;134;32;58;00.04;01.09
2022-01;Jumeirah 3;Jumeirah;TRUE;586;6312;25,96;38;55;7;39;00.04;01.09
2022-02;Jumeirah 3;Jumeirah;TRUE;599;6449;27,00;39;86;78;58;00.04;01.09
2022-03;Jumeirah 3;Jumeirah;TRUE;608;6541;28,42;39;17;14;39;00.04;01.09
2022-04;Jumeirah 3;Jumeirah;TRUE;654;7039;30,29;43;103;46;70;01.04;02.09
2022-05;Jumeirah 3;Jumeirah;TRUE;621;6684;27,71;40;81;23;95;01.04;02.09
2022-06;Jumeirah 3;Jumeirah;TRUE;655;7052;29,08;43;76;72;16;01.04;02.09
2022-07;Jumeirah 3;Jumeirah;TRUE;689;7411;32,54;45;61;36;49;01.04;02.09
2022-08;Jumeirah 3;Jumeirah;TRUE;694;7472;31,88;45;71;16;59;01.04;02.09
2022-09;Jumeirah 3;Jumeirah;TRUE;649;6989;29,63;42;75;28;55;01.04;02.09
2022-10;Jumeirah 3;Jumeirah;TRUE;712;7668;32,21;46;159;74;65;04.04;05.09
2022-11;Jumeirah 3;Jumeirah;TRUE;728;7839;33,21;47;63;74;28;04.04;05.09
2022-12;Jumeirah 3;Jumeirah;TRUE;723;7777;33,25;47;111;49;42;04.04;05.09
2023-01;Jumeirah 3;Jumeirah;TRUE;735;7911;34,33;48;172;8;10;04.04;05.09
2023-02;Jumeirah 3;Jumeirah;TRUE;715;7695;32,83;46;53;75;84;04.04;05.09
2023-03;Jumeirah 3;Jumeirah;TRUE;743;7999;36,21;48;104;54;68;04.04;05.09
2023-04;Jumeirah 3;Jumeirah;TRUE;786;8459;37,88;51;28;76;85;04.04;05.09
2023-05;Jumeirah 3;Jumeirah;TRUE;810;8717;35,96;53;131;72;81;04.04;05.09
2023-06;Jumeirah 3;Jumeirah;TRUE;776;8351;36,17;50;157;40;115;04.04;05.09
2023-07;Jumeirah 3;Jumeirah;TRUE;782;8419;36,38;51;71;55;27;05.04;06.09
2023-08;Jumeirah 3;Jumeirah;TRUE;834;8977;39,00;54;143;45;118;05.04;06.09
2023-09;Jumeirah 3;Jumeirah;TRUE;840;9042;37,88;55;31;62;105;05.04;06.09
2023-10;Jumeirah 3;Jumeirah;TRUE;831;8943;38,96;54;32;24;111;05.04;06.09
2023-11;Jumeirah 3;Jumeirah;TRUE;840;9041;39,38;55;171;16;32;05.04;06.09
2023-12;Jumeirah 3;Jumeirah;TRUE;842;9062;38,71;55;102;79;88;05.04;06.09
2024-01;Jumeirah 3;Jumeirah;TRUE;840;9043;36,96;55;47;71;69;05.04;06.09
2024-02;Jumeirah 3;Jumeirah;TRUE;837;9015;39,13;54;124;65;108;05.04;06.09
2024-03;Jumeirah 3;Jumeirah;TRUE;858;9234;40,88;56;18;64;98;05.04;06.09
2024-04;Jumeirah 3;Jumeirah;TRUE;833;8963;38,71;54;137;57;50;05.04;06.09
2024-05;Jumeirah 3;Jumeirah;TRUE;840;9046;38,08;55;106;13;60;05.04;06.09
2024-06;Jumeirah 3;Jumeirah;TRUE;811;8730;38,42;53;64;41;63;05.04;06.09
2024-07;Jumeirah 3;Jumeirah;TRUE;843;9078;38,42;55;145;53;32;0,211805556;06.15
2024-08;Jumeirah 3;Jumeirah;TRUE;818;8808;38,38;53;36;21;23;0,211805556;06.15
2024-09;Jumeirah 3;Jumeirah;TRUE;838;9021;40,21;54;105;51;73;0,211805556;06.15
2024-10;Jumeirah 3;Jumeirah;TRUE;822;8850;37,04;53;169;60;82;0,211805556;06.15
2024-11;Jumeirah 3;Jumeirah;TRUE;801;8618;38,63;52;38;33;65;0,211805556;06.15
2024-12;Jumeirah 3;Jumeirah;TRUE;829;8923;38,33;54;114;8;11;0,211805556;06.15
2025-01;Jumeirah 3;Jumeirah;TRUE;853;9180;39,42;55;110;61;36;0,211805556;06.15
2025-02;Jumeirah 3;Jumeirah;TRUE;811;8725;36,25;53;61;69;20;0,211805556;06.15
2025-03;Jumeirah 3;Jumeirah;TRUE;817;8794;37,75;53;43;46;28;0,211805556;06.15
2025-04;Jumeirah 3;Jumeirah;TRUE;795;8554;38,54;52;23;58;97;0,211805556;06.15
2025-05;Jumeirah 3;Jumeirah;TRUE;792;8527;37,63;51;90;23;32;0,211805556;06.15
2025-06;Jumeirah 3;Jumeirah;TRUE;781;8411;35,63;51;72;31;36;0,211805556;06.15
2025-07;Jumeirah 3;Jumeirah;TRUE;836;9003;38,04;54;56;38;38;04.00;05.05
2025-08;Jumeirah 3;Jumeirah;TRUE;780;8393;34,50;51;54;27;43;04.00;05.05
2025-09;Jumeirah 3;Jumeirah;TRUE;841;9055;38,71;55;102;26;105;04.00;05.05
2025-10;Jumeirah 3;Jumeirah;TRUE;818;8804;39,63;53;157;21;113;04.00;05.05
2025-11;Jumeirah 3;Jumeirah;TRUE;802;8630;34,96;52;74;60;80;04.00;05.05
2025-12;Jumeirah 3;Jumeirah;TRUE;813;8748;37,13;53;123;13;61;04.00;05.05
2026-01;Jumeirah 3;Jumeirah;TRUE;832;8959;38,00;54;147;21;12;04.00;05.05
2026-02;Jumeirah 3;Jumeirah;TRUE;823;8854;37,83;53;160;77;83;04.00;05.05
2026-03;Jumeirah 3;Jumeirah;TRUE;816;8779;37,17;53;139;9;13;04.00;05.05
2026-04;Jumeirah 3;Jumeirah;TRUE;846;9106;38,08;55;122;10;107;04.00;05.05
